timestamp,rtu_id,bus_number,voltage_magnitude,voltage_angle,frequency,active_power,reactive_power,status,voltage_deviation,frequency_deviation,voltage_in_normal_range,frequency_in_normal_range,attack,attack_type,attack_severity,voltage_offset,frequency_offset,datetime
1759804163.7983968,RTU1,3,0.941,0.064,50.44,-165.1,-67.1,GOOD,0.0589,0.4367,0,1,1,Status Spoofing,low,-0.059,0.44,2025-10-07 02:29:23.798396826
1759804163.78441,RTU4,2,0.835,-0.006,49.96,385.6,135.8,INVALID,0.1646,0.0416,0,1,1,Voltage Attack,low,-0.165,0.0,2025-10-07 02:29:23.784410000
1759804163.8050005,RTU1,7,1.07,-0.076,49.07,197.3,9.1,SUSPECT,0.0704,0.9346,0,0,1,Measurement Noise,high,0.07,-0.93,2025-10-07 02:29:23.805000544
1759804163.7987485,RTU1,9,0.906,0.074,49.18,196.4,52.7,GOOD,0.0942,0.818,0,0,1,Status Spoofing,medium,-0.094,-0.82,2025-10-07 02:29:23.798748493
1759804163.7909918,RTU1,4,1.324,0.094,47.09,-331.1,-52.5,INVALID,0.3243,2.9074,0,0,1,Combined Attack,high,0.324,-2.91,2025-10-07 02:29:23.790991783
1759804163.7786899,RTU1,1,0.987,0.025,49.97,279.3,83.3,GOOD,0.0134,0.026,1,1,0,None,none,,,2025-10-07 02:29:23.778689861
1759804163.7820632,RTU1,2,0.908,-0.048,49.93,91.9,30.0,GOOD,0.0924,0.0707,0,1,1,Voltage Attack,low,-0.092,0.0,2025-10-07 02:29:23.782063246
1759804163.7938907,RTU4,8,1.074,-0.055,48.44,410.1,158.1,INVALID,0.0739,1.5588,0,0,1,Combined Attack,low,0.074,-1.56,2025-10-07 02:29:23.793890715
1759804163.7994113,RTU1,8,1.103,-0.057,49.36,-350.7,-193.0,GOOD,0.1025,0.6396,0,0,1,Status Spoofing,high,0.103,-0.64,2025-10-07 02:29:23.799411297
1759804163.7826574,RTU4,4,0.848,-0.056,49.89,110.1,24.8,GOOD,0.1517,0.1087,0,1,1,Voltage Attack,low,-0.152,0.0,2025-10-07 02:29:23.782657385
1759804163.799239,RTU1,2,1.062,0.066,49.51,-257.9,-110.2,GOOD,0.0618,0.4928,0,1,1,Status Spoofing,low,0.062,-0.49,2025-10-07 02:29:23.799238920
1759804163.7841508,RTU1,3,0.833,0.06,50.17,330.8,195.3,GOOD,0.1674,0.175,0,1,1,Voltage Attack,medium,-0.167,0.0,2025-10-07 02:29:23.784150839
1759804163.7843604,RTU1,2,1.236,-0.016,50.13,-115.4,-6.2,SUSPECT,0.2356,0.1255,0,1,1,Voltage Attack,medium,0.236,0.0,2025-10-07 02:29:23.784360409
1759804163.7878098,RTU1,8,1.015,0.039,52.46,-126.3,-57.2,SUSPECT,0.0153,2.4596,1,0,1,Frequency Attack,high,0.0,2.46,2025-10-07 02:29:23.787809849
1759804163.7966099,RTU2,9,0.814,-0.004,51.21,-332.5,-60.3,INVALID,0.1856,1.2085,0,0,1,Combined Attack,low,-0.186,1.21,2025-10-07 02:29:23.796609879
1759804163.8024845,RTU3,2,1.033,-0.056,50.11,37.8,153.0,GOOD,0.0331,0.1051,1,1,1,Measurement Noise,low,0.033,0.11,2025-10-07 02:29:23.802484512
1759804163.7840652,RTU3,1,1.151,0.021,49.85,304.8,123.0,GOOD,0.1508,0.1504,0,1,1,Voltage Attack,high,0.151,0.0,2025-10-07 02:29:23.784065247
1759804163.8059266,RTU3,1,0.931,0.049,50.31,-413.1,-121.7,GOOD,0.0695,0.3052,0,1,1,Measurement Noise,high,-0.069,0.31,2025-10-07 02:29:23.805926561
1759804163.7989988,RTU1,1,0.919,-0.033,50.41,-150.2,-132.3,GOOD,0.081,0.4098,0,1,1,Status Spoofing,low,-0.081,0.41,2025-10-07 02:29:23.798998833
1759804163.7949867,RTU2,4,1.219,-0.077,47.95,-385.8,-94.5,SUSPECT,0.219,2.0498,0,0,1,Combined Attack,medium,0.219,-2.05,2025-10-07 02:29:23.794986725
1759804163.7869213,RTU4,7,0.993,-0.065,52.51,111.1,8.4,SUSPECT,0.007,2.5148,1,0,1,Frequency Attack,medium,0.0,2.51,2025-10-07 02:29:23.786921263
1759804163.7874405,RTU4,7,1.004,0.055,48.06,100.3,163.0,GOOD,0.0041,1.9403,1,0,1,Frequency Attack,high,0.0,-1.94,2025-10-07 02:29:23.787440538
1759804163.7780807,RTU3,10,1.003,0.095,49.96,-199.9,-36.0,GOOD,0.0034,0.0438,1,1,0,None,none,,,2025-10-07 02:29:23.778080702
1759804163.774967,RTU2,2,0.984,0.092,49.92,-299.4,-131.5,GOOD,0.0158,0.0788,1,1,0,None,none,,,2025-10-07 02:29:23.774966955
1759804163.7748747,RTU2,6,1.02,-0.064,49.91,-210.9,-82.5,GOOD,0.0204,0.0878,1,1,0,None,none,,,2025-10-07 02:29:23.774874687
1759804163.7982228,RTU2,7,1.063,0.083,49.35,-121.1,-183.3,GOOD,0.0631,0.6518,0,0,1,Status Spoofing,low,0.063,-0.65,2025-10-07 02:29:23.798222780
1759804163.775428,RTU2,4,1.005,-0.068,50.04,382.8,81.3,GOOD,0.0046,0.0405,1,1,0,None,none,,,2025-10-07 02:29:23.775428057
1759804163.782359,RTU3,1,1.316,0.008,50.03,251.2,40.9,GOOD,0.3161,0.0275,0,1,1,Voltage Attack,high,0.316,0.0,2025-10-07 02:29:23.782358885
1759804163.7746449,RTU3,5,1.002,0.065,49.96,-88.7,-86.4,GOOD,0.0021,0.0386,1,1,0,None,none,,,2025-10-07 02:29:23.774644852
1759804163.7798662,RTU3,2,0.748,-0.042,50.13,-346.0,-102.7,SUSPECT,0.2517,0.1251,0,1,1,Voltage Attack,high,-0.252,0.0,2025-10-07 02:29:23.779866219
1759804163.7756672,RTU1,10,1.012,0.06,49.98,232.0,54.2,GOOD,0.0121,0.0155,1,1,0,None,none,,,2025-10-07 02:29:23.775667191
1759804163.7808502,RTU3,10,0.816,-0.073,49.97,-324.4,-154.3,GOOD,0.184,0.0258,0,1,1,Voltage Attack,medium,-0.184,0.0,2025-10-07 02:29:23.780850172
1759804163.7780411,RTU3,10,1.004,0.02,49.89,162.7,134.0,GOOD,0.004,0.1126,1,1,0,None,none,,,2025-10-07 02:29:23.778041124
1759804163.7866304,RTU2,6,1.013,0.018,50.73,-62.4,-84.3,GOOD,0.013,0.7336,1,0,1,Frequency Attack,high,0.0,0.73,2025-10-07 02:29:23.786630392
1759804163.7837706,RTU4,8,0.794,-0.061,50.08,-227.7,-79.0,GOOD,0.206,0.0761,0,1,1,Voltage Attack,low,-0.206,0.0,2025-10-07 02:29:23.783770561
1759804163.7983835,RTU1,9,0.915,-0.062,50.85,98.2,182.8,GOOD,0.0852,0.8542,0,0,1,Status Spoofing,medium,-0.085,0.85,2025-10-07 02:29:23.798383474
1759804163.7962635,RTU3,3,0.902,0.023,50.6,-246.9,-2.5,SUSPECT,0.0977,0.6032,0,0,1,Combined Attack,low,-0.098,0.6,2025-10-07 02:29:23.796263456
1759804163.7980318,RTU4,5,1.072,0.067,51.24,157.1,194.5,GOOD,0.0717,1.2384,0,0,1,Status Spoofing,high,0.072,1.24,2025-10-07 02:29:23.798031807
1759804163.7813258,RTU4,9,0.732,0.038,50.07,-107.7,-76.7,INVALID,0.2685,0.0699,0,1,1,Voltage Attack,high,-0.268,0.0,2025-10-07 02:29:23.781325817
1759804163.7870715,RTU3,4,1.007,-0.02,52.9,-219.8,-70.6,GOOD,0.0069,2.9018,1,0,1,Frequency Attack,high,0.0,2.9,2025-10-07 02:29:23.787071466
1759804163.7924674,RTU2,4,0.925,-0.092,48.29,472.2,93.5,INVALID,0.0752,1.7081,0,0,1,Combined Attack,high,-0.075,-1.71,2025-10-07 02:29:23.792467356
1759804163.7861607,RTU2,2,1.004,0.023,51.17,497.8,100.7,GOOD,0.0036,1.1732,1,0,1,Frequency Attack,medium,0.0,1.17,2025-10-07 02:29:23.786160707
1759804163.7973104,RTU3,4,1.083,0.077,49.44,495.1,50.4,GOOD,0.0834,0.5646,0,0,1,Status Spoofing,medium,0.083,-0.56,2025-10-07 02:29:23.797310352
1759804163.80653,RTU4,2,1.047,-0.146,49.89,161.9,222.4,GOOD,0.0474,0.1104,1,1,1,Measurement Noise,low,0.047,-0.11,2025-10-07 02:29:23.806529999
1759804163.7939837,RTU3,1,0.721,-0.067,48.74,-257.6,-96.1,SUSPECT,0.2785,1.2633,0,0,1,Combined Attack,medium,-0.279,-1.26,2025-10-07 02:29:23.793983698
1759804163.7753189,RTU2,3,0.997,0.029,50.27,-340.3,-171.1,GOOD,0.0028,0.2695,1,1,0,None,none,,,2025-10-07 02:29:23.775318861
1759804163.7953868,RTU4,4,0.801,-0.097,48.69,-356.4,-127.9,GOOD,0.1991,1.3072,0,0,1,Combined Attack,low,-0.199,-1.31,2025-10-07 02:29:23.795386791
1759804163.790446,RTU1,7,1.066,0.018,52.05,-101.1,-12.8,INVALID,0.0662,2.0459,0,0,1,Combined Attack,high,0.066,2.05,2025-10-07 02:29:23.790446043
1759804163.7988524,RTU3,8,1.072,-0.012,49.57,290.9,181.3,GOOD,0.0722,0.4315,0,1,1,Status Spoofing,high,0.072,-0.43,2025-10-07 02:29:23.798852444
1759804163.7766848,RTU4,5,0.986,-0.081,50.03,-217.2,-67.1,GOOD,0.0139,0.0262,1,1,0,None,none,,,2025-10-07 02:29:23.776684761
1759804163.792334,RTU4,4,0.72,-0.029,47.42,392.3,99.6,SUSPECT,0.2799,2.5833,0,0,1,Combined Attack,medium,-0.28,-2.58,2025-10-07 02:29:23.792334080
1759804163.7910352,RTU3,5,0.847,0.068,52.48,247.2,74.4,SUSPECT,0.1525,2.4822,0,0,1,Combined Attack,medium,-0.153,2.48,2025-10-07 02:29:23.791035175
1759804163.7747445,RTU4,5,1.013,-0.056,49.83,-171.5,-138.3,GOOD,0.0127,0.1718,1,1,0,None,none,,,2025-10-07 02:29:23.774744511
1759804163.8005948,RTU3,7,1.066,-0.024,50.62,355.7,24.3,GOOD,0.0655,0.6212,0,0,1,Status Spoofing,medium,0.066,0.62,2025-10-07 02:29:23.800594807
1759804163.8008015,RTU1,6,1.085,0.045,50.79,-274.0,-56.5,GOOD,0.0848,0.7929,0,0,1,Status Spoofing,medium,0.085,0.79,2025-10-07 02:29:23.800801516
1759804163.797163,RTU3,1,0.935,-0.027,50.5,-159.9,-159.4,GOOD,0.0651,0.5002,0,0,1,Status Spoofing,low,-0.065,0.5,2025-10-07 02:29:23.797163010
1759804163.7935789,RTU2,5,1.125,0.073,49.0,316.8,108.2,SUSPECT,0.1246,1.003,0,0,1,Combined Attack,low,0.125,-1.0,2025-10-07 02:29:23.793578863
1759804163.782482,RTU2,7,0.882,-0.077,50.13,64.1,107.2,GOOD,0.1182,0.132,0,1,1,Voltage Attack,medium,-0.118,0.0,2025-10-07 02:29:23.782481909
1759804163.7890766,RTU3,3,1.014,-0.045,48.22,-386.3,-58.8,GOOD,0.0135,1.7807,1,0,1,Frequency Attack,medium,0.0,-1.78,2025-10-07 02:29:23.789076567
1759804163.7754722,RTU3,8,0.993,0.055,49.91,194.0,153.5,GOOD,0.0074,0.091,1,1,0,None,none,,,2025-10-07 02:29:23.775472164
1759804163.7871337,RTU4,5,1.006,0.046,48.31,229.3,117.4,GOOD,0.0065,1.6945,1,0,1,Frequency Attack,medium,0.0,-1.69,2025-10-07 02:29:23.787133694
1759804163.7994585,RTU3,5,0.948,0.082,49.4,-175.3,-54.7,GOOD,0.0517,0.602,0,0,1,Status Spoofing,high,-0.052,-0.6,2025-10-07 02:29:23.799458504
1759804163.7741983,RTU3,3,1.0,0.073,50.0,-71.7,-183.7,GOOD,0.0,0.0027,1,1,0,None,none,,,2025-10-07 02:29:23.774198294
1759804163.777086,RTU4,9,0.994,0.058,50.18,362.3,56.6,INVALID,0.006,0.1775,1,1,0,None,none,,,2025-10-07 02:29:23.777086020
1759804163.7768917,RTU2,1,0.994,-0.029,50.03,-371.6,-52.6,GOOD,0.0059,0.0287,1,1,0,None,none,,,2025-10-07 02:29:23.776891708
1759804163.776793,RTU3,1,1.007,-0.062,50.0,-142.7,-38.3,GOOD,0.0071,0.0031,1,1,0,None,none,,,2025-10-07 02:29:23.776793003
1759804163.7828455,RTU4,7,0.812,-0.076,49.92,264.6,39.5,GOOD,0.1875,0.077,0,1,1,Voltage Attack,high,-0.188,0.0,2025-10-07 02:29:23.782845497
1759804163.7933302,RTU1,8,1.169,0.081,48.16,-355.6,-44.3,INVALID,0.1685,1.8416,0,0,1,Combined Attack,high,0.169,-1.84,2025-10-07 02:29:23.793330193
1759804163.8046427,RTU1,6,1.102,-0.067,49.89,113.5,27.5,GOOD,0.102,0.1144,0,1,1,Measurement Noise,high,0.102,-0.11,2025-10-07 02:29:23.804642677
1759804163.8037899,RTU1,5,0.982,0.078,49.68,438.8,175.8,GOOD,0.0177,0.3203,1,1,1,Measurement Noise,low,-0.018,-0.32,2025-10-07 02:29:23.803789854
1759804163.7781632,RTU2,8,1.005,-0.05,49.99,57.5,29.4,GOOD,0.0047,0.0131,1,1,0,None,none,,,2025-10-07 02:29:23.778163195
1759804163.7826326,RTU1,3,0.937,-0.057,50.09,-76.7,-129.4,SUSPECT,0.0633,0.0908,0,1,1,Voltage Attack,low,-0.063,0.0,2025-10-07 02:29:23.782632589
1759804163.7758884,RTU4,8,1.018,0.027,49.99,90.9,132.0,GOOD,0.0183,0.0131,1,1,0,None,none,,,2025-10-07 02:29:23.775888443
1759804163.7781034,RTU2,4,1.005,0.097,49.95,494.8,183.1,GOOD,0.0051,0.0541,1,1,0,None,none,,,2025-10-07 02:29:23.778103352
1759804163.7761242,RTU2,3,0.981,-0.068,50.1,65.0,96.2,GOOD,0.0188,0.1022,1,1,0,None,none,,,2025-10-07 02:29:23.776124239
1759804163.8044674,RTU2,9,0.987,-0.007,49.38,-341.8,-249.1,GOOD,0.0128,0.6219,1,0,1,Measurement Noise,high,-0.013,-0.62,2025-10-07 02:29:23.804467440
1759804163.7955098,RTU3,1,0.932,0.03,47.19,-93.3,-13.4,GOOD,0.068,2.8076,0,0,1,Combined Attack,high,-0.068,-2.81,2025-10-07 02:29:23.795509815
1759804163.7948747,RTU3,7,0.926,0.077,47.58,-152.2,-14.7,GOOD,0.0742,2.4238,0,0,1,Combined Attack,medium,-0.074,-2.42,2025-10-07 02:29:23.794874668
1759804163.7917635,RTU3,4,0.716,-0.073,52.11,-375.5,-108.3,GOOD,0.284,2.115,0,0,1,Combined Attack,high,-0.284,2.11,2025-10-07 02:29:23.791763544
1759804163.8061233,RTU3,1,1.031,-0.118,49.68,195.6,104.6,GOOD,0.0313,0.3239,1,1,1,Measurement Noise,medium,0.031,-0.32,2025-10-07 02:29:23.806123257
1759804163.782161,RTU3,7,1.074,-0.066,50.1,362.3,82.9,SUSPECT,0.0741,0.1026,0,1,1,Voltage Attack,high,0.074,0.0,2025-10-07 02:29:23.782160997
1759804163.7884958,RTU2,4,0.98,0.023,47.71,347.0,194.0,GOOD,0.0198,2.2929,1,0,1,Frequency Attack,high,0.0,-2.29,2025-10-07 02:29:23.788495779
1759804163.782645,RTU2,6,1.149,-0.048,49.85,262.1,35.5,GOOD,0.1488,0.1468,0,1,1,Voltage Attack,medium,0.149,0.0,2025-10-07 02:29:23.782644987
1759804163.7747664,RTU3,4,1.006,-0.032,49.93,-225.1,-109.1,GOOD,0.0058,0.0692,1,1,0,None,none,,,2025-10-07 02:29:23.774766445
1759804163.7861304,RTU3,4,1.002,-0.082,49.4,-346.7,-112.1,SUSPECT,0.0017,0.6022,1,0,1,Frequency Attack,low,0.0,-0.6,2025-10-07 02:29:23.786130428
1759804163.7814267,RTU3,1,0.78,0.005,49.97,67.8,108.3,SUSPECT,0.2198,0.0308,0,1,1,Voltage Attack,high,-0.22,0.0,2025-10-07 02:29:23.781426668
1759804163.8037133,RTU2,2,1.065,0.046,49.35,-242.8,-10.5,GOOD,0.0653,0.6548,0,0,1,Measurement Noise,high,0.065,-0.65,2025-10-07 02:29:23.803713322
1759804163.7812638,RTU3,4,1.15,0.072,50.04,-354.0,-20.0,GOOD,0.1496,0.036,0,1,1,Voltage Attack,medium,0.15,0.0,2025-10-07 02:29:23.781263828
1759804163.7883596,RTU2,1,0.991,0.041,48.29,393.1,39.0,SUSPECT,0.0093,1.7094,1,0,1,Frequency Attack,medium,0.0,-1.71,2025-10-07 02:29:23.788359642
1759804163.7780612,RTU2,10,1.005,0.012,50.15,-203.2,-35.2,GOOD,0.0046,0.1511,1,1,0,None,none,,,2025-10-07 02:29:23.778061152
1759804163.785277,RTU4,4,0.998,-0.083,48.5,-331.9,-60.8,GOOD,0.0022,1.5013,1,0,1,Frequency Attack,medium,0.0,-1.5,2025-10-07 02:29:23.785276890
1759804163.806326,RTU1,9,0.939,0.139,50.02,-416.7,48.1,GOOD,0.0605,0.0224,0,1,1,Measurement Noise,medium,-0.061,0.02,2025-10-07 02:29:23.806325912
1759804163.7804434,RTU2,4,1.154,-0.082,49.97,298.0,103.2,GOOD,0.1535,0.0326,0,1,1,Voltage Attack,low,0.154,0.0,2025-10-07 02:29:23.780443430
1759804163.8000884,RTU4,8,1.057,0.095,49.12,493.5,174.5,GOOD,0.0575,0.8781,0,0,1,Status Spoofing,medium,0.057,-0.88,2025-10-07 02:29:23.800088406
1759804163.7823713,RTU1,4,1.261,-0.043,49.91,119.1,122.8,GOOD,0.2614,0.0865,0,1,1,Voltage Attack,medium,0.261,0.0,2025-10-07 02:29:23.782371283
1759804163.7930381,RTU3,6,1.062,-0.097,49.4,-216.9,-170.5,GOOD,0.0617,0.6023,0,0,1,Combined Attack,low,0.062,-0.6,2025-10-07 02:29:23.793038130
1759804163.7991078,RTU2,10,0.909,-0.053,48.75,-206.8,-110.7,GOOD,0.0909,1.2469,0,0,1,Status Spoofing,high,-0.091,-1.25,2025-10-07 02:29:23.799107790
1759804163.780011,RTU2,4,1.236,0.099,49.69,359.3,36.3,GOOD,0.236,0.3136,0,1,1,Voltage Attack,high,0.236,0.0,2025-10-07 02:29:23.780010939
1759804163.781608,RTU3,4,0.791,-0.046,49.93,-378.0,-75.6,INVALID,0.2092,0.0735,0,1,1,Voltage Attack,high,-0.209,0.0,2025-10-07 02:29:23.781608105
1759804163.775154,RTU2,5,1.004,-0.028,49.98,-306.0,-16.7,GOOD,0.0044,0.0151,1,1,0,None,none,,,2025-10-07 02:29:23.775154114
1759804163.7863932,RTU2,10,1.003,-0.009,51.46,-161.4,-110.6,GOOD,0.003,1.4593,1,0,1,Frequency Attack,medium,0.0,1.46,2025-10-07 02:29:23.786393166
1759804163.7821488,RTU4,3,0.868,0.049,49.85,-70.4,-106.7,SUSPECT,0.1325,0.1466,0,1,1,Voltage Attack,medium,-0.132,0.0,2025-10-07 02:29:23.782148838
1759804163.7765899,RTU3,5,0.994,0.005,49.92,468.0,197.9,GOOD,0.0057,0.0842,1,1,0,None,none,,,2025-10-07 02:29:23.776589870
1759804163.7877727,RTU1,1,0.988,0.005,52.75,84.1,135.9,INVALID,0.0121,2.7517,1,0,1,Frequency Attack,high,0.0,2.75,2025-10-07 02:29:23.787772655
1759804163.8040464,RTU4,1,1.017,0.074,49.8,190.9,-27.0,GOOD,0.0172,0.2031,1,1,1,Measurement Noise,low,0.017,-0.2,2025-10-07 02:29:23.804046392
1759804163.7868009,RTU2,6,1.005,0.007,52.86,209.5,131.0,SUSPECT,0.0047,2.861,1,0,1,Frequency Attack,high,0.0,2.86,2025-10-07 02:29:23.786800861
1759804163.7787945,RTU1,2,0.992,-0.066,50.09,147.6,183.8,GOOD,0.008,0.0946,1,1,0,None,none,,,2025-10-07 02:29:23.778794527
1759804163.7898269,RTU3,1,0.863,-0.083,48.28,183.2,3.0,SUSPECT,0.1365,1.7152,0,0,1,Combined Attack,high,-0.137,-1.72,2025-10-07 02:29:23.789826870
1759804163.777109,RTU1,5,0.996,-0.085,49.95,230.8,89.2,GOOD,0.0044,0.0484,1,1,0,None,none,,,2025-10-07 02:29:23.777108908
1759804163.8050768,RTU1,10,1.047,0.091,49.8,485.4,160.6,INVALID,0.0467,0.1953,1,1,1,Measurement Noise,high,0.047,-0.2,2025-10-07 02:29:23.805076838
1759804163.8066099,RTU1,9,1.011,0.032,50.15,111.8,73.5,GOOD,0.0108,0.1491,1,1,1,Measurement Noise,low,0.011,0.15,2025-10-07 02:29:23.806609869
1759804163.785249,RTU1,3,1.003,0.063,47.59,-52.5,-134.0,GOOD,0.0028,2.4065,1,0,1,Frequency Attack,medium,0.0,-2.41,2025-10-07 02:29:23.785248995
1759804163.8008246,RTU3,1,0.932,0.046,50.78,-243.2,-153.0,GOOD,0.0677,0.7837,0,0,1,Status Spoofing,low,-0.068,0.78,2025-10-07 02:29:23.800824642
1759804163.787367,RTU4,1,1.006,-0.022,48.22,-353.4,-38.3,SUSPECT,0.0062,1.7753,1,0,1,Frequency Attack,low,0.0,-1.78,2025-10-07 02:29:23.787367105
1759804163.8047178,RTU1,6,1.015,-0.003,50.66,-437.5,-57.4,GOOD,0.0149,0.6635,1,0,1,Measurement Noise,high,0.015,0.66,2025-10-07 02:29:23.804717779
1759804163.7868962,RTU2,10,1.004,0.099,48.41,-321.8,-199.6,GOOD,0.0036,1.589,1,0,1,Frequency Attack,low,0.0,-1.59,2025-10-07 02:29:23.786896229
1759804163.7844594,RTU1,8,0.861,0.075,50.07,-200.0,-151.2,GOOD,0.1393,0.0654,0,1,1,Voltage Attack,low,-0.139,0.0,2025-10-07 02:29:23.784459352
1759804163.798806,RTU1,7,1.054,0.066,49.19,121.1,6.7,GOOD,0.0537,0.8143,0,0,1,Status Spoofing,low,0.054,-0.81,2025-10-07 02:29:23.798805952
1759804163.8039403,RTU3,2,0.991,-0.079,50.27,-53.9,-14.7,SUSPECT,0.0087,0.2719,1,1,1,Measurement Noise,low,-0.009,0.27,2025-10-07 02:29:23.803940296
1759804163.7762606,RTU4,2,0.998,0.022,49.96,-261.9,-128.2,GOOD,0.0018,0.0364,1,1,0,None,none,,,2025-10-07 02:29:23.776260614
1759804163.7908962,RTU4,4,1.188,0.076,52.44,-339.4,-179.0,GOOD,0.1882,2.4351,0,0,1,Combined Attack,medium,0.188,2.44,2025-10-07 02:29:23.790896177
1759804163.785644,RTU3,4,0.976,0.092,51.61,-77.4,-4.6,INVALID,0.0242,1.6068,1,0,1,Frequency Attack,high,0.0,1.61,2025-10-07 02:29:23.785644054
1759804163.7881875,RTU1,4,1.009,0.003,52.4,-335.4,-80.8,GOOD,0.0089,2.4035,1,0,1,Frequency Attack,high,0.0,2.4,2025-10-07 02:29:23.788187504
1759804163.7752616,RTU3,1,1.005,-0.07,50.0,105.2,69.0,GOOD,0.0045,0.0006,1,1,0,None,none,,,2025-10-07 02:29:23.775261641
1759804163.7771845,RTU1,8,1.006,-0.002,50.03,-392.0,-45.2,SUSPECT,0.0059,0.0341,1,1,0,None,none,,,2025-10-07 02:29:23.777184486
1759804163.7907908,RTU2,5,0.838,-0.016,47.69,-117.9,-104.0,INVALID,0.1621,2.3078,0,0,1,Combined Attack,medium,-0.162,-2.31,2025-10-07 02:29:23.790790796
1759804163.8048303,RTU2,2,1.0,0.113,50.22,-323.4,-56.4,SUSPECT,0.0001,0.2204,1,1,1,Measurement Noise,low,0.0,0.22,2025-10-07 02:29:23.804830313
1759804163.7937076,RTU2,2,0.771,-0.008,48.13,469.1,170.9,GOOD,0.2289,1.8653,0,0,1,Combined Attack,medium,-0.229,-1.87,2025-10-07 02:29:23.793707609
1759804163.7866888,RTU3,8,1.012,-0.068,49.1,-235.0,-182.4,SUSPECT,0.0124,0.8957,1,0,1,Frequency Attack,high,0.0,-0.9,2025-10-07 02:29:23.786688805
1759804163.7854917,RTU1,10,0.988,-0.007,46.68,-111.5,-52.9,SUSPECT,0.0119,3.3233,1,0,1,Frequency Attack,high,0.0,-3.32,2025-10-07 02:29:23.785491705
1759804163.7866747,RTU4,9,0.991,0.009,51.1,-379.5,-64.6,GOOD,0.0088,1.0967,1,0,1,Frequency Attack,low,0.0,1.1,2025-10-07 02:29:23.786674738
1759804163.7753408,RTU1,6,1.008,-0.082,49.94,213.6,95.8,GOOD,0.0075,0.0625,1,1,0,None,none,,,2025-10-07 02:29:23.775340796
1759804163.7887764,RTU1,1,0.997,-0.027,52.74,134.4,46.5,GOOD,0.0033,2.7439,1,0,1,Frequency Attack,medium,0.0,2.74,2025-10-07 02:29:23.788776398
1759804163.7919407,RTU4,5,0.725,0.006,51.25,-152.4,-9.7,SUSPECT,0.2749,1.2514,0,0,1,Combined Attack,medium,-0.275,1.25,2025-10-07 02:29:23.791940689
1759804163.8010697,RTU3,7,0.924,-0.033,49.57,-140.1,-22.2,GOOD,0.0765,0.4308,0,1,1,Status Spoofing,high,-0.076,-0.43,2025-10-07 02:29:23.801069736
1759804163.7861052,RTU3,10,1.007,-0.084,48.09,-296.7,-105.7,SUSPECT,0.0068,1.9083,1,0,1,Frequency Attack,high,0.0,-1.91,2025-10-07 02:29:23.786105156
1759804163.7765136,RTU2,4,0.989,-0.082,50.01,-302.4,-86.3,GOOD,0.0114,0.0147,1,1,0,None,none,,,2025-10-07 02:29:23.776513577
1759804163.793904,RTU3,4,0.694,0.042,51.57,-62.1,-120.6,GOOD,0.3055,1.5669,0,0,1,Combined Attack,high,-0.306,1.57,2025-10-07 02:29:23.793904066
1759804163.8050156,RTU4,10,1.074,-0.007,49.53,98.8,98.6,GOOD,0.0745,0.4703,0,1,1,Measurement Noise,high,0.074,-0.47,2025-10-07 02:29:23.805015564
1759804163.7823462,RTU1,1,1.098,0.003,50.09,-132.0,-63.1,SUSPECT,0.0982,0.0928,0,1,1,Voltage Attack,low,0.098,0.0,2025-10-07 02:29:23.782346249
1759804163.7870212,RTU3,4,1.003,0.004,48.73,93.7,85.8,GOOD,0.0028,1.2721,1,0,1,Frequency Attack,low,0.0,-1.27,2025-10-07 02:29:23.787021160
1759804163.7926357,RTU3,5,0.92,0.034,48.76,497.4,155.8,SUSPECT,0.08,1.2376,0,0,1,Combined Attack,low,-0.08,-1.24,2025-10-07 02:29:23.792635679
1759804163.7985687,RTU2,10,1.065,-0.069,49.56,-288.3,-75.2,GOOD,0.0652,0.4437,0,1,1,Status Spoofing,low,0.065,-0.44,2025-10-07 02:29:23.798568726
1759804163.7872543,RTU1,9,0.984,-0.003,49.21,-134.7,-0.6,SUSPECT,0.0163,0.7853,1,0,1,Frequency Attack,medium,0.0,-0.79,2025-10-07 02:29:23.787254333
1759804163.7750428,RTU1,3,0.991,-0.09,49.91,378.1,28.5,GOOD,0.0092,0.0896,1,1,0,None,none,,,2025-10-07 02:29:23.775042772
1759804163.8039556,RTU2,3,1.043,-0.038,50.28,334.8,162.0,GOOD,0.043,0.2783,1,1,1,Measurement Noise,medium,0.043,0.28,2025-10-07 02:29:23.803955555
1759804163.803032,RTU2,2,1.048,0.106,49.95,292.7,199.9,GOOD,0.0484,0.0452,1,1,1,Measurement Noise,high,0.048,-0.05,2025-10-07 02:29:23.803031921
1759804163.775483,RTU2,10,0.98,0.078,50.01,-248.0,-143.6,GOOD,0.0202,0.013,1,1,0,None,none,,,2025-10-07 02:29:23.775482893
1759804163.80271,RTU3,4,1.023,-0.149,49.6,-99.3,-136.8,SUSPECT,0.0231,0.4024,1,1,1,Measurement Noise,low,0.023,-0.4,2025-10-07 02:29:23.802710056
1759804163.793284,RTU2,4,1.347,-0.099,50.93,-192.0,-39.8,GOOD,0.3473,0.9295,0,0,1,Combined Attack,high,0.347,0.93,2025-10-07 02:29:23.793283939
1759804163.7925456,RTU4,8,1.204,-0.038,51.94,173.1,108.4,INVALID,0.204,1.9415,0,0,1,Combined Attack,low,0.204,1.94,2025-10-07 02:29:23.792545557
1759804163.776048,RTU3,4,1.005,-0.016,50.03,363.3,193.8,GOOD,0.0049,0.0324,1,1,0,None,none,,,2025-10-07 02:29:23.776047945
1759804163.7811267,RTU1,5,1.153,0.049,50.11,444.0,105.4,GOOD,0.1532,0.1135,0,1,1,Voltage Attack,low,0.153,0.0,2025-10-07 02:29:23.781126738
1759804163.776212,RTU4,10,0.994,-0.025,49.88,321.9,70.5,GOOD,0.0061,0.123,1,1,0,None,none,,,2025-10-07 02:29:23.776211977
1759804163.7811015,RTU3,8,0.849,-0.076,50.0,416.1,50.2,GOOD,0.1507,0.0028,0,1,1,Voltage Attack,medium,-0.151,0.0,2025-10-07 02:29:23.781101465
1759804163.8026636,RTU4,8,0.933,-0.044,49.75,304.6,240.5,GOOD,0.0674,0.2508,0,1,1,Measurement Noise,medium,-0.067,-0.25,2025-10-07 02:29:23.802663565
1759804163.7818754,RTU4,10,1.146,-0.049,49.89,300.0,33.8,SUSPECT,0.1458,0.1055,0,1,1,Voltage Attack,medium,0.146,0.0,2025-10-07 02:29:23.781875372
1759804163.7810042,RTU4,5,0.794,0.058,49.82,122.4,71.6,SUSPECT,0.2061,0.1765,0,1,1,Voltage Attack,high,-0.206,0.0,2025-10-07 02:29:23.781004190
1759804163.7923996,RTU3,2,1.245,0.033,47.92,63.2,41.8,INVALID,0.2449,2.0761,0,0,1,Combined Attack,high,0.245,-2.08,2025-10-07 02:29:23.792399645
1759804163.7890153,RTU1,1,1.012,0.092,47.27,310.9,101.1,GOOD,0.0122,2.7272,1,0,1,Frequency Attack,medium,0.0,-2.73,2025-10-07 02:29:23.789015293
1759804163.785232,RTU1,8,1.014,-0.058,48.18,481.6,64.4,GOOD,0.0139,1.822,1,0,1,Frequency Attack,medium,0.0,-1.82,2025-10-07 02:29:23.785232067
1759804163.8050303,RTU3,6,1.017,-0.107,49.87,516.0,77.9,GOOD,0.0167,0.1254,1,1,1,Measurement Noise,low,0.017,-0.13,2025-10-07 02:29:23.805030346
1759804163.8064344,RTU4,9,1.0,0.078,50.34,-120.0,43.6,INVALID,0.0,0.3362,1,1,1,Measurement Noise,low,0.0,0.34,2025-10-07 02:29:23.806434393
1759804163.7825332,RTU2,3,0.902,0.06,49.96,289.6,106.2,GOOD,0.0982,0.0427,0,1,1,Voltage Attack,high,-0.098,0.0,2025-10-07 02:29:23.782533169
1759804163.8001015,RTU2,9,0.885,0.095,49.04,98.6,60.8,GOOD,0.1149,0.961,0,0,1,Status Spoofing,high,-0.115,-0.96,2025-10-07 02:29:23.800101519
1759804163.7951298,RTU4,8,1.091,-0.078,50.83,-309.0,-92.7,GOOD,0.0914,0.8269,0,0,1,Combined Attack,low,0.091,0.83,2025-10-07 02:29:23.795129776
1759804163.7760694,RTU3,10,1.002,0.078,49.92,-303.2,-77.0,GOOD,0.0023,0.0823,1,1,0,None,none,,,2025-10-07 02:29:23.776069403
1759804163.7745497,RTU1,10,0.995,-0.092,50.17,-62.0,-193.7,GOOD,0.0051,0.1744,1,1,0,None,none,,,2025-10-07 02:29:23.774549723
1759804163.7857554,RTU2,1,1.007,-0.015,50.71,245.7,3.3,GOOD,0.007,0.7139,1,0,1,Frequency Attack,high,0.0,0.71,2025-10-07 02:29:23.785755396
1759804163.8038144,RTU2,10,0.96,0.06,50.18,-98.6,-228.7,GOOD,0.04,0.1792,1,1,1,Measurement Noise,high,-0.04,0.18,2025-10-07 02:29:23.803814411
1759804163.7905855,RTU2,2,0.917,0.098,51.82,397.0,31.3,GOOD,0.083,1.8201,0,0,1,Combined Attack,low,-0.083,1.82,2025-10-07 02:29:23.790585518
1759804163.7772722,RTU3,9,1.002,0.044,50.07,217.7,27.0,GOOD,0.0016,0.0699,1,1,0,None,none,,,2025-10-07 02:29:23.777272224
1759804163.7931094,RTU1,2,1.068,0.027,52.17,-346.6,-83.1,INVALID,0.0681,2.1734,0,0,1,Combined Attack,high,0.068,2.17,2025-10-07 02:29:23.793109417
1759804163.7869968,RTU2,8,0.985,0.094,48.65,123.5,103.9,GOOD,0.0151,1.3494,1,0,1,Frequency Attack,high,0.0,-1.35,2025-10-07 02:29:23.786996841
1759804163.7944498,RTU4,1,1.352,0.035,47.38,-389.3,-114.2,GOOD,0.3518,2.6194,0,0,1,Combined Attack,high,0.352,-2.62,2025-10-07 02:29:23.794449806
1759804163.782308,RTU4,4,1.167,0.04,49.98,228.6,109.9,GOOD,0.1666,0.0177,0,1,1,Voltage Attack,high,0.167,0.0,2025-10-07 02:29:23.782308102
1759804163.7885091,RTU4,4,1.0,0.058,51.53,-78.2,-7.8,GOOD,0.0005,1.5287,1,0,1,Frequency Attack,low,0.0,1.53,2025-10-07 02:29:23.788509130
1759804163.792995,RTU1,3,1.238,0.036,51.5,-54.1,-55.4,GOOD,0.238,1.4952,0,0,1,Combined Attack,medium,0.238,1.5,2025-10-07 02:29:23.792994976
1759804163.793244,RTU1,10,1.066,-0.019,49.19,-326.0,-188.4,GOOD,0.0664,0.8074,0,0,1,Combined Attack,low,0.066,-0.81,2025-10-07 02:29:23.793243885
1759804163.7821982,RTU2,9,1.094,0.003,50.1,158.7,84.2,GOOD,0.0937,0.1044,0,1,1,Voltage Attack,high,0.094,0.0,2025-10-07 02:29:23.782198191
1759804163.8007782,RTU2,3,1.088,-0.021,49.01,389.4,182.6,GOOD,0.0877,0.9858,0,0,1,Status Spoofing,medium,0.088,-0.99,2025-10-07 02:29:23.800778151
1759804163.798019,RTU1,1,1.1,-0.076,50.94,-220.2,-86.8,GOOD,0.1004,0.9427,0,0,1,Status Spoofing,high,0.1,0.94,2025-10-07 02:29:23.798018932
1759804163.786642,RTU2,2,1.022,-0.001,53.24,-62.1,-184.4,GOOD,0.0216,3.2357,1,0,1,Frequency Attack,high,0.0,3.24,2025-10-07 02:29:23.786642075
1759804163.7840896,RTU2,7,1.133,0.067,50.01,-252.9,-85.8,SUSPECT,0.1328,0.0114,0,1,1,Voltage Attack,low,0.133,0.0,2025-10-07 02:29:23.784089565
1759804163.8065495,RTU2,1,1.008,-0.084,49.95,-343.6,18.5,SUSPECT,0.0075,0.0524,1,1,1,Measurement Noise,high,0.008,-0.05,2025-10-07 02:29:23.806549549
1759804163.775853,RTU4,3,1.002,-0.065,50.05,54.9,48.3,GOOD,0.0024,0.0517,1,1,0,None,none,,,2025-10-07 02:29:23.775852919
1759804163.7890646,RTU4,5,0.992,0.043,48.33,171.7,182.7,SUSPECT,0.0085,1.6695,1,0,1,Frequency Attack,medium,0.0,-1.67,2025-10-07 02:29:23.789064646
1759804163.7914338,RTU4,5,1.106,-0.071,47.47,267.5,123.3,GOOD,0.1055,2.5264,0,0,1,Combined Attack,medium,0.106,-2.53,2025-10-07 02:29:23.791433811
1759804163.7969077,RTU3,1,1.083,0.009,51.15,-322.6,-183.1,GOOD,0.0834,1.1504,0,0,1,Status Spoofing,high,0.083,1.15,2025-10-07 02:29:23.796907663
1759804163.7820017,RTU3,7,0.825,-0.076,50.05,-150.3,-166.1,GOOD,0.1755,0.0484,0,1,1,Voltage Attack,high,-0.175,0.0,2025-10-07 02:29:23.782001734
1759804163.7841263,RTU4,7,1.107,-0.097,49.96,89.0,128.5,SUSPECT,0.1066,0.0394,0,1,1,Voltage Attack,medium,0.107,0.0,2025-10-07 02:29:23.784126282
1759804163.8016076,RTU4,7,1.019,0.137,49.2,-402.4,-119.0,INVALID,0.0188,0.8021,1,0,1,Measurement Noise,medium,0.019,-0.8,2025-10-07 02:29:23.801607609
1759804163.7835386,RTU2,1,1.074,-0.059,49.9,-199.6,-73.1,SUSPECT,0.0742,0.1,0,1,1,Voltage Attack,low,0.074,0.0,2025-10-07 02:29:23.783538580
1759804163.8033204,RTU2,1,0.884,0.039,49.45,548.5,-43.7,GOOD,0.1157,0.5492,0,0,1,Measurement Noise,high,-0.116,-0.55,2025-10-07 02:29:23.803320408
1759804163.804091,RTU4,4,0.962,-0.037,49.88,-433.0,-9.1,GOOD,0.0376,0.1209,1,1,1,Measurement Noise,medium,-0.038,-0.12,2025-10-07 02:29:23.804090977
1759804163.7747982,RTU2,8,0.995,-0.016,50.02,463.9,101.0,GOOD,0.0055,0.0202,1,1,0,None,none,,,2025-10-07 02:29:23.774798155
1759804163.7871454,RTU4,6,1.005,0.001,51.31,364.5,109.8,GOOD,0.0052,1.3108,1,0,1,Frequency Attack,low,0.0,1.31,2025-10-07 02:29:23.787145376
1759804163.7823834,RTU1,7,1.137,0.036,50.05,367.7,123.2,GOOD,0.1374,0.0485,0,1,1,Voltage Attack,high,0.137,0.0,2025-10-07 02:29:23.782383442
1759804163.7874036,RTU4,8,1.0,-0.08,50.74,-353.7,-65.1,GOOD,0.0004,0.7438,1,0,1,Frequency Attack,low,0.0,0.74,2025-10-07 02:29:23.787403584
1759804163.7859797,RTU1,9,0.988,0.094,52.69,341.5,179.9,SUSPECT,0.012,2.6925,1,0,1,Frequency Attack,medium,0.0,2.69,2025-10-07 02:29:23.785979748
1759804163.796698,RTU1,10,0.856,0.084,47.54,-397.4,-180.2,GOOD,0.1443,2.4591,0,0,1,Combined Attack,medium,-0.144,-2.46,2025-10-07 02:29:23.796698093
1759804163.8034856,RTU2,5,1.021,0.144,49.44,-151.9,-61.0,GOOD,0.0214,0.5618,1,0,1,Measurement Noise,low,0.021,-0.56,2025-10-07 02:29:23.803485632
1759804163.8054917,RTU1,3,0.885,-0.05,50.54,509.2,182.8,GOOD,0.1153,0.545,0,0,1,Measurement Noise,high,-0.115,0.54,2025-10-07 02:29:23.805491686
1759804163.799011,RTU4,5,1.076,-0.024,49.48,-370.2,-16.9,GOOD,0.0758,0.5194,0,0,1,Status Spoofing,low,0.076,-0.52,2025-10-07 02:29:23.799010992
1759804163.804208,RTU1,2,1.019,-0.006,50.73,71.5,-21.9,SUSPECT,0.0186,0.7261,1,0,1,Measurement Noise,high,0.019,0.73,2025-10-07 02:29:23.804208040
1759804163.8001924,RTU1,5,1.082,-0.065,50.98,-207.7,-92.1,GOOD,0.0821,0.9802,0,0,1,Status Spoofing,medium,0.082,0.98,2025-10-07 02:29:23.800192356
1759804163.7840276,RTU1,6,0.813,-0.051,49.98,215.1,142.8,GOOD,0.1875,0.0205,0,1,1,Voltage Attack,high,-0.187,0.0,2025-10-07 02:29:23.784027576
1759804163.7763057,RTU3,10,0.995,-0.087,49.95,-278.0,-7.4,GOOD,0.0046,0.0524,1,1,0,None,none,,,2025-10-07 02:29:23.776305676
1759804163.7921004,RTU1,8,0.929,0.061,49.38,-179.3,-73.5,GOOD,0.0707,0.6216,0,0,1,Combined Attack,medium,-0.071,-0.62,2025-10-07 02:29:23.792100430
1759804163.785139,RTU3,9,0.991,-0.015,53.1,334.1,126.5,GOOD,0.0085,3.1026,1,0,1,Frequency Attack,high,0.0,3.1,2025-10-07 02:29:23.785139084
1759804163.806207,RTU2,4,0.957,0.058,49.35,-200.1,-100.4,GOOD,0.0429,0.6488,1,0,1,Measurement Noise,medium,-0.043,-0.65,2025-10-07 02:29:23.806206942
1759804163.7863564,RTU4,10,0.988,-0.079,47.31,125.6,82.5,SUSPECT,0.0118,2.6874,1,0,1,Frequency Attack,high,0.0,-2.69,2025-10-07 02:29:23.786356449
1759804163.7869716,RTU3,10,1.018,0.044,49.48,303.1,38.7,GOOD,0.0181,0.521,1,0,1,Frequency Attack,low,0.0,-0.52,2025-10-07 02:29:23.786971569
1759804163.7996187,RTU1,9,0.944,-0.023,49.35,427.8,38.2,GOOD,0.0564,0.6494,0,0,1,Status Spoofing,low,-0.056,-0.65,2025-10-07 02:29:23.799618721
1759804163.7875721,RTU1,4,0.986,-0.006,47.92,250.1,174.0,INVALID,0.0141,2.0827,1,0,1,Frequency Attack,medium,0.0,-2.08,2025-10-07 02:29:23.787572145
1759804163.793152,RTU2,2,0.932,-0.043,46.88,161.0,188.9,GOOD,0.0678,3.1245,0,0,1,Combined Attack,high,-0.068,-3.12,2025-10-07 02:29:23.793152094
1759804163.7913003,RTU4,6,1.266,0.023,48.4,-285.4,-11.4,SUSPECT,0.2659,1.6048,0,0,1,Combined Attack,medium,0.266,-1.6,2025-10-07 02:29:23.791300297
1759804163.7991507,RTU2,2,0.934,-0.024,49.29,-318.4,-56.0,GOOD,0.0662,0.7099,0,0,1,Status Spoofing,low,-0.066,-0.71,2025-10-07 02:29:23.799150705
1759804163.8022192,RTU2,3,0.976,-0.049,49.67,-259.7,-118.4,GOOD,0.0239,0.3261,1,1,1,Measurement Noise,low,-0.024,-0.33,2025-10-07 02:29:23.802219152
1759804163.7756457,RTU1,6,0.979,-0.052,49.93,395.1,149.7,GOOD,0.0215,0.0662,1,1,0,None,none,,,2025-10-07 02:29:23.775645733
1759804163.8003054,RTU3,9,1.103,-0.037,48.82,-256.7,-40.2,GOOD,0.1026,1.1761,0,0,1,Status Spoofing,high,0.103,-1.18,2025-10-07 02:29:23.800305367
1759804163.7875595,RTU4,6,0.995,-0.043,50.8,-300.6,-169.4,INVALID,0.0052,0.7997,1,0,1,Frequency Attack,low,0.0,0.8,2025-10-07 02:29:23.787559509
1759804163.8022034,RTU3,2,0.973,0.049,50.34,-152.0,-44.5,GOOD,0.0269,0.3429,1,1,1,Measurement Noise,low,-0.027,0.34,2025-10-07 02:29:23.802203417
1759804163.7915254,RTU3,8,0.865,-0.005,51.06,494.3,173.5,INVALID,0.1349,1.0588,0,0,1,Combined Attack,low,-0.135,1.06,2025-10-07 02:29:23.791525364
1759804163.784496,RTU3,4,1.208,0.041,49.98,-222.3,-157.3,GOOD,0.2075,0.0238,0,1,1,Voltage Attack,high,0.208,0.0,2025-10-07 02:29:23.784496069
1759804163.8023348,RTU2,9,0.984,-0.137,49.84,81.2,-10.9,GOOD,0.0164,0.158,1,1,1,Measurement Noise,medium,-0.016,-0.16,2025-10-07 02:29:23.802334785
1759804163.8046873,RTU1,10,0.97,-0.128,50.06,-329.3,-148.5,GOOD,0.0302,0.0609,1,1,1,Measurement Noise,medium,-0.03,0.06,2025-10-07 02:29:23.804687262
1759804163.7954726,RTU1,6,0.689,0.086,49.32,-217.5,-18.1,GOOD,0.311,0.6772,0,0,1,Combined Attack,high,-0.311,-0.68,2025-10-07 02:29:23.795472622
1759804163.789394,RTU4,6,1.001,-0.035,50.83,320.7,77.2,GOOD,0.0006,0.8341,1,0,1,Frequency Attack,low,0.0,0.83,2025-10-07 02:29:23.789393902
1759804163.8055768,RTU3,8,1.015,0.021,49.95,110.3,-7.4,GOOD,0.015,0.0484,1,1,1,Measurement Noise,low,0.015,-0.05,2025-10-07 02:29:23.805576801
1759804163.7921133,RTU1,5,1.135,-0.049,48.66,467.8,137.4,GOOD,0.1348,1.3443,0,0,1,Combined Attack,low,0.135,-1.34,2025-10-07 02:29:23.792113304
1759804163.7757528,RTU2,8,1.005,-0.098,50.01,-81.1,-111.7,GOOD,0.0055,0.0059,1,1,0,None,none,,,2025-10-07 02:29:23.775752783
1759804163.8057756,RTU4,3,0.989,-0.109,50.36,463.4,115.8,GOOD,0.0106,0.3605,1,1,1,Measurement Noise,high,-0.011,0.36,2025-10-07 02:29:23.805775642
1759804163.7758288,RTU2,1,0.995,0.047,49.99,98.7,5.5,GOOD,0.0048,0.0066,1,1,0,None,none,,,2025-10-07 02:29:23.775828838
1759804163.7906144,RTU4,9,1.095,-0.031,50.98,499.6,137.0,SUSPECT,0.0952,0.982,0,0,1,Combined Attack,high,0.095,0.98,2025-10-07 02:29:23.790614367
1759804163.800512,RTU3,4,0.941,-0.001,49.34,305.7,51.8,GOOD,0.0589,0.6585,0,0,1,Status Spoofing,low,-0.059,-0.66,2025-10-07 02:29:23.800512075
1759804163.8035624,RTU2,6,0.964,-0.028,49.93,-229.7,-171.0,SUSPECT,0.0357,0.0694,1,1,1,Measurement Noise,medium,-0.036,-0.07,2025-10-07 02:29:23.803562403
1759804163.782595,RTU2,5,0.9,-0.019,50.0,369.0,154.4,GOOD,0.1004,0.0044,0,1,1,Voltage Attack,medium,-0.1,0.0,2025-10-07 02:29:23.782594919
1759804163.7825208,RTU2,6,0.924,-0.009,50.02,380.9,77.2,GOOD,0.0757,0.023,0,1,1,Voltage Attack,low,-0.076,0.0,2025-10-07 02:29:23.782520771
1759804163.77703,RTU3,9,0.996,0.008,50.18,-333.3,-180.5,GOOD,0.0036,0.1825,1,1,0,None,none,,,2025-10-07 02:29:23.777029991
1759804163.7943976,RTU2,7,1.187,0.053,52.0,-349.8,-23.3,SUSPECT,0.1874,1.9956,0,0,1,Combined Attack,medium,0.187,2.0,2025-10-07 02:29:23.794397593
1759804163.7751324,RTU2,10,0.985,-0.078,49.72,-349.3,-45.8,GOOD,0.0148,0.2806,1,1,0,None,none,,,2025-10-07 02:29:23.775132418
1759804163.7786465,RTU3,7,0.997,-0.062,49.94,370.2,95.7,GOOD,0.0026,0.0569,1,1,0,None,none,,,2025-10-07 02:29:23.778646469
1759804163.8018389,RTU1,2,1.044,-0.041,50.25,312.7,10.9,GOOD,0.0445,0.2515,1,1,1,Measurement Noise,medium,0.044,0.25,2025-10-07 02:29:23.801838875
1759804163.7832744,RTU1,7,1.091,0.08,49.96,-362.8,-108.0,SUSPECT,0.0911,0.0428,0,1,1,Voltage Attack,low,0.091,0.0,2025-10-07 02:29:23.783274412
1759804163.7943096,RTU4,10,0.898,-0.042,51.99,-184.5,-89.7,SUSPECT,0.1021,1.9857,0,0,1,Combined Attack,high,-0.102,1.99,2025-10-07 02:29:23.794309616
1759804163.804849,RTU4,7,0.984,0.122,49.21,294.2,158.6,GOOD,0.0155,0.7942,1,0,1,Measurement Noise,medium,-0.016,-0.79,2025-10-07 02:29:23.804848909
1759804163.803986,RTU4,10,1.006,0.015,49.94,55.5,73.8,GOOD,0.0064,0.0594,1,1,1,Measurement Noise,low,0.006,-0.06,2025-10-07 02:29:23.803986073
1759804163.7859173,RTU3,6,0.992,0.013,47.47,224.8,91.5,SUSPECT,0.0082,2.535,1,0,1,Frequency Attack,high,0.0,-2.53,2025-10-07 02:29:23.785917282
1759804163.775939,RTU4,4,0.996,-0.086,49.9,131.5,62.7,GOOD,0.0041,0.1036,1,1,0,None,none,,,2025-10-07 02:29:23.775938988
1759804163.7750208,RTU4,10,0.997,-0.082,50.05,-343.6,-116.1,GOOD,0.0029,0.0528,1,1,0,None,none,,,2025-10-07 02:29:23.775020838
1759804163.8053837,RTU3,10,0.986,-0.02,49.92,146.8,68.3,GOOD,0.014,0.0789,1,1,1,Measurement Noise,low,-0.014,-0.08,2025-10-07 02:29:23.805383682
1759804163.8006752,RTU3,9,1.085,0.026,50.43,60.1,120.4,GOOD,0.0851,0.4285,0,1,1,Status Spoofing,medium,0.085,0.43,2025-10-07 02:29:23.800675154
1759804163.7846043,RTU3,10,1.13,-0.076,50.06,-127.9,-161.5,SUSPECT,0.1301,0.0555,0,1,1,Voltage Attack,high,0.13,0.0,2025-10-07 02:29:23.784604311
1759804163.797706,RTU4,4,1.043,-0.052,50.79,275.3,110.9,GOOD,0.0428,0.7884,1,0,1,Status Spoofing,medium,0.043,0.79,2025-10-07 02:29:23.797705889
1759804163.7834756,RTU4,8,1.223,0.063,49.9,-223.6,-129.3,GOOD,0.2234,0.1004,0,1,1,Voltage Attack,medium,0.223,0.0,2025-10-07 02:29:23.783475637
1759804163.791217,RTU1,4,0.682,-0.027,53.19,445.0,166.1,SUSPECT,0.318,3.1936,0,0,1,Combined Attack,high,-0.318,3.19,2025-10-07 02:29:23.791217089
1759804163.7830446,RTU3,6,1.252,0.099,50.02,284.6,40.9,SUSPECT,0.2522,0.0246,0,1,1,Voltage Attack,high,0.252,0.0,2025-10-07 02:29:23.783044577
1759804163.7827191,RTU2,10,0.716,-0.082,49.96,-177.5,-188.6,SUSPECT,0.284,0.0368,0,1,1,Voltage Attack,medium,-0.284,0.0,2025-10-07 02:29:23.782719135
1759804163.792246,RTU2,3,1.213,0.083,49.36,-180.9,-150.9,GOOD,0.2129,0.6416,0,0,1,Combined Attack,high,0.213,-0.64,2025-10-07 02:29:23.792246103
1759804163.7784145,RTU1,7,1.03,-0.076,49.9,200.8,0.6,SUSPECT,0.0304,0.1013,1,1,0,None,none,,,2025-10-07 02:29:23.778414488
1759804163.79821,RTU4,10,0.907,0.082,51.03,371.4,26.5,GOOD,0.0931,1.0301,0,0,1,Status Spoofing,high,-0.093,1.03,2025-10-07 02:29:23.798209906
1759804163.8050609,RTU4,4,1.011,-0.094,50.14,-345.7,6.2,GOOD,0.0109,0.137,1,1,1,Measurement Noise,low,0.011,0.14,2025-10-07 02:29:23.805060863
1759804163.782897,RTU1,8,1.084,-0.085,50.07,-178.6,-96.5,SUSPECT,0.0843,0.0684,0,1,1,Voltage Attack,low,0.084,0.0,2025-10-07 02:29:23.782896996
1759804163.798828,RTU4,5,0.896,0.094,49.54,-203.7,-11.7,GOOD,0.1042,0.4644,0,1,1,Status Spoofing,high,-0.104,-0.46,2025-10-07 02:29:23.798827887
1759804163.7986083,RTU1,5,1.074,-0.066,50.5,74.3,119.4,GOOD,0.0743,0.5028,0,0,1,Status Spoofing,low,0.074,0.5,2025-10-07 02:29:23.798608303
1759804163.7929454,RTU1,6,0.752,-0.045,49.46,222.8,119.0,INVALID,0.2479,0.5416,0,0,1,Combined Attack,medium,-0.248,-0.54,2025-10-07 02:29:23.792945385
1759804163.793971,RTU4,9,1.179,-0.039,48.59,97.7,193.1,INVALID,0.1791,1.4133,0,0,1,Combined Attack,low,0.179,-1.41,2025-10-07 02:29:23.793971062
1759804163.7872021,RTU2,5,0.996,0.01,47.98,-272.6,-16.2,SUSPECT,0.004,2.0238,1,0,1,Frequency Attack,high,0.0,-2.02,2025-10-07 02:29:23.787202120
1759804163.7925584,RTU1,5,1.138,-0.054,46.6,61.3,139.6,GOOD,0.1384,3.3963,0,0,1,Combined Attack,high,0.138,-3.4,2025-10-07 02:29:23.792558432
1759804163.7761023,RTU4,2,1.019,0.052,50.14,463.2,76.8,GOOD,0.0191,0.1359,1,1,0,None,none,,,2025-10-07 02:29:23.776102304
1759804163.7873552,RTU3,10,1.011,-0.059,50.73,101.3,140.2,GOOD,0.0107,0.7267,1,0,1,Frequency Attack,high,0.0,0.73,2025-10-07 02:29:23.787355185
1759804163.7781842,RTU1,9,0.993,-0.024,50.11,118.3,39.3,GOOD,0.0068,0.1125,1,1,0,None,none,,,2025-10-07 02:29:23.778184175
1759804163.801871,RTU1,2,1.003,-0.052,50.25,-233.1,32.4,GOOD,0.0032,0.2541,1,1,1,Measurement Noise,low,0.003,0.25,2025-10-07 02:29:23.801871061
1759804163.7893448,RTU2,2,1.0,0.037,47.19,-192.7,-108.0,SUSPECT,0.0,2.8088,1,0,1,Frequency Attack,high,0.0,-2.81,2025-10-07 02:29:23.789344788
1759804163.8013837,RTU4,7,0.966,0.08,49.88,313.5,26.7,INVALID,0.0336,0.1197,1,1,1,Measurement Noise,medium,-0.034,-0.12,2025-10-07 02:29:23.801383734
1759804163.7914863,RTU3,7,0.833,-0.096,48.27,420.2,100.1,GOOD,0.167,1.7341,0,0,1,Combined Attack,low,-0.167,-1.73,2025-10-07 02:29:23.791486263
1759804163.78831,RTU4,2,0.999,0.023,52.19,-62.9,-142.1,GOOD,0.001,2.1916,1,0,1,Frequency Attack,high,0.0,2.19,2025-10-07 02:29:23.788310051
1759804163.793166,RTU4,9,0.85,0.064,50.64,499.8,161.2,SUSPECT,0.15,0.6369,0,0,1,Combined Attack,low,-0.15,0.64,2025-10-07 02:29:23.793165922
1759804163.7808886,RTU3,3,0.916,-0.011,50.11,156.2,107.7,GOOD,0.0844,0.1067,0,1,1,Voltage Attack,low,-0.084,0.0,2025-10-07 02:29:23.780888557
1759804163.7867765,RTU2,2,0.968,-0.059,48.19,415.0,195.3,GOOD,0.0317,1.8115,1,0,1,Frequency Attack,medium,0.0,-1.81,2025-10-07 02:29:23.786776543
1759804163.804956,RTU4,9,1.056,-0.052,49.89,-312.4,-9.8,GOOD,0.0563,0.1083,0,1,1,Measurement Noise,high,0.056,-0.11,2025-10-07 02:29:23.804955959
1759804163.7783635,RTU2,1,1.003,-0.037,49.95,436.7,165.4,GOOD,0.0028,0.0459,1,1,0,None,none,,,2025-10-07 02:29:23.778363466
1759804163.8036375,RTU3,2,0.914,0.032,49.66,-59.0,2.8,GOOD,0.0865,0.3356,0,1,1,Measurement Noise,medium,-0.086,-0.34,2025-10-07 02:29:23.803637505
1759804163.786331,RTU1,5,0.988,-0.083,52.18,-114.1,-53.7,INVALID,0.0116,2.1782,1,0,1,Frequency Attack,high,0.0,2.18,2025-10-07 02:29:23.786330938
1759804163.8031242,RTU1,5,0.954,-0.056,50.36,340.3,215.5,GOOD,0.0459,0.3634,1,1,1,Measurement Noise,medium,-0.046,0.36,2025-10-07 02:29:23.803124189
1759804163.801756,RTU2,3,0.88,-0.028,50.49,-290.4,-17.4,GOOD,0.1202,0.4871,0,1,1,Measurement Noise,high,-0.12,0.49,2025-10-07 02:29:23.801755905
1759804163.799317,RTU1,9,1.07,-0.089,49.44,411.6,34.7,GOOD,0.07,0.5562,0,0,1,Status Spoofing,low,0.07,-0.56,2025-10-07 02:29:23.799316883
1759804163.7966828,RTU2,4,0.858,0.023,47.45,-89.3,-156.2,INVALID,0.1423,2.5459,0,0,1,Combined Attack,medium,-0.142,-2.55,2025-10-07 02:29:23.796682835
1759804163.7841384,RTU1,4,1.144,0.026,50.08,-114.3,-183.3,GOOD,0.1443,0.0789,0,1,1,Voltage Attack,low,0.144,0.0,2025-10-07 02:29:23.784138441
1759804163.7820506,RTU4,2,0.687,0.066,49.96,248.1,91.3,GOOD,0.3134,0.0418,0,1,1,Voltage Attack,high,-0.313,0.0,2025-10-07 02:29:23.782050610
1759804163.8007696,RTU2,2,1.056,-0.066,49.18,256.1,70.3,GOOD,0.0557,0.8223,0,0,1,Status Spoofing,medium,0.056,-0.82,2025-10-07 02:29:23.800769567
1759804163.778737,RTU4,10,1.009,-0.068,49.88,-389.1,-22.7,INVALID,0.0087,0.1235,1,1,0,None,none,,,2025-10-07 02:29:23.778737068
1759804163.801279,RTU4,4,1.012,-0.072,50.13,350.5,194.8,SUSPECT,0.012,0.1339,1,1,1,Measurement Noise,medium,0.012,0.13,2025-10-07 02:29:23.801279068
1759804163.7744942,RTU1,3,0.994,-0.036,50.05,332.2,101.4,GOOD,0.0061,0.0543,1,1,0,None,none,,,2025-10-07 02:29:23.774494171
1759804163.7851248,RTU2,1,1.009,-0.085,48.32,-223.1,-51.6,SUSPECT,0.0092,1.6803,1,0,1,Frequency Attack,low,0.0,-1.68,2025-10-07 02:29:23.785124779
1759804163.7816818,RTU1,6,1.105,-0.004,49.92,172.8,23.9,GOOD,0.1046,0.0751,0,1,1,Voltage Attack,high,0.105,0.0,2025-10-07 02:29:23.781681776
1759804163.8055117,RTU1,8,1.024,-0.016,49.92,-245.1,11.5,GOOD,0.0238,0.0832,1,1,1,Measurement Noise,low,0.024,-0.08,2025-10-07 02:29:23.805511713
1759804163.8000078,RTU2,6,0.932,0.026,49.59,-229.9,-1.3,GOOD,0.0679,0.4149,0,1,1,Status Spoofing,low,-0.068,-0.41,2025-10-07 02:29:23.800007820
1759804163.7860043,RTU4,1,1.012,0.011,51.72,-278.2,-175.8,SUSPECT,0.0123,1.7228,1,0,1,Frequency Attack,medium,0.0,1.72,2025-10-07 02:29:23.786004305
1759804163.7982743,RTU1,4,1.051,-0.06,49.51,-388.7,-177.6,GOOD,0.051,0.4924,0,1,1,Status Spoofing,high,0.051,-0.49,2025-10-07 02:29:23.798274279
1759804163.782507,RTU2,1,0.752,0.079,49.97,107.7,177.9,GOOD,0.2477,0.0323,0,1,1,Voltage Attack,medium,-0.248,0.0,2025-10-07 02:29:23.782506943
1759804163.7862754,RTU1,4,1.017,0.042,50.72,283.2,68.1,INVALID,0.0171,0.721,1,0,1,Frequency Attack,high,0.0,0.72,2025-10-07 02:29:23.786275387
1759804163.778664,RTU1,4,0.991,-0.09,50.12,466.0,164.1,GOOD,0.0092,0.1226,1,1,0,None,none,,,2025-10-07 02:29:23.778664112
1759804163.786752,RTU3,10,1.016,0.053,53.38,-220.3,-112.0,GOOD,0.0163,3.379,1,0,1,Frequency Attack,high,0.0,3.38,2025-10-07 02:29:23.786751986
1759804163.7818122,RTU3,7,1.111,-0.051,50.0,227.6,44.2,GOOD,0.1106,0.0034,0,1,1,Voltage Attack,low,0.111,0.0,2025-10-07 02:29:23.781812191
1759804163.7927983,RTU3,10,1.083,0.097,51.58,365.8,2.0,INVALID,0.0828,1.5753,0,0,1,Combined Attack,medium,0.083,1.58,2025-10-07 02:29:23.792798281
1759804163.8027859,RTU4,7,1.02,-0.14,49.74,-266.9,-159.3,INVALID,0.0198,0.2551,1,1,1,Measurement Noise,medium,0.02,-0.26,2025-10-07 02:29:23.802785873
1759804163.7744718,RTU4,6,1.016,-0.054,49.87,-59.9,-82.5,GOOD,0.0155,0.1281,1,1,0,None,none,,,2025-10-07 02:29:23.774471760
1759804163.8034706,RTU3,9,0.992,-0.036,50.39,-211.5,-65.2,GOOD,0.0077,0.3947,1,1,1,Measurement Noise,low,-0.008,0.39,2025-10-07 02:29:23.803470612
1759804163.8048942,RTU4,4,1.054,0.111,49.76,254.9,67.0,SUSPECT,0.0537,0.2388,0,1,1,Measurement Noise,medium,0.054,-0.24,2025-10-07 02:29:23.804894209
1759804163.7926025,RTU1,1,1.117,-0.087,49.42,282.0,0.8,SUSPECT,0.117,0.5795,0,0,1,Combined Attack,low,0.117,-0.58,2025-10-07 02:29:23.792602539
1759804163.7879045,RTU1,5,1.013,0.015,51.69,454.4,100.5,GOOD,0.0125,1.6905,1,0,1,Frequency Attack,low,0.0,1.69,2025-10-07 02:29:23.787904501
1759804163.8017206,RTU4,2,0.94,0.081,50.68,346.4,-37.4,SUSPECT,0.0598,0.6846,0,0,1,Measurement Noise,high,-0.06,0.68,2025-10-07 02:29:23.801720619
1759804163.7755382,RTU4,1,0.995,-0.075,49.98,180.7,132.1,GOOD,0.0052,0.0166,1,1,0,None,none,,,2025-10-07 02:29:23.775538206
1759804163.7752733,RTU4,1,0.999,0.04,49.83,428.3,189.7,GOOD,0.0012,0.1678,1,1,0,None,none,,,2025-10-07 02:29:23.775273323
1759804163.788459,RTU2,9,1.003,-0.09,50.84,132.2,86.7,GOOD,0.0028,0.8415,1,0,1,Frequency Attack,high,0.0,0.84,2025-10-07 02:29:23.788459063
1759804163.7930937,RTU1,9,1.17,-0.052,49.39,-248.8,-101.9,GOOD,0.1699,0.611,0,0,1,Combined Attack,low,0.17,-0.61,2025-10-07 02:29:23.793093681
1759804163.8002079,RTU3,4,1.11,0.055,49.27,174.9,48.2,GOOD,0.1099,0.7315,0,0,1,Status Spoofing,high,0.11,-0.73,2025-10-07 02:29:23.800207853
1759804163.783308,RTU2,2,1.1,-0.06,50.06,351.7,32.6,GOOD,0.0997,0.0598,0,1,1,Voltage Attack,low,0.1,0.0,2025-10-07 02:29:23.783308029
1759804163.7916296,RTU2,5,1.283,-0.031,48.9,-140.5,-93.7,INVALID,0.2828,1.1036,0,0,1,Combined Attack,medium,0.283,-1.1,2025-10-07 02:29:23.791629553
1759804163.8040311,RTU1,3,1.079,-0.13,49.98,359.3,-33.2,GOOD,0.0794,0.0199,0,1,1,Measurement Noise,medium,0.079,-0.02,2025-10-07 02:29:23.804031134
1759804163.787929,RTU3,6,1.005,-0.054,51.19,67.0,110.2,GOOD,0.0046,1.1938,1,0,1,Frequency Attack,medium,0.0,1.19,2025-10-07 02:29:23.787929058
1759804163.8010542,RTU4,10,1.076,-0.015,50.74,115.9,150.5,GOOD,0.0763,0.7415,0,0,1,Status Spoofing,medium,0.076,0.74,2025-10-07 02:29:23.801054239
1759804163.788004,RTU2,5,1.008,-0.079,50.95,-108.3,-97.6,SUSPECT,0.0085,0.9523,1,0,1,Frequency Attack,low,0.0,0.95,2025-10-07 02:29:23.788003922
1759804163.7835689,RTU4,4,0.878,0.031,50.05,-67.6,-127.8,GOOD,0.122,0.0538,0,1,1,Voltage Attack,medium,-0.122,0.0,2025-10-07 02:29:23.783568859
1759804163.8021374,RTU2,3,1.053,-0.135,49.53,-88.2,-194.7,GOOD,0.0531,0.4749,0,1,1,Measurement Noise,medium,0.053,-0.47,2025-10-07 02:29:23.802137375
1759804163.80099,RTU3,6,1.068,-0.024,49.15,462.2,177.8,GOOD,0.0683,0.8483,0,0,1,Status Spoofing,medium,0.068,-0.85,2025-10-07 02:29:23.800990105
1759804163.8045516,RTU2,4,0.975,0.095,49.82,-145.3,-207.8,GOOD,0.0252,0.185,1,1,1,Measurement Noise,low,-0.025,-0.18,2025-10-07 02:29:23.804551601
1759804163.8015692,RTU4,4,1.017,0.03,49.36,497.0,-26.3,GOOD,0.017,0.6372,1,0,1,Measurement Noise,medium,0.017,-0.64,2025-10-07 02:29:23.801569223
1759804163.8010058,RTU2,6,1.06,-0.099,49.29,120.7,64.2,GOOD,0.0603,0.7113,0,0,1,Status Spoofing,medium,0.06,-0.71,2025-10-07 02:29:23.801005840
1759804163.8047335,RTU4,8,1.051,-0.007,50.7,-417.7,-232.2,INVALID,0.0514,0.7045,0,0,1,Measurement Noise,medium,0.051,0.7,2025-10-07 02:29:23.804733515
1759804163.8026335,RTU1,4,0.982,0.066,50.04,294.7,215.2,GOOD,0.0178,0.0365,1,1,1,Measurement Noise,low,-0.018,0.04,2025-10-07 02:29:23.802633524
1759804163.7751434,RTU3,1,1.017,-0.064,50.08,498.9,113.9,GOOD,0.0165,0.0833,1,1,0,None,none,,,2025-10-07 02:29:23.775143385
1759804163.7880168,RTU2,6,1.011,0.057,48.48,368.4,58.7,GOOD,0.0108,1.52,1,0,1,Frequency Attack,high,0.0,-1.52,2025-10-07 02:29:23.788016796
1759804163.7882721,RTU4,7,1.011,-0.055,48.13,-91.8,-166.8,SUSPECT,0.0115,1.8689,1,0,1,Frequency Attack,medium,0.0,-1.87,2025-10-07 02:29:23.788272142
1759804163.8034246,RTU4,2,1.023,0.029,50.32,-59.6,37.8,GOOD,0.0229,0.316,1,1,1,Measurement Noise,high,0.023,0.32,2025-10-07 02:29:23.803424597
1759804163.79456,RTU2,1,0.802,-0.072,48.76,363.3,152.2,SUSPECT,0.1976,1.2391,0,0,1,Combined Attack,low,-0.198,-1.24,2025-10-07 02:29:23.794559956
1759804163.803269,RTU4,1,0.957,-0.019,50.5,-286.9,-25.4,GOOD,0.0431,0.4999,1,1,1,Measurement Noise,high,-0.043,0.5,2025-10-07 02:29:23.803268909
1759804163.8000696,RTU3,1,1.109,-0.018,50.43,194.0,83.1,GOOD,0.1094,0.4277,0,1,1,Status Spoofing,high,0.109,0.43,2025-10-07 02:29:23.800069571
1759804163.7782018,RTU1,1,1.017,0.093,50.2,53.4,161.1,GOOD,0.0175,0.1968,1,1,0,None,none,,,2025-10-07 02:29:23.778201818
1759804163.7834513,RTU4,4,1.283,0.056,50.04,460.3,174.2,GOOD,0.283,0.0434,0,1,1,Voltage Attack,medium,0.283,0.0,2025-10-07 02:29:23.783451319
1759804163.80513,RTU4,4,1.01,-0.073,50.16,466.6,194.7,SUSPECT,0.0103,0.1643,1,1,1,Measurement Noise,medium,0.01,0.16,2025-10-07 02:29:23.805130005
1759804163.775731,RTU4,8,1.002,-0.078,50.09,171.0,169.1,GOOD,0.0021,0.0923,1,1,0,None,none,,,2025-10-07 02:29:23.775731087
1759804163.7870462,RTU2,10,1.007,-0.096,49.3,360.1,173.9,INVALID,0.0075,0.7046,1,0,1,Frequency Attack,medium,0.0,-0.7,2025-10-07 02:29:23.787046194
1759804163.782223,RTU3,1,0.899,0.037,50.06,-367.5,-135.3,INVALID,0.1013,0.0646,0,1,1,Voltage Attack,medium,-0.101,0.0,2025-10-07 02:29:23.782222986
1759804163.8001845,RTU1,5,0.959,0.019,50.73,452.4,116.4,GOOD,0.041,0.7259,1,0,1,Status Spoofing,low,-0.041,0.73,2025-10-07 02:29:23.800184488
1759804163.788041,RTU2,7,0.982,-0.099,51.76,-205.4,-48.1,SUSPECT,0.0178,1.7562,1,0,1,Frequency Attack,medium,0.0,1.76,2025-10-07 02:29:23.788041115
1759804163.7982612,RTU3,9,1.083,-0.018,49.31,262.2,180.2,GOOD,0.0828,0.6878,0,0,1,Status Spoofing,medium,0.083,-0.69,2025-10-07 02:29:23.798261166
1759804163.7745268,RTU4,1,1.016,-0.06,49.98,-212.9,-162.5,GOOD,0.0158,0.0226,1,1,0,None,none,,,2025-10-07 02:29:23.774526834
1759804163.7829714,RTU2,10,1.14,-0.049,49.94,-337.4,-33.6,SUSPECT,0.1403,0.0642,0,1,1,Voltage Attack,low,0.14,0.0,2025-10-07 02:29:23.782971382
1759804163.78399,RTU2,8,0.696,0.063,49.83,-254.3,-167.0,SUSPECT,0.304,0.1726,0,1,1,Voltage Attack,high,-0.304,0.0,2025-10-07 02:29:23.783989906
1759804163.776524,RTU3,10,0.992,-0.09,50.11,-351.3,-86.9,GOOD,0.0085,0.1096,1,1,0,None,none,,,2025-10-07 02:29:23.776524067
1759804163.7974458,RTU2,5,0.94,0.069,49.17,279.0,162.1,GOOD,0.0595,0.8258,0,0,1,Status Spoofing,medium,-0.06,-0.83,2025-10-07 02:29:23.797445774
1759804163.7996585,RTU3,8,1.053,-0.048,51.29,-148.5,-27.9,GOOD,0.0529,1.2862,0,0,1,Status Spoofing,high,0.053,1.29,2025-10-07 02:29:23.799658537
1759804163.7874906,RTU3,7,0.998,0.058,48.56,417.9,7.1,INVALID,0.002,1.4421,1,0,1,Frequency Attack,high,0.0,-1.44,2025-10-07 02:29:23.787490606
1759804163.7840147,RTU3,10,0.769,0.023,50.06,374.9,167.1,GOOD,0.231,0.0566,0,1,1,Voltage Attack,high,-0.231,0.0,2025-10-07 02:29:23.784014702
1759804163.7763498,RTU3,3,0.992,-0.055,50.03,416.2,185.6,GOOD,0.0079,0.0346,1,1,0,None,none,,,2025-10-07 02:29:23.776349783
1759804163.7935257,RTU4,10,0.846,-0.071,53.47,412.4,156.2,INVALID,0.1537,3.4669,0,0,1,Combined Attack,high,-0.154,3.47,2025-10-07 02:29:23.793525696
1759804163.8007927,RTU2,9,1.056,-0.087,50.53,-83.5,-10.5,GOOD,0.0564,0.5258,0,0,1,Status Spoofing,low,0.056,0.53,2025-10-07 02:29:23.800792694
1759804163.7972682,RTU4,9,1.12,0.069,51.01,401.4,12.0,GOOD,0.1199,1.0112,0,0,1,Status Spoofing,high,0.12,1.01,2025-10-07 02:29:23.797268152
1759804163.7757096,RTU3,10,0.993,-0.036,49.97,-303.9,-47.7,GOOD,0.0069,0.0349,1,1,0,None,none,,,2025-10-07 02:29:23.775709629
1759804163.7920732,RTU3,6,0.794,-0.015,51.97,-314.5,-150.7,SUSPECT,0.2061,1.9668,0,0,1,Combined Attack,low,-0.206,1.97,2025-10-07 02:29:23.792073250
1759804163.8043604,RTU2,4,1.052,-0.061,49.4,-251.4,16.4,GOOD,0.0522,0.5954,0,0,1,Measurement Noise,medium,0.052,-0.6,2025-10-07 02:29:23.804360390
1759804163.8037283,RTU4,8,0.948,-0.094,50.48,-151.3,-180.6,GOOD,0.0518,0.4824,0,1,1,Measurement Noise,medium,-0.052,0.48,2025-10-07 02:29:23.803728342
1759804163.8039703,RTU2,5,1.004,0.041,50.1,-172.5,-9.9,GOOD,0.0043,0.1046,1,1,1,Measurement Noise,low,0.004,0.1,2025-10-07 02:29:23.803970337
1759804163.784053,RTU4,9,1.227,0.066,50.03,-190.9,-165.6,GOOD,0.227,0.03,0,1,1,Voltage Attack,high,0.227,0.0,2025-10-07 02:29:23.784053087
1759804163.8066247,RTU4,1,0.94,-0.045,50.41,-389.0,-173.4,GOOD,0.0605,0.4081,0,1,1,Measurement Noise,medium,-0.06,0.41,2025-10-07 02:29:23.806624651
1759804163.7853596,RTU1,7,0.996,-0.095,52.03,-321.9,-121.5,GOOD,0.0042,2.0316,1,0,1,Frequency Attack,medium,0.0,2.03,2025-10-07 02:29:23.785359621
1759804163.7973266,RTU4,6,0.933,0.015,49.55,361.0,50.6,GOOD,0.0672,0.4536,0,1,1,Status Spoofing,medium,-0.067,-0.45,2025-10-07 02:29:23.797326565
1759804163.7880898,RTU4,8,1.003,0.01,47.86,-318.4,-19.2,SUSPECT,0.0032,2.1381,1,0,1,Frequency Attack,high,0.0,-2.14,2025-10-07 02:29:23.788089752
1759804163.7993965,RTU1,1,0.939,0.092,50.67,-289.5,-141.5,GOOD,0.0615,0.6681,0,0,1,Status Spoofing,low,-0.061,0.67,2025-10-07 02:29:23.799396515
1759804163.785593,RTU2,7,1.006,0.075,51.83,-65.7,-26.6,GOOD,0.0057,1.8341,1,0,1,Frequency Attack,high,0.0,1.83,2025-10-07 02:29:23.785593033
1759804163.8041778,RTU1,5,0.995,-0.132,50.05,395.8,-42.2,GOOD,0.0053,0.0521,1,1,1,Measurement Noise,low,-0.005,0.05,2025-10-07 02:29:23.804177761
1759804163.7924933,RTU4,9,1.176,0.005,52.05,346.3,186.7,GOOD,0.1759,2.0486,0,0,1,Combined Attack,medium,0.176,2.05,2025-10-07 02:29:23.792493343
1759804163.7893202,RTU1,10,0.999,0.032,51.53,-220.1,-177.2,SUSPECT,0.0013,1.5266,1,0,1,Frequency Attack,low,0.0,1.53,2025-10-07 02:29:23.789320230
1759804163.797072,RTU1,10,1.086,0.009,48.71,-189.0,-17.6,GOOD,0.086,1.288,0,0,1,Status Spoofing,high,0.086,-1.29,2025-10-07 02:29:23.797071934
1759804163.7873034,RTU1,9,1.003,-0.033,48.94,74.4,104.6,GOOD,0.0029,1.0561,1,0,1,Frequency Attack,low,0.0,-1.06,2025-10-07 02:29:23.787303448
1759804163.8032858,RTU1,10,1.009,0.055,49.95,-334.9,-137.9,GOOD,0.0092,0.0451,1,1,1,Measurement Noise,low,0.009,-0.05,2025-10-07 02:29:23.803285837
1759804163.7914727,RTU2,8,0.803,0.003,48.31,293.1,91.5,GOOD,0.1973,1.6863,0,0,1,Combined Attack,low,-0.197,-1.69,2025-10-07 02:29:23.791472673
1759804163.7864442,RTU3,1,0.996,0.039,48.57,112.3,65.2,INVALID,0.0037,1.4339,1,0,1,Frequency Attack,low,0.0,-1.43,2025-10-07 02:29:23.786444187
1759804163.7813377,RTU4,1,0.783,-0.073,49.92,149.5,10.0,GOOD,0.2174,0.083,0,1,1,Voltage Attack,high,-0.217,0.0,2025-10-07 02:29:23.781337738
1759804163.790552,RTU2,10,0.919,-0.034,48.55,-143.9,-40.1,GOOD,0.0807,1.4466,0,0,1,Combined Attack,low,-0.081,-1.45,2025-10-07 02:29:23.790551901
1759804163.7749336,RTU2,2,0.997,-0.064,50.04,109.4,44.5,GOOD,0.0026,0.0355,1,1,0,None,none,,,2025-10-07 02:29:23.774933577
1759804163.7838457,RTU4,3,1.222,0.051,50.06,298.4,25.1,GOOD,0.2225,0.0561,0,1,1,Voltage Attack,medium,0.222,0.0,2025-10-07 02:29:23.783845663
1759804163.7843485,RTU1,10,1.212,0.04,49.95,-327.5,-30.6,INVALID,0.2117,0.0507,0,1,1,Voltage Attack,high,0.212,0.0,2025-10-07 02:29:23.784348488
1759804163.7932308,RTU3,7,0.748,-0.034,47.45,67.2,87.5,INVALID,0.2517,2.5471,0,0,1,Combined Attack,medium,-0.252,-2.55,2025-10-07 02:29:23.793230772
1759804163.7980583,RTU3,8,0.95,-0.006,49.21,224.3,102.7,GOOD,0.0495,0.7896,1,0,1,Status Spoofing,low,-0.05,-0.79,2025-10-07 02:29:23.798058271
1759804163.7981303,RTU4,6,0.934,-0.03,50.45,-252.8,-74.9,GOOD,0.0662,0.4528,0,1,1,Status Spoofing,low,-0.066,0.45,2025-10-07 02:29:23.798130274
1759804163.7760372,RTU2,6,0.998,0.087,50.13,204.3,156.3,GOOD,0.0016,0.1344,1,1,0,None,none,,,2025-10-07 02:29:23.776037216
1759804163.80658,RTU4,10,0.979,-0.071,49.99,-424.4,-61.6,GOOD,0.0212,0.0129,1,1,1,Measurement Noise,medium,-0.021,-0.01,2025-10-07 02:29:23.806580067
1759804163.7839403,RTU3,9,1.128,-0.046,49.94,-54.7,-93.0,GOOD,0.128,0.0605,0,1,1,Voltage Attack,low,0.128,0.0,2025-10-07 02:29:23.783940315
1759804163.7931788,RTU1,2,1.216,0.029,48.7,-168.7,-90.0,GOOD,0.216,1.302,0,0,1,Combined Attack,high,0.216,-1.3,2025-10-07 02:29:23.793178797
1759804163.798045,RTU3,5,0.919,0.022,49.21,-313.0,-4.5,GOOD,0.0812,0.7943,0,0,1,Status Spoofing,high,-0.081,-0.79,2025-10-07 02:29:23.798044920
1759804163.7768686,RTU4,5,0.995,0.039,50.03,-97.5,-6.2,GOOD,0.0047,0.0266,1,1,0,None,none,,,2025-10-07 02:29:23.776868582
1759804163.7891269,RTU3,7,1.022,0.083,48.93,129.5,171.7,GOOD,0.022,1.074,1,0,1,Frequency Attack,low,0.0,-1.07,2025-10-07 02:29:23.789126873
1759804163.7747552,RTU2,2,0.995,0.054,50.05,151.3,89.3,GOOD,0.0048,0.0524,1,1,0,None,none,,,2025-10-07 02:29:23.774755239
1759804163.7871094,RTU3,9,1.001,0.004,47.85,-329.2,-129.2,INVALID,0.0009,2.1498,1,0,1,Frequency Attack,medium,0.0,-2.15,2025-10-07 02:29:23.787109375
1759804163.7864053,RTU2,10,0.991,0.091,51.02,452.0,49.8,SUSPECT,0.0091,1.0242,1,0,1,Frequency Attack,medium,0.0,1.02,2025-10-07 02:29:23.786405325
1759804163.8006904,RTU2,6,0.875,0.043,51.21,356.9,135.5,GOOD,0.1248,1.2128,0,0,1,Status Spoofing,high,-0.125,1.21,2025-10-07 02:29:23.800690413
1759804163.7915668,RTU3,10,0.643,0.027,48.57,-165.9,-3.1,SUSPECT,0.3574,1.4301,0,0,1,Combined Attack,high,-0.357,-1.43,2025-10-07 02:29:23.791566849
1759804163.7767718,RTU2,2,0.981,0.075,50.16,491.6,61.5,GOOD,0.0185,0.1597,1,1,0,None,none,,,2025-10-07 02:29:23.776771784
1759804163.805246,RTU4,1,0.984,-0.019,50.19,440.2,-9.7,INVALID,0.0162,0.188,1,1,1,Measurement Noise,high,-0.016,0.19,2025-10-07 02:29:23.805246115
1759804163.7742462,RTU4,9,0.99,0.009,50.07,409.0,57.5,GOOD,0.0099,0.0691,1,1,0,None,none,,,2025-10-07 02:29:23.774246216
1759804163.7883472,RTU2,6,1.003,0.097,51.18,-283.7,-179.7,GOOD,0.0034,1.1792,1,0,1,Frequency Attack,low,0.0,1.18,2025-10-07 02:29:23.788347244
1759804163.7943316,RTU3,7,0.801,-0.045,52.48,314.0,142.9,SUSPECT,0.199,2.4753,0,0,1,Combined Attack,high,-0.199,2.48,2025-10-07 02:29:23.794331551
1759804163.804421,RTU1,2,0.987,0.097,50.36,-373.7,-136.2,GOOD,0.0129,0.3558,1,1,1,Measurement Noise,medium,-0.013,0.36,2025-10-07 02:29:23.804420948
1759804163.7780206,RTU1,4,1.008,-0.057,50.05,-310.7,-34.4,SUSPECT,0.008,0.0527,1,1,0,None,none,,,2025-10-07 02:29:23.778020620
1759804163.7822957,RTU3,2,0.814,-0.094,49.89,-191.5,-57.5,GOOD,0.1862,0.1099,0,1,1,Voltage Attack,low,-0.186,0.0,2025-10-07 02:29:23.782295704
1759804163.8020382,RTU4,7,0.968,0.11,50.05,345.4,25.5,GOOD,0.0317,0.0524,1,1,1,Measurement Noise,high,-0.032,0.05,2025-10-07 02:29:23.802038193
1759804163.8034399,RTU4,9,0.989,-0.085,50.08,72.3,47.1,GOOD,0.0107,0.0833,1,1,1,Measurement Noise,high,-0.011,0.08,2025-10-07 02:29:23.803439856
1759804163.7768152,RTU3,7,1.018,-0.01,49.96,-183.5,-110.2,GOOD,0.0181,0.0413,1,1,0,None,none,,,2025-10-07 02:29:23.776815176
1759804163.7887638,RTU1,7,0.978,0.023,50.58,-280.2,-111.7,SUSPECT,0.0221,0.5752,1,0,1,Frequency Attack,low,0.0,0.58,2025-10-07 02:29:23.788763762
1759804163.7867887,RTU3,8,1.004,0.073,53.24,-136.2,-189.6,GOOD,0.0038,3.2359,1,0,1,Frequency Attack,high,0.0,3.24,2025-10-07 02:29:23.786788702
1759804163.7931385,RTU2,10,0.861,0.02,48.39,231.3,107.0,GOOD,0.1386,1.6112,0,0,1,Combined Attack,medium,-0.139,-1.61,2025-10-07 02:29:23.793138504
1759804163.7786772,RTU1,1,0.982,0.038,49.88,209.4,129.6,GOOD,0.0181,0.1174,1,1,0,None,none,,,2025-10-07 02:29:23.778677225
1759804163.7892554,RTU3,4,0.991,-0.029,49.2,-139.1,-116.2,GOOD,0.0091,0.8028,1,0,1,Frequency Attack,medium,0.0,-0.8,2025-10-07 02:29:23.789255381
1759804163.7880535,RTU2,4,1.013,0.007,51.79,-258.2,-136.2,SUSPECT,0.0128,1.7857,1,0,1,Frequency Attack,medium,0.0,1.79,2025-10-07 02:29:23.788053513
1759804163.7877226,RTU4,7,0.989,-0.073,48.59,81.4,16.0,GOOD,0.0111,1.4148,1,0,1,Frequency Attack,low,0.0,-1.41,2025-10-07 02:29:23.787722588
1759804163.779841,RTU3,1,1.062,0.094,50.05,250.5,11.6,GOOD,0.0621,0.0491,0,1,1,Voltage Attack,low,0.062,0.0,2025-10-07 02:29:23.779840946
1759804163.7881436,RTU1,6,0.993,0.026,48.63,-373.4,-135.3,INVALID,0.0072,1.3682,1,0,1,Frequency Attack,low,0.0,-1.37,2025-10-07 02:29:23.788143635
1759804163.7985294,RTU4,10,1.079,0.093,50.56,332.9,114.1,GOOD,0.0786,0.5574,0,0,1,Status Spoofing,low,0.079,0.56,2025-10-07 02:29:23.798529387
1759804163.789921,RTU2,10,0.92,0.01,50.93,221.5,145.2,INVALID,0.0801,0.9254,0,0,1,Combined Attack,medium,-0.08,0.93,2025-10-07 02:29:23.789921045
1759804163.7891393,RTU3,1,1.002,0.077,48.25,420.0,79.7,GOOD,0.0023,1.7507,1,0,1,Frequency Attack,low,0.0,-1.75,2025-10-07 02:29:23.789139271
1759804163.7937882,RTU1,6,0.817,0.098,48.6,210.6,116.1,GOOD,0.1829,1.4048,0,0,1,Combined Attack,high,-0.183,-1.4,2025-10-07 02:29:23.793788195
1759804163.789003,RTU4,2,0.998,0.092,52.23,-355.8,-45.7,SUSPECT,0.0019,2.2258,1,0,1,Frequency Attack,high,0.0,2.23,2025-10-07 02:29:23.789002895
1759804163.806002,RTU2,1,1.026,0.051,50.03,65.9,64.0,GOOD,0.0257,0.0281,1,1,1,Measurement Noise,low,0.026,0.03,2025-10-07 02:29:23.806001902
1759804163.776394,RTU3,7,1.003,0.071,49.91,-354.7,-85.9,GOOD,0.0026,0.0854,1,1,0,None,none,,,2025-10-07 02:29:23.776393890
1759804163.8019927,RTU2,3,0.891,0.082,51.08,240.8,-34.8,GOOD,0.1092,1.0765,0,0,1,Measurement Noise,high,-0.109,1.08,2025-10-07 02:29:23.801992655
1759804163.784423,RTU2,6,0.929,-0.032,49.94,186.2,49.7,INVALID,0.0706,0.0614,0,1,1,Voltage Attack,low,-0.071,0.0,2025-10-07 02:29:23.784423113
1759804163.7917895,RTU4,7,0.904,0.093,51.23,126.4,71.5,SUSPECT,0.0956,1.2318,0,0,1,Combined Attack,low,-0.096,1.23,2025-10-07 02:29:23.791789532
1759804163.7858095,RTU1,6,1.012,-0.066,52.05,118.6,160.1,GOOD,0.0115,2.05,1,0,1,Frequency Attack,medium,0.0,2.05,2025-10-07 02:29:23.785809517
1759804163.7865252,RTU4,4,0.986,0.096,52.28,-264.6,-83.4,GOOD,0.0136,2.2804,1,0,1,Frequency Attack,medium,0.0,2.28,2025-10-07 02:29:23.786525249
1759804163.7984755,RTU1,6,0.939,0.084,49.28,-224.1,-108.5,GOOD,0.0608,0.7173,0,0,1,Status Spoofing,high,-0.061,-0.72,2025-10-07 02:29:23.798475504
1759804163.7891023,RTU4,3,0.994,0.059,48.86,-88.2,-116.0,SUSPECT,0.0062,1.1413,1,0,1,Frequency Attack,low,0.0,-1.14,2025-10-07 02:29:23.789102316
1759804163.7766294,RTU2,2,0.995,-0.061,50.18,330.0,189.2,GOOD,0.0052,0.1805,1,1,0,None,none,,,2025-10-07 02:29:23.776629448
1759804163.8053355,RTU2,10,1.043,-0.1,49.8,-394.1,-238.9,GOOD,0.0425,0.2027,1,1,1,Measurement Noise,high,0.043,-0.2,2025-10-07 02:29:23.805335522
1759804163.7970636,RTU2,2,0.932,-0.078,50.69,360.9,192.1,GOOD,0.0685,0.6856,0,0,1,Status Spoofing,low,-0.068,0.69,2025-10-07 02:29:23.797063589
1759804163.8007295,RTU3,5,0.944,-0.087,49.38,283.3,22.8,GOOD,0.0561,0.6181,0,0,1,Status Spoofing,medium,-0.056,-0.62,2025-10-07 02:29:23.800729513
1759804163.8025029,RTU4,5,0.984,0.038,50.26,-366.3,-171.3,GOOD,0.0157,0.2564,1,1,1,Measurement Noise,low,-0.016,0.26,2025-10-07 02:29:23.802502871
1759804163.782946,RTU4,4,0.926,0.041,50.02,417.3,180.7,GOOD,0.074,0.0188,0,1,1,Voltage Attack,low,-0.074,0.0,2025-10-07 02:29:23.782946110
1759804163.8067296,RTU3,4,0.988,-0.095,49.79,263.9,-35.8,INVALID,0.0121,0.2122,1,1,1,Measurement Noise,high,-0.012,-0.21,2025-10-07 02:29:23.806729555
1759804163.800169,RTU1,4,1.067,-0.011,49.57,218.1,133.4,GOOD,0.0672,0.4271,0,1,1,Status Spoofing,low,0.067,-0.43,2025-10-07 02:29:23.800168991
1759804163.7841017,RTU1,6,1.316,0.035,50.0,-373.4,-9.5,GOOD,0.3163,0.0023,0,1,1,Voltage Attack,high,0.316,0.0,2025-10-07 02:29:23.784101725
1759804163.7888262,RTU3,9,1.003,-0.081,50.51,88.5,17.4,SUSPECT,0.0029,0.5115,1,0,1,Frequency Attack,medium,0.0,0.51,2025-10-07 02:29:23.788826227
1759804163.7773888,RTU2,10,0.998,-0.001,50.23,276.8,31.2,GOOD,0.0021,0.2345,1,1,0,None,none,,,2025-10-07 02:29:23.777388811
1759804163.7929165,RTU3,6,0.808,0.003,46.8,-223.7,-179.5,SUSPECT,0.192,3.2027,0,0,1,Combined Attack,high,-0.192,-3.2,2025-10-07 02:29:23.792916536
1759804163.7933443,RTU1,3,0.885,-0.006,47.09,-391.0,-23.8,INVALID,0.1146,2.914,0,0,1,Combined Attack,high,-0.115,-2.91,2025-10-07 02:29:23.793344259
1759804163.7993402,RTU3,2,0.945,-0.063,49.27,73.2,124.4,GOOD,0.0547,0.7348,0,0,1,Status Spoofing,high,-0.055,-0.73,2025-10-07 02:29:23.799340248
1759804163.797536,RTU1,7,1.108,-0.03,50.84,-190.1,-187.2,GOOD,0.1084,0.8374,0,0,1,Status Spoofing,high,0.108,0.84,2025-10-07 02:29:23.797535896
1759804163.7915125,RTU2,3,1.277,-0.038,48.84,-208.1,-161.0,SUSPECT,0.2772,1.1598,0,0,1,Combined Attack,medium,0.277,-1.16,2025-10-07 02:29:23.791512489
1759804163.7869337,RTU4,9,1.002,0.004,48.09,241.7,179.7,GOOD,0.0025,1.906,1,0,1,Frequency Attack,medium,0.0,-1.91,2025-10-07 02:29:23.786933661
1759804163.792622,RTU3,7,1.252,-0.007,51.35,247.5,5.8,GOOD,0.2522,1.3471,0,0,1,Combined Attack,medium,0.252,1.35,2025-10-07 02:29:23.792622089
1759804163.780133,RTU3,10,0.814,-0.035,49.89,-167.5,-24.6,SUSPECT,0.1862,0.1068,0,1,1,Voltage Attack,medium,-0.186,0.0,2025-10-07 02:29:23.780133009
1759804163.793667,RTU1,6,0.703,0.073,52.03,314.6,119.6,GOOD,0.2972,2.0337,0,0,1,Combined Attack,high,-0.297,2.03,2025-10-07 02:29:23.793667078
1759804163.7991383,RTU3,5,1.049,0.002,50.78,198.3,14.6,GOOD,0.0492,0.7772,1,0,1,Status Spoofing,low,0.049,0.78,2025-10-07 02:29:23.799138308
1759804163.7843726,RTU2,7,0.927,-0.042,49.89,263.2,26.7,SUSPECT,0.0733,0.1111,0,1,1,Voltage Attack,low,-0.073,0.0,2025-10-07 02:29:23.784372568
1759804163.7824078,RTU3,9,1.063,0.031,50.11,-370.6,-57.9,GOOD,0.0632,0.1098,0,1,1,Voltage Attack,medium,0.063,0.0,2025-10-07 02:29:23.782407761
1759804163.7829587,RTU1,7,1.218,-0.093,50.21,-377.6,-196.9,GOOD,0.2185,0.2146,0,1,1,Voltage Attack,high,0.218,0.0,2025-10-07 02:29:23.782958746
1759804163.7751868,RTU4,8,0.989,0.094,50.06,57.0,47.1,GOOD,0.0107,0.062,1,1,0,None,none,,,2025-10-07 02:29:23.775186777
1759804163.7988997,RTU2,7,0.935,-0.075,51.06,-95.3,-137.3,GOOD,0.0654,1.0644,0,0,1,Status Spoofing,high,-0.065,1.06,2025-10-07 02:29:23.798899651
1759804163.776449,RTU1,6,0.998,-0.024,49.92,345.4,100.1,GOOD,0.0019,0.0809,1,1,0,None,none,,,2025-10-07 02:29:23.776448965
1759804163.7813876,RTU1,1,1.242,-0.026,49.83,-284.7,-190.1,INVALID,0.2422,0.167,0,1,1,Voltage Attack,medium,0.242,0.0,2025-10-07 02:29:23.781387568
1759804163.784484,RTU3,6,0.776,0.015,49.98,395.5,91.7,GOOD,0.2244,0.0156,0,1,1,Voltage Attack,medium,-0.224,0.0,2025-10-07 02:29:23.784483910
1759804163.804238,RTU1,5,0.964,0.085,50.03,56.4,140.8,GOOD,0.0358,0.0276,1,1,1,Measurement Noise,low,-0.036,0.03,2025-10-07 02:29:23.804238081
1759804163.784572,RTU3,4,0.901,0.006,49.99,-208.7,-126.0,INVALID,0.0994,0.0061,0,1,1,Voltage Attack,low,-0.099,0.0,2025-10-07 02:29:23.784571886
1759804163.799478,RTU3,5,1.045,0.064,49.08,-196.7,-149.6,GOOD,0.0453,0.9188,1,0,1,Status Spoofing,medium,0.045,-0.92,2025-10-07 02:29:23.799478054
1759804163.7918622,RTU1,7,1.063,-0.062,49.1,184.5,198.4,GOOD,0.0632,0.8975,0,0,1,Combined Attack,low,0.063,-0.9,2025-10-07 02:29:23.791862249
1759804163.776295,RTU4,10,0.988,0.073,49.97,-217.0,-190.7,GOOD,0.0125,0.0297,1,1,0,None,none,,,2025-10-07 02:29:23.776294947
1759804163.8021214,RTU2,3,1.039,-0.053,50.05,272.4,189.4,GOOD,0.0391,0.0496,1,1,1,Measurement Noise,low,0.039,0.05,2025-10-07 02:29:23.802121401
1759804163.7977915,RTU2,3,1.049,0.09,50.59,479.6,195.7,GOOD,0.0486,0.5892,1,0,1,Status Spoofing,low,0.049,0.59,2025-10-07 02:29:23.797791481
1759804163.8001382,RTU3,5,0.945,-0.018,50.78,85.0,100.9,GOOD,0.0545,0.7769,0,0,1,Status Spoofing,high,-0.055,0.78,2025-10-07 02:29:23.800138235
1759804163.7857854,RTU2,2,1.009,-0.095,48.66,-290.4,-114.8,SUSPECT,0.0088,1.3414,1,0,1,Frequency Attack,medium,0.0,-1.34,2025-10-07 02:29:23.785785437
1759804163.7818875,RTU4,5,1.216,-0.056,50.04,-155.8,-40.7,GOOD,0.2157,0.0402,0,1,1,Voltage Attack,medium,0.216,0.0,2025-10-07 02:29:23.781887531
1759804163.782026,RTU3,4,0.911,-0.044,49.97,182.0,83.9,GOOD,0.0888,0.0335,0,1,1,Voltage Attack,low,-0.089,0.0,2025-10-07 02:29:23.782026052
1759804163.8062813,RTU4,3,1.019,0.028,50.01,-405.1,-193.6,GOOD,0.019,0.0058,1,1,1,Measurement Noise,low,0.019,0.01,2025-10-07 02:29:23.806281328
1759804163.7973692,RTU1,9,1.047,0.047,48.86,-396.9,-0.2,GOOD,0.0474,1.14,1,0,1,Status Spoofing,high,0.047,-1.14,2025-10-07 02:29:23.797369242
1759804163.8062518,RTU2,6,0.977,-0.024,50.04,-370.7,-0.6,GOOD,0.0229,0.0432,1,1,1,Measurement Noise,low,-0.023,0.04,2025-10-07 02:29:23.806251764
1759804163.798582,RTU2,1,1.077,0.004,49.44,326.4,47.0,GOOD,0.0773,0.5587,0,0,1,Status Spoofing,low,0.077,-0.56,2025-10-07 02:29:23.798582077
1759804163.792687,RTU1,2,1.119,-0.025,52.42,430.9,79.3,GOOD,0.1192,2.4172,0,0,1,Combined Attack,medium,0.119,2.42,2025-10-07 02:29:23.792686939
1759804163.8018239,RTU4,3,1.097,-0.078,49.26,-146.9,-148.9,GOOD,0.0967,0.7402,0,0,1,Measurement Noise,high,0.097,-0.74,2025-10-07 02:29:23.801823854
1759804163.7920601,RTU3,6,0.841,-0.033,51.22,-355.0,-156.3,GOOD,0.1593,1.2215,0,0,1,Combined Attack,low,-0.159,1.22,2025-10-07 02:29:23.792060137
1759804163.8019323,RTU3,8,0.931,-0.104,49.24,-393.8,-192.1,GOOD,0.069,0.7592,0,0,1,Measurement Noise,high,-0.069,-0.76,2025-10-07 02:29:23.801932335
1759804163.8056362,RTU4,3,0.991,0.12,49.44,502.8,-19.0,SUSPECT,0.0089,0.5615,1,0,1,Measurement Noise,high,-0.009,-0.56,2025-10-07 02:29:23.805636168
1759804163.7766075,RTU3,1,0.984,0.044,49.85,-51.7,-179.7,GOOD,0.0163,0.1528,1,1,0,None,none,,,2025-10-07 02:29:23.776607513
1759804163.7965362,RTU3,3,0.819,0.028,48.3,-265.6,-34.5,SUSPECT,0.1809,1.7031,0,0,1,Combined Attack,high,-0.181,-1.7,2025-10-07 02:29:23.796536207
1759804163.7749887,RTU1,7,0.987,-0.059,50.01,-244.6,-148.9,GOOD,0.0131,0.0092,1,1,0,None,none,,,2025-10-07 02:29:23.774988651
1759804163.7938154,RTU2,6,0.815,-0.009,52.79,331.6,148.9,GOOD,0.1851,2.7902,0,0,1,Combined Attack,high,-0.185,2.79,2025-10-07 02:29:23.793815374
1759804163.782014,RTU2,9,1.261,0.071,49.97,66.4,26.2,GOOD,0.261,0.0323,0,1,1,Voltage Attack,medium,0.261,0.0,2025-10-07 02:29:23.782013893
1759804163.7824576,RTU2,9,1.068,-0.097,49.94,415.8,156.8,GOOD,0.0681,0.0603,0,1,1,Voltage Attack,high,0.068,0.0,2025-10-07 02:29:23.782457590
1759804163.7854452,RTU2,7,0.998,0.043,47.4,-165.9,-47.4,SUSPECT,0.0016,2.5976,1,0,1,Frequency Attack,medium,0.0,-2.6,2025-10-07 02:29:23.785445213
1759804163.785204,RTU3,10,1.008,-0.053,50.92,457.7,89.4,SUSPECT,0.008,0.9178,1,0,1,Frequency Attack,low,0.0,0.92,2025-10-07 02:29:23.785203934
1759804163.7995293,RTU4,6,0.949,-0.017,50.48,-306.2,-65.2,GOOD,0.0511,0.4808,0,1,1,Status Spoofing,low,-0.051,0.48,2025-10-07 02:29:23.799529314
1759804163.7891645,RTU1,10,0.999,0.048,51.34,-56.9,-25.7,GOOD,0.0011,1.3352,1,0,1,Frequency Attack,medium,0.0,1.34,2025-10-07 02:29:23.789164543
1759804163.785682,RTU3,2,1.007,-0.092,51.8,-371.1,-74.4,SUSPECT,0.0065,1.8024,1,0,1,Frequency Attack,low,0.0,1.8,2025-10-07 02:29:23.785681963
1759804163.8036685,RTU1,7,0.989,-0.138,49.78,-305.9,13.7,GOOD,0.0114,0.2246,1,1,1,Measurement Noise,medium,-0.011,-0.22,2025-10-07 02:29:23.803668499
1759804163.7774007,RTU4,7,1.003,-0.031,50.22,-315.9,-147.6,GOOD,0.0033,0.2159,1,1,0,None,none,,,2025-10-07 02:29:23.777400732
1759804163.8037443,RTU4,9,1.025,-0.065,49.88,-30.6,-13.9,INVALID,0.025,0.1224,1,1,1,Measurement Noise,high,0.025,-0.12,2025-10-07 02:29:23.803744316
1759804163.7844715,RTU2,9,0.93,-0.097,50.07,239.0,105.1,INVALID,0.0702,0.0742,0,1,1,Voltage Attack,medium,-0.07,0.0,2025-10-07 02:29:23.784471512
1759804163.7860425,RTU1,10,1.0,0.026,50.88,-271.8,-42.4,GOOD,0.0005,0.8802,1,0,1,Frequency Attack,low,0.0,0.88,2025-10-07 02:29:23.786042452
1759804163.787241,RTU3,3,0.997,-0.029,48.53,277.3,174.0,GOOD,0.0026,1.4731,1,0,1,Frequency Attack,high,0.0,-1.47,2025-10-07 02:29:23.787240982
1759804163.8019626,RTU4,10,0.895,-0.134,49.67,-79.1,37.2,GOOD,0.1047,0.3281,0,1,1,Measurement Noise,medium,-0.105,-0.33,2025-10-07 02:29:23.801962614
1759804163.8038938,RTU2,4,1.047,0.077,50.59,427.8,232.2,SUSPECT,0.0472,0.5929,1,0,1,Measurement Noise,high,0.047,0.59,2025-10-07 02:29:23.803893805
1759804163.7879786,RTU2,8,1.021,-0.09,48.76,341.2,26.6,GOOD,0.0212,1.2447,1,0,1,Frequency Attack,medium,0.0,-1.24,2025-10-07 02:29:23.787978649
1759804163.8055913,RTU2,2,0.947,-0.044,50.12,503.9,173.1,GOOD,0.0525,0.1226,0,1,1,Measurement Noise,medium,-0.053,0.12,2025-10-07 02:29:23.805591345
1759804163.78841,RTU3,10,0.986,0.082,47.44,-268.8,-137.0,SUSPECT,0.0137,2.5621,1,0,1,Frequency Attack,high,0.0,-2.56,2025-10-07 02:29:23.788409948
1759804163.7887013,RTU2,1,1.002,0.052,51.59,452.8,72.3,SUSPECT,0.0021,1.5858,1,0,1,Frequency Attack,high,0.0,1.59,2025-10-07 02:29:23.788701296
1759804163.7981567,RTU3,1,1.055,0.017,51.11,-177.7,-77.1,GOOD,0.0548,1.1131,0,0,1,Status Spoofing,high,0.055,1.11,2025-10-07 02:29:23.798156738
1759804163.7992709,RTU2,7,0.931,0.054,49.36,246.3,193.5,GOOD,0.069,0.6405,0,0,1,Status Spoofing,medium,-0.069,-0.64,2025-10-07 02:29:23.799270868
1759804163.7884712,RTU2,10,0.993,-0.034,51.4,-377.7,-25.3,SUSPECT,0.0069,1.3964,1,0,1,Frequency Attack,low,0.0,1.4,2025-10-07 02:29:23.788471222
1759804163.77851,RTU2,9,1.008,-0.087,50.15,130.4,42.9,GOOD,0.0075,0.1452,1,1,0,None,none,,,2025-10-07 02:29:23.778510094
1759804163.7923868,RTU1,10,1.198,0.024,51.63,-90.3,-65.5,GOOD,0.1981,1.6321,0,0,1,Combined Attack,low,0.198,1.63,2025-10-07 02:29:23.792386770
1759804163.8008842,RTU2,9,0.956,-0.095,50.73,482.4,20.6,GOOD,0.0435,0.7344,1,0,1,Status Spoofing,high,-0.044,0.73,2025-10-07 02:29:23.800884247
1759804163.77556,RTU1,5,0.973,0.055,50.01,-219.2,-189.4,GOOD,0.0273,0.0063,1,1,0,None,none,,,2025-10-07 02:29:23.775559902
1759804163.797355,RTU4,1,0.956,-0.033,49.2,-130.0,-56.0,GOOD,0.0442,0.8015,1,0,1,Status Spoofing,low,-0.044,-0.8,2025-10-07 02:29:23.797354937
1759804163.7836468,RTU4,3,0.885,-0.004,50.15,-94.3,-129.3,GOOD,0.1149,0.1491,0,1,1,Voltage Attack,high,-0.115,0.0,2025-10-07 02:29:23.783646822
1759804163.7913663,RTU1,8,1.179,0.061,48.8,132.8,5.8,INVALID,0.1792,1.2009,0,0,1,Combined Attack,low,0.179,-1.2,2025-10-07 02:29:23.791366339
1759804163.7932568,RTU1,5,1.216,0.088,51.48,-228.3,-56.8,GOOD,0.2165,1.482,0,0,1,Combined Attack,high,0.216,1.48,2025-10-07 02:29:23.793256760
1759804163.8057601,RTU2,10,1.053,-0.086,49.86,-232.4,-227.5,INVALID,0.0531,0.1443,0,1,1,Measurement Noise,high,0.053,-0.14,2025-10-07 02:29:23.805760145
1759804163.8042533,RTU1,7,1.008,-0.015,50.18,217.1,207.2,INVALID,0.0077,0.1829,1,1,1,Measurement Noise,low,0.008,0.18,2025-10-07 02:29:23.804253340
1759804163.7741735,RTU4,9,0.993,0.007,49.88,-159.9,-96.3,GOOD,0.0073,0.1161,1,1,0,None,none,,,2025-10-07 02:29:23.774173498
1759804163.7990956,RTU1,7,1.1,0.09,48.79,262.1,83.0,GOOD,0.0996,1.2091,0,0,1,Status Spoofing,high,0.1,-1.21,2025-10-07 02:29:23.799095631
1759804163.805276,RTU2,9,0.957,-0.133,49.69,158.9,61.4,INVALID,0.0427,0.312,1,1,1,Measurement Noise,medium,-0.043,-0.31,2025-10-07 02:29:23.805275917
1759804163.7888918,RTU1,8,0.991,-0.0,51.34,459.3,60.8,GOOD,0.0092,1.3426,1,0,1,Frequency Attack,low,0.0,1.34,2025-10-07 02:29:23.788891792
1759804163.7743354,RTU1,1,1.01,-0.07,49.92,-292.2,-26.2,GOOD,0.0098,0.0753,1,1,0,None,none,,,2025-10-07 02:29:23.774335384
1759804163.7945144,RTU3,7,0.833,-0.068,47.32,-376.6,-22.0,GOOD,0.1665,2.6834,0,0,1,Combined Attack,medium,-0.167,-2.68,2025-10-07 02:29:23.794514418
1759804163.794712,RTU1,7,0.878,0.053,50.54,-122.2,-173.9,GOOD,0.1218,0.5367,0,0,1,Combined Attack,low,-0.122,0.54,2025-10-07 02:29:23.794712067
1759804163.7786345,RTU1,5,1.012,-0.009,49.79,252.1,115.8,GOOD,0.0118,0.2094,1,1,0,None,none,,,2025-10-07 02:29:23.778634548
1759804163.8008125,RTU2,8,1.07,0.074,50.9,297.8,157.8,GOOD,0.0701,0.8962,0,0,1,Status Spoofing,medium,0.07,0.9,2025-10-07 02:29:23.800812483
1759804163.8026187,RTU3,5,0.997,0.016,49.55,90.5,177.4,GOOD,0.0033,0.4536,1,1,1,Measurement Noise,low,-0.003,-0.45,2025-10-07 02:29:23.802618742
1759804163.7936325,RTU2,8,1.114,0.026,48.42,-307.6,-115.9,GOOD,0.1142,1.5831,0,0,1,Combined Attack,low,0.114,-1.58,2025-10-07 02:29:23.793632507
1759804163.7830203,RTU1,8,0.709,0.043,49.81,-352.3,-70.5,GOOD,0.2911,0.1895,0,1,1,Voltage Attack,high,-0.291,0.0,2025-10-07 02:29:23.783020258
1759804163.7997065,RTU3,8,1.082,-0.095,50.77,274.9,99.3,GOOD,0.082,0.7665,0,0,1,Status Spoofing,low,0.082,0.77,2025-10-07 02:29:23.799706459
1759804163.8034096,RTU2,5,0.976,0.097,50.13,-146.1,-109.2,GOOD,0.0239,0.1317,1,1,1,Measurement Noise,low,-0.024,0.13,2025-10-07 02:29:23.803409576
1759804163.785218,RTU4,7,0.999,0.018,47.31,-97.5,-57.4,GOOD,0.0011,2.6919,1,0,1,Frequency Attack,medium,0.0,-2.69,2025-10-07 02:29:23.785218000
1759804163.788841,RTU1,9,1.01,0.088,47.67,-310.5,-9.2,GOOD,0.0095,2.3296,1,0,1,Frequency Attack,medium,0.0,-2.33,2025-10-07 02:29:23.788841009
1759804163.791656,RTU3,7,1.263,0.015,50.92,-199.3,-179.9,GOOD,0.2633,0.9156,0,0,1,Combined Attack,medium,0.263,0.92,2025-10-07 02:29:23.791656017
1759804163.7787142,RTU4,8,1.009,0.04,49.98,-285.4,-75.5,GOOD,0.0093,0.0208,1,1,0,None,none,,,2025-10-07 02:29:23.778714180
1759804163.786958,RTU2,2,1.003,0.052,51.28,-142.3,-62.5,GOOD,0.0028,1.277,1,0,1,Frequency Attack,low,0.0,1.28,2025-10-07 02:29:23.786957979
1759804163.7854023,RTU1,1,1.016,0.089,48.63,389.0,42.0,GOOD,0.0162,1.3685,1,0,1,Frequency Attack,high,0.0,-1.37,2025-10-07 02:29:23.785402298
1759804163.8064044,RTU2,9,1.042,0.024,50.72,-443.0,6.1,GOOD,0.042,0.7216,1,0,1,Measurement Noise,high,0.042,0.72,2025-10-07 02:29:23.806404352
1759804163.7845087,RTU2,7,0.677,-0.027,50.03,70.5,132.1,GOOD,0.3231,0.0283,0,1,1,Voltage Attack,high,-0.323,0.0,2025-10-07 02:29:23.784508705
1759804163.805306,RTU2,6,0.949,0.068,50.12,519.0,84.3,GOOD,0.0513,0.1166,0,1,1,Measurement Noise,medium,-0.051,0.12,2025-10-07 02:29:23.805305958
1759804163.7821367,RTU2,10,1.145,0.071,50.16,493.1,161.8,SUSPECT,0.1452,0.1627,0,1,1,Voltage Attack,low,0.145,0.0,2025-10-07 02:29:23.782136679
1759804163.8051996,RTU2,3,1.024,-0.144,50.11,-284.1,-131.2,INVALID,0.0239,0.1082,1,1,1,Measurement Noise,low,0.024,0.11,2025-10-07 02:29:23.805199623
1759804163.7824323,RTU3,2,0.795,-0.087,50.13,-212.5,-127.1,SUSPECT,0.2051,0.1294,0,1,1,Voltage Attack,low,-0.205,0.0,2025-10-07 02:29:23.782432318
1759804163.7913268,RTU2,5,1.341,-0.066,51.63,-130.5,-170.7,SUSPECT,0.3408,1.6269,0,0,1,Combined Attack,high,0.341,1.63,2025-10-07 02:29:23.791326761
1759804163.7874157,RTU2,2,0.986,-0.087,48.77,132.6,130.1,GOOD,0.0138,1.2331,1,0,1,Frequency Attack,low,0.0,-1.23,2025-10-07 02:29:23.787415743
1759804163.7743578,RTU4,6,0.997,-0.087,50.07,240.5,167.5,GOOD,0.0035,0.0683,1,1,0,None,none,,,2025-10-07 02:29:23.774357796
1759804163.7816472,RTU3,4,0.902,0.093,49.83,173.2,92.7,SUSPECT,0.0982,0.1718,0,1,1,Voltage Attack,low,-0.098,0.0,2025-10-07 02:29:23.781647205
1759804163.77533,RTU3,10,1.002,-0.016,50.0,-386.3,-189.7,GOOD,0.0021,0.0008,1,1,0,None,none,,,2025-10-07 02:29:23.775330067
1759804163.799173,RTU4,2,0.949,-0.088,49.24,-226.5,-99.4,GOOD,0.0506,0.7559,0,0,1,Status Spoofing,medium,-0.051,-0.76,2025-10-07 02:29:23.799173117
1759804163.7974942,RTU1,3,0.933,-0.058,50.47,100.7,144.6,GOOD,0.067,0.4652,0,1,1,Status Spoofing,medium,-0.067,0.47,2025-10-07 02:29:23.797494173
1759804163.7862384,RTU3,6,0.984,0.041,48.7,-285.1,-158.7,GOOD,0.0162,1.3023,1,0,1,Frequency Attack,medium,0.0,-1.3,2025-10-07 02:29:23.786238432
1759804163.7882338,RTU4,3,0.991,0.067,48.98,200.6,157.5,SUSPECT,0.0093,1.0156,1,0,1,Frequency Attack,high,0.0,-1.02,2025-10-07 02:29:23.788233757
1759804163.8002803,RTU1,8,1.065,0.099,49.07,439.3,188.9,GOOD,0.0651,0.9331,0,0,1,Status Spoofing,medium,0.065,-0.93,2025-10-07 02:29:23.800280333
1759804163.8026037,RTU1,8,1.048,0.047,50.74,548.6,-10.2,GOOD,0.0475,0.742,1,0,1,Measurement Noise,medium,0.048,0.74,2025-10-07 02:29:23.802603722
1759804163.806343,RTU4,1,0.943,-0.085,49.4,427.8,234.2,GOOD,0.0568,0.6003,0,0,1,Measurement Noise,high,-0.057,-0.6,2025-10-07 02:29:23.806343079
1759804163.7917228,RTU3,5,1.18,0.035,52.16,398.0,109.5,INVALID,0.1797,2.156,0,0,1,Combined Attack,medium,0.18,2.16,2025-10-07 02:29:23.791722775
1759804163.7836971,RTU3,2,1.263,-0.01,50.14,354.9,154.7,GOOD,0.2632,0.1374,0,1,1,Voltage Attack,medium,0.263,0.0,2025-10-07 02:29:23.783697128
1759804163.787478,RTU2,8,1.011,-0.067,48.28,59.0,177.4,GOOD,0.0111,1.7221,1,0,1,Frequency Attack,medium,0.0,-1.72,2025-10-07 02:29:23.787477970
1759804163.7750876,RTU2,3,1.001,0.021,50.13,425.5,2.1,GOOD,0.0013,0.1342,1,1,0,None,none,,,2025-10-07 02:29:23.775087595
1759804163.8002295,RTU1,4,0.922,0.074,50.54,233.9,37.2,GOOD,0.0779,0.543,0,0,1,Status Spoofing,low,-0.078,0.54,2025-10-07 02:29:23.800229549
1759804163.7838833,RTU2,8,1.265,-0.04,50.08,442.6,166.2,SUSPECT,0.2649,0.0766,0,1,1,Voltage Attack,high,0.265,0.0,2025-10-07 02:29:23.783883333
1759804163.7856057,RTU1,5,0.999,-0.07,51.45,389.7,191.9,INVALID,0.0013,1.4466,1,0,1,Frequency Attack,low,0.0,1.45,2025-10-07 02:29:23.785605669
1759804163.7885468,RTU3,10,1.002,0.005,51.43,-332.2,-78.1,SUSPECT,0.0023,1.4261,1,0,1,Frequency Attack,low,0.0,1.43,2025-10-07 02:29:23.788546801
1759804163.7856574,RTU2,5,1.0,0.004,51.37,209.3,33.5,SUSPECT,0.0005,1.3739,1,0,1,Frequency Attack,high,0.0,1.37,2025-10-07 02:29:23.785657406
1759804163.7873914,RTU2,10,1.009,-0.086,50.86,326.9,18.1,GOOD,0.0092,0.8614,1,0,1,Frequency Attack,low,0.0,0.86,2025-10-07 02:29:23.787391424
1759804163.801703,RTU1,10,1.002,-0.045,49.77,123.4,197.1,GOOD,0.0017,0.2287,1,1,1,Measurement Noise,medium,0.002,-0.23,2025-10-07 02:29:23.801702976
1759804163.793681,RTU3,8,0.825,0.04,51.16,381.4,6.4,SUSPECT,0.1748,1.162,0,0,1,Combined Attack,low,-0.175,1.16,2025-10-07 02:29:23.793680906
1759804163.7749097,RTU1,1,1.003,-0.077,49.97,-53.2,-140.1,GOOD,0.0025,0.0276,1,1,0,None,none,,,2025-10-07 02:29:23.774909735
1759804163.7809076,RTU2,6,1.125,0.035,49.86,163.5,32.2,SUSPECT,0.1247,0.1436,0,1,1,Voltage Attack,high,0.125,0.0,2025-10-07 02:29:23.780907631
1759804163.792194,RTU2,1,0.878,0.093,51.48,-240.3,-140.0,INVALID,0.122,1.4775,0,0,1,Combined Attack,low,-0.122,1.48,2025-10-07 02:29:23.792193890
1759804163.7849908,RTU1,10,0.996,-0.048,53.2,224.6,142.2,GOOD,0.0036,3.1982,1,0,1,Frequency Attack,high,0.0,3.2,2025-10-07 02:29:23.784990788
1759804163.7965531,RTU1,5,1.247,-0.054,52.91,-215.1,-139.0,GOOD,0.2468,2.9132,0,0,1,Combined Attack,high,0.247,2.91,2025-10-07 02:29:23.796553135
1759804163.7969317,RTU2,3,0.886,0.011,51.17,-286.1,-89.1,GOOD,0.1141,1.1726,0,0,1,Status Spoofing,high,-0.114,1.17,2025-10-07 02:29:23.796931744
1759804163.775577,RTU3,4,0.991,-0.015,50.0,-217.1,-48.2,GOOD,0.0086,0.0041,1,1,0,None,none,,,2025-10-07 02:29:23.775577068
1759804163.785992,RTU4,8,1.0,-0.063,48.9,-289.4,-104.3,GOOD,0.0005,1.0996,1,0,1,Frequency Attack,low,0.0,-1.1,2025-10-07 02:29:23.785991907
1759804163.775775,RTU2,4,0.993,0.01,50.08,285.9,128.5,GOOD,0.0066,0.0768,1,1,0,None,none,,,2025-10-07 02:29:23.775774956
1759804163.7821734,RTU4,2,0.894,0.032,50.05,273.3,129.3,INVALID,0.1057,0.0502,0,1,1,Voltage Attack,low,-0.106,0.0,2025-10-07 02:29:23.782173395
1759804163.799602,RTU2,8,1.064,0.025,51.19,-257.2,-130.5,GOOD,0.0644,1.1864,0,0,1,Status Spoofing,high,0.064,1.19,2025-10-07 02:29:23.799602032
1759804163.7816346,RTU2,3,0.647,-0.029,49.96,-375.1,-98.6,SUSPECT,0.3526,0.0376,0,1,1,Voltage Attack,high,-0.353,0.0,2025-10-07 02:29:23.781634569
1759804163.7861428,RTU4,4,1.014,-0.076,51.63,441.8,85.4,GOOD,0.0144,1.6285,1,0,1,Frequency Attack,high,0.0,1.63,2025-10-07 02:29:23.786142826
1759804163.7864177,RTU2,6,0.997,-0.078,48.14,72.3,42.3,SUSPECT,0.0031,1.8649,1,0,1,Frequency Attack,low,0.0,-1.86,2025-10-07 02:29:23.786417723
1759804163.7764266,RTU4,2,0.993,0.09,49.99,-286.5,-169.8,GOOD,0.0067,0.0094,1,1,0,None,none,,,2025-10-07 02:29:23.776426554
1759804163.791013,RTU1,2,1.085,0.035,48.92,-161.3,-182.5,INVALID,0.0855,1.077,0,0,1,Combined Attack,low,0.085,-1.08,2025-10-07 02:29:23.791013002
1759804163.8047028,RTU4,9,1.033,-0.143,50.05,-165.6,-76.9,SUSPECT,0.0326,0.0538,1,1,1,Measurement Noise,low,0.033,0.05,2025-10-07 02:29:23.804702759
1759804163.7934847,RTU2,9,0.833,-0.082,52.43,102.1,87.7,GOOD,0.1668,2.4301,0,0,1,Combined Attack,medium,-0.167,2.43,2025-10-07 02:29:23.793484688
1759804163.7869844,RTU2,1,1.0,0.034,52.41,162.2,48.5,GOOD,0.0004,2.4143,1,0,1,Frequency Attack,medium,0.0,2.41,2025-10-07 02:29:23.786984444
1759804163.7817333,RTU2,2,1.111,-0.046,49.85,-277.8,-45.9,SUSPECT,0.1112,0.1528,0,1,1,Voltage Attack,low,0.111,0.0,2025-10-07 02:29:23.781733274
1759804163.7921267,RTU1,10,1.097,-0.078,52.14,331.1,61.0,GOOD,0.0974,2.1421,0,0,1,Combined Attack,medium,0.097,2.14,2025-10-07 02:29:23.792126656
1759804163.7782907,RTU4,5,0.993,-0.078,50.0,177.1,192.6,GOOD,0.0069,0.001,1,1,0,None,none,,,2025-10-07 02:29:23.778290749
1759804163.7833264,RTU1,6,1.192,-0.011,50.09,108.7,197.9,GOOD,0.1915,0.0872,0,1,1,Voltage Attack,medium,0.192,0.0,2025-10-07 02:29:23.783326387
1759804163.8016484,RTU1,8,1.035,-0.109,51.03,165.0,54.3,SUSPECT,0.0349,1.0314,1,0,1,Measurement Noise,high,0.035,1.03,2025-10-07 02:29:23.801648378
1759804163.8009334,RTU3,10,1.071,-0.003,50.52,496.7,127.5,GOOD,0.0707,0.5207,0,0,1,Status Spoofing,medium,0.071,0.52,2025-10-07 02:29:23.800933361
1759804163.7860293,RTU1,6,0.996,0.086,51.81,75.1,53.6,GOOD,0.0042,1.8076,1,0,1,Frequency Attack,low,0.0,1.81,2025-10-07 02:29:23.786029339
1759804163.787527,RTU3,7,0.986,0.034,47.62,-208.9,-173.1,GOOD,0.0142,2.3763,1,0,1,Frequency Attack,medium,0.0,-2.38,2025-10-07 02:29:23.787527084
1759804163.780657,RTU1,7,0.903,-0.029,50.06,285.5,174.3,GOOD,0.0967,0.0615,0,1,1,Voltage Attack,medium,-0.097,0.0,2025-10-07 02:29:23.780657053
1759804163.7805173,RTU2,7,1.097,-0.06,50.15,-83.2,-188.9,INVALID,0.0969,0.1527,0,1,1,Voltage Attack,low,0.097,0.0,2025-10-07 02:29:23.780517340
1759804163.782829,RTU4,2,1.064,0.012,49.97,-199.7,-54.7,GOOD,0.064,0.028,0,1,1,Voltage Attack,high,0.064,0.0,2025-10-07 02:29:23.782829046
1759804163.8060176,RTU3,7,1.011,0.0,50.18,44.4,-24.4,INVALID,0.0106,0.1774,1,1,1,Measurement Noise,low,0.011,0.18,2025-10-07 02:29:23.806017637
1759804163.7819116,RTU1,9,0.827,0.095,49.98,-369.1,-16.7,GOOD,0.1728,0.0181,0,1,1,Voltage Attack,high,-0.173,0.0,2025-10-07 02:29:23.781911612
1759804163.800852,RTU1,5,0.936,0.07,49.33,494.2,199.7,GOOD,0.0642,0.6731,0,0,1,Status Spoofing,low,-0.064,-0.67,2025-10-07 02:29:23.800852060
1759804163.804811,RTU1,5,0.987,0.003,50.27,-191.7,-125.2,GOOD,0.0126,0.2676,1,1,1,Measurement Noise,medium,-0.013,0.27,2025-10-07 02:29:23.804811001
1759804163.775961,RTU4,6,0.998,0.089,50.18,153.3,32.9,GOOD,0.0021,0.1778,1,1,0,None,none,,,2025-10-07 02:29:23.775960922
1759804163.8061378,RTU4,9,1.072,0.046,49.57,-348.4,-26.6,GOOD,0.0723,0.4274,0,1,1,Measurement Noise,medium,0.072,-0.43,2025-10-07 02:29:23.806137800
1759804163.7887268,RTU4,8,1.004,-0.009,52.38,460.2,186.9,GOOD,0.0041,2.3828,1,0,1,Frequency Attack,high,0.0,2.38,2025-10-07 02:29:23.788726807
1759804163.800401,RTU3,2,0.909,0.041,50.81,-80.8,-169.6,GOOD,0.0908,0.8102,0,0,1,Status Spoofing,high,-0.091,0.81,2025-10-07 02:29:23.800400972
1759804163.7855432,RTU1,7,1.0,-0.006,51.76,259.3,4.7,INVALID,0.0001,1.7567,1,0,1,Frequency Attack,low,0.0,1.76,2025-10-07 02:29:23.785543203
1759804163.791602,RTU3,5,1.344,0.016,52.74,119.4,125.7,GOOD,0.3441,2.7432,0,0,1,Combined Attack,high,0.344,2.74,2025-10-07 02:29:23.791601896
1759804163.7862012,RTU4,8,0.989,-0.028,48.09,270.9,108.1,GOOD,0.0107,1.9094,1,0,1,Frequency Attack,high,0.0,-1.91,2025-10-07 02:29:23.786201239
1759804163.800753,RTU1,10,1.081,-0.077,49.19,309.8,153.0,GOOD,0.0809,0.8126,0,0,1,Status Spoofing,medium,0.081,-0.81,2025-10-07 02:29:23.800753117
1759804163.8023539,RTU2,10,0.962,0.102,49.79,216.2,21.7,SUSPECT,0.0378,0.2141,1,1,1,Measurement Noise,medium,-0.038,-0.21,2025-10-07 02:29:23.802353859
1759804163.7751107,RTU2,5,1.005,0.047,49.7,-369.6,-194.8,SUSPECT,0.0047,0.3046,1,1,0,None,none,,,2025-10-07 02:29:23.775110722
1759804163.7745736,RTU1,4,1.007,-0.024,49.99,490.3,57.2,GOOD,0.0074,0.0103,1,1,0,None,none,,,2025-10-07 02:29:23.774573565
1759804163.7927556,RTU1,6,1.127,-0.088,51.69,-261.7,-188.1,GOOD,0.1267,1.6929,0,0,1,Combined Attack,low,0.127,1.69,2025-10-07 02:29:23.792755604
1759804163.7747207,RTU2,1,1.0,-0.026,50.09,-205.7,-50.6,GOOD,0.0002,0.0936,1,1,0,None,none,,,2025-10-07 02:29:23.774720669
1759804163.785346,RTU3,6,0.996,-0.002,53.37,-266.4,-16.1,GOOD,0.0043,3.3677,1,0,1,Frequency Attack,high,0.0,3.37,2025-10-07 02:29:23.785346031
1759804163.79699,RTU3,2,0.928,0.02,50.76,366.4,81.0,GOOD,0.0721,0.7568,0,0,1,Status Spoofing,low,-0.072,0.76,2025-10-07 02:29:23.796989918
1759804163.7798934,RTU4,3,1.224,0.035,50.01,-159.0,-21.2,SUSPECT,0.2241,0.0135,0,1,1,Voltage Attack,medium,0.224,0.0,2025-10-07 02:29:23.779893398
1759804163.7928476,RTU4,7,1.328,-0.034,46.82,232.2,138.8,GOOD,0.3281,3.1803,0,0,1,Combined Attack,high,0.328,-3.18,2025-10-07 02:29:23.792847633
1759804163.7881036,RTU4,8,1.004,-0.068,51.4,174.8,194.0,SUSPECT,0.0043,1.399,1,0,1,Frequency Attack,low,0.0,1.4,2025-10-07 02:29:23.788103580
1759804163.803141,RTU3,6,0.987,-0.006,49.9,-58.2,-29.8,SUSPECT,0.0127,0.0956,1,1,1,Measurement Noise,low,-0.013,-0.1,2025-10-07 02:29:23.803141117
1759804163.7817998,RTU2,7,0.856,0.095,50.02,-203.4,-87.4,GOOD,0.1438,0.0197,0,1,1,Voltage Attack,high,-0.144,0.0,2025-10-07 02:29:23.781799793
1759804163.7821858,RTU2,3,0.818,0.091,49.83,302.4,58.4,SUSPECT,0.1821,0.1702,0,1,1,Voltage Attack,high,-0.182,0.0,2025-10-07 02:29:23.782185793
1759804163.7886045,RTU3,8,1.005,-0.062,48.44,-187.6,-40.3,SUSPECT,0.0048,1.5591,1,0,1,Frequency Attack,medium,0.0,-1.56,2025-10-07 02:29:23.788604498
1759804163.8010213,RTU1,5,0.956,-0.017,49.34,-265.2,-16.8,GOOD,0.0441,0.6552,1,0,1,Status Spoofing,low,-0.044,-0.66,2025-10-07 02:29:23.801021338
1759804163.8036525,RTU2,6,1.023,0.098,50.11,-163.8,-58.6,SUSPECT,0.0234,0.1058,1,1,1,Measurement Noise,low,0.023,0.11,2025-10-07 02:29:23.803652525
1759804163.8065119,RTU4,6,0.98,-0.136,49.72,-441.8,-83.7,GOOD,0.0205,0.282,1,1,1,Measurement Noise,high,-0.02,-0.28,2025-10-07 02:29:23.806511879
1759804163.7875469,RTU3,1,0.999,-0.085,51.95,419.6,87.2,GOOD,0.0011,1.9542,1,0,1,Frequency Attack,low,0.0,1.95,2025-10-07 02:29:23.787546873
1759804163.7875028,RTU1,8,0.994,-0.037,48.31,454.8,52.3,INVALID,0.0059,1.6852,1,0,1,Frequency Attack,medium,0.0,-1.69,2025-10-07 02:29:23.787502766
1759804163.7995899,RTU4,3,0.934,0.04,50.6,-225.0,-20.5,GOOD,0.0656,0.6035,0,0,1,Status Spoofing,low,-0.066,0.6,2025-10-07 02:29:23.799589872
1759804163.791669,RTU4,10,0.854,-0.095,47.62,190.7,156.8,GOOD,0.1458,2.3776,0,0,1,Combined Attack,medium,-0.146,-2.38,2025-10-07 02:29:23.791668892
1759804163.8008437,RTU1,2,1.118,-0.02,50.68,-191.4,-24.1,GOOD,0.1182,0.6835,0,0,1,Status Spoofing,high,0.118,0.68,2025-10-07 02:29:23.800843716
1759804163.7886887,RTU2,6,0.995,-0.065,49.28,146.2,177.9,GOOD,0.0048,0.7249,1,0,1,Frequency Attack,low,0.0,-0.72,2025-10-07 02:29:23.788688660
1759804163.8057296,RTU4,9,0.99,0.081,50.2,497.5,238.2,GOOD,0.01,0.1975,1,1,1,Measurement Noise,low,-0.01,0.2,2025-10-07 02:29:23.805729628
1759804163.7953413,RTU3,1,0.935,-0.087,48.38,469.8,45.3,SUSPECT,0.0654,1.6185,0,0,1,Combined Attack,high,-0.065,-1.62,2025-10-07 02:29:23.795341253
1759804163.7935123,RTU1,1,0.875,0.03,49.47,389.2,122.7,GOOD,0.1245,0.5325,0,0,1,Combined Attack,low,-0.125,-0.53,2025-10-07 02:29:23.793512344
1759804163.8063114,RTU2,6,0.967,-0.081,50.16,48.1,130.3,GOOD,0.0331,0.1638,1,1,1,Measurement Noise,low,-0.033,0.16,2025-10-07 02:29:23.806311369
1759804163.8009813,RTU2,7,0.958,-0.027,50.69,455.3,129.1,GOOD,0.0422,0.6857,1,0,1,Status Spoofing,medium,-0.042,0.69,2025-10-07 02:29:23.800981283
1759804163.7964482,RTU2,1,1.066,-0.05,50.92,-203.8,-43.6,SUSPECT,0.0656,0.9195,0,0,1,Combined Attack,medium,0.066,0.92,2025-10-07 02:29:23.796448231
1759804163.7749555,RTU4,8,1.012,-0.067,49.98,-132.3,-106.6,GOOD,0.0121,0.0197,1,1,0,None,none,,,2025-10-07 02:29:23.774955511
1759804163.7746887,RTU3,1,0.994,0.065,50.12,-316.1,-171.0,GOOD,0.0062,0.1157,1,1,0,None,none,,,2025-10-07 02:29:23.774688721
1759804163.7766185,RTU4,7,0.993,-0.03,50.08,-210.4,-89.6,GOOD,0.0074,0.0782,1,1,0,None,none,,,2025-10-07 02:29:23.776618481
1759804163.7763162,RTU3,8,1.013,0.033,50.03,-373.4,-23.4,GOOD,0.0133,0.0297,1,1,0,None,none,,,2025-10-07 02:29:23.776316166
1759804163.7764814,RTU1,7,1.014,0.088,49.96,-294.2,-87.2,GOOD,0.0143,0.0412,1,1,0,None,none,,,2025-10-07 02:29:23.776481390
1759804163.7801862,RTU4,4,0.812,-0.021,50.03,326.1,152.7,SUSPECT,0.1876,0.0328,0,1,1,Voltage Attack,low,-0.188,0.0,2025-10-07 02:29:23.780186176
1759804163.8030474,RTU2,5,0.956,-0.118,49.62,-428.9,32.8,SUSPECT,0.0438,0.3836,1,1,1,Measurement Noise,high,-0.044,-0.38,2025-10-07 02:29:23.803047419
1759804163.804121,RTU1,10,0.956,-0.02,49.58,368.4,-36.4,GOOD,0.0441,0.42,1,1,1,Measurement Noise,high,-0.044,-0.42,2025-10-07 02:29:23.804121017
1759804163.8002005,RTU4,4,1.072,0.098,49.35,-221.5,-96.0,GOOD,0.0716,0.6521,0,0,1,Status Spoofing,low,0.072,-0.65,2025-10-07 02:29:23.800200462
1759804163.788629,RTU1,7,1.008,0.086,48.24,164.4,44.0,SUSPECT,0.0075,1.7629,1,0,1,Frequency Attack,low,0.0,-1.76,2025-10-07 02:29:23.788629055
1759804163.7991629,RTU2,10,1.051,-0.077,50.74,351.0,146.3,GOOD,0.0511,0.7438,0,0,1,Status Spoofing,low,0.051,0.74,2025-10-07 02:29:23.799162865
1759804163.78539,RTU3,5,0.994,-0.047,47.14,-64.8,-171.0,SUSPECT,0.0058,2.8583,1,0,1,Frequency Attack,high,0.0,-2.86,2025-10-07 02:29:23.785389900
1759804163.7934437,RTU4,6,1.195,0.089,48.54,-91.6,-157.8,GOOD,0.1947,1.4557,0,0,1,Combined Attack,low,0.195,-1.46,2025-10-07 02:29:23.793443680
1759804163.8045206,RTU1,3,1.006,0.004,50.41,151.0,66.8,GOOD,0.006,0.4148,1,1,1,Measurement Noise,low,0.006,0.41,2025-10-07 02:29:23.804520607
1759804163.7811387,RTU2,7,0.736,0.038,49.89,95.6,14.2,GOOD,0.2641,0.1117,0,1,1,Voltage Attack,medium,-0.264,0.0,2025-10-07 02:29:23.781138659
1759804163.8062963,RTU1,5,1.048,0.091,49.81,-431.0,-12.1,GOOD,0.0475,0.1942,1,1,1,Measurement Noise,medium,0.048,-0.19,2025-10-07 02:29:23.806296349
1759804163.788564,RTU1,3,1.006,-0.091,52.94,-270.8,-13.5,GOOD,0.006,2.9448,1,0,1,Frequency Attack,high,0.0,2.94,2025-10-07 02:29:23.788563967
1759804163.7757962,RTU4,8,1.007,-0.091,50.04,-276.1,-20.4,GOOD,0.007,0.0377,1,1,0,None,none,,,2025-10-07 02:29:23.775796175
1759804163.8026943,RTU1,3,1.018,-0.106,49.73,-282.7,-10.5,GOOD,0.0175,0.2733,1,1,1,Measurement Noise,low,0.018,-0.27,2025-10-07 02:29:23.802694321
1759804163.7822595,RTU3,7,1.216,-0.019,50.05,479.7,116.9,GOOD,0.2157,0.047,0,1,1,Voltage Attack,high,0.216,0.0,2025-10-07 02:29:23.782259464
1759804163.8000238,RTU4,4,0.917,-0.026,49.01,-265.8,-67.4,GOOD,0.0834,0.9916,0,0,1,Status Spoofing,high,-0.083,-0.99,2025-10-07 02:29:23.800023794
1759804163.786469,RTU3,2,0.987,-0.095,50.6,285.3,177.0,GOOD,0.013,0.5982,1,0,1,Frequency Attack,high,0.0,0.6,2025-10-07 02:29:23.786468983
1759804163.7840023,RTU2,1,1.177,-0.061,49.96,69.2,91.0,SUSPECT,0.177,0.0354,0,1,1,Voltage Attack,high,0.177,0.0,2025-10-07 02:29:23.784002304
1759804163.7810774,RTU2,1,1.065,0.076,49.9,-131.3,-163.7,SUSPECT,0.0646,0.0964,0,1,1,Voltage Attack,high,0.065,0.0,2025-10-07 02:29:23.781077385
1759804163.7749777,RTU1,7,1.01,-0.051,50.08,252.8,25.0,GOOD,0.0102,0.0826,1,1,0,None,none,,,2025-10-07 02:29:23.774977684
1759804163.798649,RTU2,4,1.053,0.088,50.53,102.2,93.5,GOOD,0.0534,0.5344,0,0,1,Status Spoofing,low,0.053,0.53,2025-10-07 02:29:23.798649073
1759804163.782909,RTU2,7,1.069,-0.051,50.04,-111.2,-66.2,GOOD,0.0686,0.0363,0,1,1,Voltage Attack,low,0.069,0.0,2025-10-07 02:29:23.782908916
1759804163.800456,RTU2,8,0.926,-0.043,49.52,89.4,152.2,GOOD,0.0737,0.4815,0,1,1,Status Spoofing,low,-0.074,-0.48,2025-10-07 02:29:23.800456047
1759804163.7796352,RTU3,8,1.124,0.048,50.12,-75.3,-129.7,SUSPECT,0.1235,0.1221,0,1,1,Voltage Attack,low,0.124,0.0,2025-10-07 02:29:23.779635191
1759804163.7768369,RTU3,10,1.009,-0.011,50.05,-140.4,-26.1,GOOD,0.009,0.0479,1,1,0,None,none,,,2025-10-07 02:29:23.776836872
1759804163.784385,RTU4,4,1.138,-0.053,50.01,305.0,192.7,GOOD,0.138,0.0118,0,1,1,Voltage Attack,medium,0.138,0.0,2025-10-07 02:29:23.784384966
1759804163.8035164,RTU2,6,1.053,0.011,49.21,-360.3,-72.2,GOOD,0.0529,0.795,0,0,1,Measurement Noise,high,0.053,-0.79,2025-10-07 02:29:23.803516388
1759804163.790656,RTU1,5,0.923,0.092,52.22,221.4,147.8,GOOD,0.0767,2.2235,0,0,1,Combined Attack,medium,-0.077,2.22,2025-10-07 02:29:23.790656090
1759804163.8030164,RTU4,8,0.991,-0.149,50.26,276.7,112.0,GOOD,0.0095,0.2625,1,1,1,Measurement Noise,low,-0.009,0.26,2025-10-07 02:29:23.803016424
1759804163.7891147,RTU4,5,1.005,-0.018,50.61,-278.6,-39.0,GOOD,0.0052,0.6079,1,0,1,Frequency Attack,high,0.0,0.61,2025-10-07 02:29:23.789114714
1759804163.7980845,RTU2,7,1.129,-0.033,49.18,-221.2,-85.8,GOOD,0.1292,0.8192,0,0,1,Status Spoofing,high,0.129,-0.82,2025-10-07 02:29:23.798084497
1759804163.7845898,RTU3,6,1.177,0.092,49.98,57.0,79.1,SUSPECT,0.1774,0.0189,0,1,1,Voltage Attack,low,0.177,0.0,2025-10-07 02:29:23.784589767
1759804163.7750313,RTU2,6,0.993,-0.058,50.07,-256.7,-12.3,GOOD,0.0072,0.0655,1,1,0,None,none,,,2025-10-07 02:29:23.775031328
1759804163.7888138,RTU3,1,0.992,-0.1,47.15,66.3,187.2,GOOD,0.0078,2.8482,1,0,1,Frequency Attack,high,0.0,-2.85,2025-10-07 02:29:23.788813829
1759804163.7817874,RTU4,8,1.136,-0.097,49.81,-169.9,-79.5,SUSPECT,0.1358,0.1851,0,1,1,Voltage Attack,low,0.136,0.0,2025-10-07 02:29:23.781787395
1759804163.7839153,RTU1,7,0.707,0.038,50.1,418.0,60.6,SUSPECT,0.2929,0.097,0,1,1,Voltage Attack,high,-0.293,0.0,2025-10-07 02:29:23.783915281
1759804163.7827914,RTU2,3,0.94,-0.044,50.09,-324.9,-57.0,GOOD,0.0604,0.0913,0,1,1,Voltage Attack,high,-0.06,0.0,2025-10-07 02:29:23.782791376
1759804163.8052611,RTU4,3,0.927,0.143,49.9,-188.1,-131.7,GOOD,0.0728,0.1032,0,1,1,Measurement Noise,high,-0.073,-0.1,2025-10-07 02:29:23.805261135
1759804163.8052301,RTU1,4,0.984,0.044,50.12,260.1,213.5,GOOD,0.0163,0.1226,1,1,1,Measurement Noise,low,-0.016,0.12,2025-10-07 02:29:23.805230141
1759804163.7941513,RTU4,2,1.132,0.031,48.63,344.6,132.3,GOOD,0.1319,1.3653,0,0,1,Combined Attack,low,0.132,-1.37,2025-10-07 02:29:23.794151306
1759804163.7822714,RTU2,9,1.072,-0.066,49.96,-298.5,-92.3,SUSPECT,0.0718,0.0358,0,1,1,Voltage Attack,low,0.072,0.0,2025-10-07 02:29:23.782271385
1759804163.7986217,RTU1,8,0.946,0.072,49.27,-86.5,-26.7,GOOD,0.0544,0.7337,0,0,1,Status Spoofing,low,-0.054,-0.73,2025-10-07 02:29:23.798621655
1759804163.7769744,RTU4,8,0.989,0.088,50.06,64.6,62.5,GOOD,0.0113,0.0567,1,1,0,None,none,,,2025-10-07 02:29:23.776974440
1759804163.7755044,RTU3,2,1.002,-0.083,50.09,57.3,70.9,GOOD,0.0018,0.089,1,1,0,None,none,,,2025-10-07 02:29:23.775504351
1759804163.7903202,RTU3,8,1.352,0.038,46.68,107.6,60.9,SUSPECT,0.3522,3.3154,0,0,1,Combined Attack,high,0.352,-3.32,2025-10-07 02:29:23.790320158
1759804163.7965672,RTU4,9,0.82,-0.028,48.1,416.0,110.1,INVALID,0.1802,1.897,0,0,1,Combined Attack,medium,-0.18,-1.9,2025-10-07 02:29:23.796567202
1759804163.7761898,RTU1,2,1.0,-0.085,49.77,319.6,30.3,GOOD,0.0005,0.2259,1,1,0,None,none,,,2025-10-07 02:29:23.776189804
1759804163.776651,RTU4,9,0.989,0.002,49.95,105.2,77.5,GOOD,0.0107,0.046,1,1,0,None,none,,,2025-10-07 02:29:23.776650906
1759804163.7976148,RTU3,9,1.057,0.008,50.79,-232.4,-108.6,GOOD,0.0574,0.7902,0,0,1,Status Spoofing,low,0.057,0.79,2025-10-07 02:29:23.797614813
1759804163.8010454,RTU4,5,0.945,-0.015,49.27,325.4,68.0,GOOD,0.0549,0.7252,0,0,1,Status Spoofing,high,-0.055,-0.73,2025-10-07 02:29:23.801045418
1759804163.7865021,RTU3,9,1.007,0.031,48.47,152.8,30.6,SUSPECT,0.0071,1.5287,1,0,1,Frequency Attack,low,0.0,-1.53,2025-10-07 02:29:23.786502123
1759804163.7937481,RTU1,5,1.131,-0.016,48.19,134.7,105.3,GOOD,0.1312,1.8085,0,0,1,Combined Attack,low,0.131,-1.81,2025-10-07 02:29:23.793748140
1759804163.7830696,RTU3,6,0.836,-0.049,50.05,-239.1,-55.3,GOOD,0.1644,0.0529,0,1,1,Voltage Attack,medium,-0.164,0.0,2025-10-07 02:29:23.783069611
1759804163.7844353,RTU3,3,1.188,-0.027,50.05,475.4,53.2,GOOD,0.1877,0.0505,0,1,1,Voltage Attack,medium,0.188,0.0,2025-10-07 02:29:23.784435272
1759804163.788385,RTU3,6,0.996,-0.038,48.41,227.4,173.9,GOOD,0.0042,1.5939,1,0,1,Frequency Attack,high,0.0,-1.59,2025-10-07 02:29:23.788384914
1759804163.7742102,RTU2,6,0.996,-0.083,50.1,204.6,26.6,GOOD,0.004,0.0993,1,1,0,None,none,,,2025-10-07 02:29:23.774210215
1759804163.8054616,RTU2,2,0.947,-0.131,50.8,-112.4,-67.2,GOOD,0.0531,0.7987,0,0,1,Measurement Noise,medium,-0.053,0.8,2025-10-07 02:29:23.805461645
1759804163.7842402,RTU1,9,0.817,-0.036,50.01,-398.9,-3.2,SUSPECT,0.1825,0.0091,0,1,1,Voltage Attack,high,-0.183,0.0,2025-10-07 02:29:23.784240246
1759804163.7804034,RTU3,10,0.796,0.058,49.98,474.2,42.6,GOOD,0.204,0.0199,0,1,1,Voltage Attack,medium,-0.204,0.0,2025-10-07 02:29:23.780403376
1759804163.7821004,RTU3,8,0.768,0.084,49.94,-223.2,-196.9,SUSPECT,0.2322,0.0606,0,1,1,Voltage Attack,medium,-0.232,0.0,2025-10-07 02:29:23.782100439
1759804163.7913935,RTU3,7,1.358,-0.016,47.09,317.4,51.7,INVALID,0.3585,2.9121,0,0,1,Combined Attack,high,0.358,-2.91,2025-10-07 02:29:23.791393518
1759804163.7824454,RTU1,7,0.885,0.004,50.14,-286.3,-167.9,GOOD,0.1145,0.1435,0,1,1,Voltage Attack,high,-0.115,0.0,2025-10-07 02:29:23.782445431
1759804163.7810519,RTU3,10,1.145,0.091,50.0,230.5,34.0,GOOD,0.1447,0.0027,0,1,1,Voltage Attack,low,0.145,0.0,2025-10-07 02:29:23.781051874
1759804163.7805371,RTU1,3,0.781,-0.034,50.12,75.4,137.4,GOOD,0.2185,0.1201,0,1,1,Voltage Attack,medium,-0.219,0.0,2025-10-07 02:29:23.780537128
1759804163.8038778,RTU4,3,1.032,-0.138,50.26,-293.8,31.6,GOOD,0.0322,0.2605,1,1,1,Measurement Noise,medium,0.032,0.26,2025-10-07 02:29:23.803877831
1759804163.7832458,RTU1,4,0.882,-0.091,49.91,-165.5,-1.7,SUSPECT,0.118,0.0898,0,1,1,Voltage Attack,high,-0.118,0.0,2025-10-07 02:29:23.783245802
1759804163.7839527,RTU3,10,0.794,-0.048,50.16,56.8,62.1,GOOD,0.2061,0.1552,0,1,1,Voltage Attack,medium,-0.206,0.0,2025-10-07 02:29:23.783952713
1759804163.7744129,RTU1,4,0.982,-0.045,50.02,-76.2,-120.2,GOOD,0.0177,0.0167,1,1,0,None,none,,,2025-10-07 02:29:23.774412870
1759804163.8026485,RTU4,10,1.012,0.025,49.62,38.5,-16.9,SUSPECT,0.0124,0.3793,1,1,1,Measurement Noise,medium,0.012,-0.38,2025-10-07 02:29:23.802648544
1759804163.7768476,RTU1,7,0.972,0.028,49.94,-215.4,-138.1,GOOD,0.028,0.0606,1,1,0,None,none,,,2025-10-07 02:29:23.776847601
1759804163.7888777,RTU1,3,0.992,0.017,51.72,272.3,21.3,INVALID,0.0084,1.7214,1,0,1,Frequency Attack,medium,0.0,1.72,2025-10-07 02:29:23.788877726
1759804163.7888532,RTU2,6,0.997,-0.087,51.74,-370.7,-168.6,SUSPECT,0.0031,1.7445,1,0,1,Frequency Attack,high,0.0,1.74,2025-10-07 02:29:23.788853168
1759804163.8042688,RTU3,4,1.037,0.144,50.2,-197.1,-228.8,GOOD,0.0367,0.2044,1,1,1,Measurement Noise,medium,0.037,0.2,2025-10-07 02:29:23.804268837
1759804163.7884836,RTU3,1,1.005,0.002,48.27,-156.4,-32.4,GOOD,0.0046,1.7333,1,0,1,Frequency Attack,low,0.0,-1.73,2025-10-07 02:29:23.788483620
1759804163.7924268,RTU2,10,1.192,-0.083,48.49,-348.9,-73.1,GOOD,0.1919,1.5131,0,0,1,Combined Attack,high,0.192,-1.51,2025-10-07 02:29:23.792426825
1759804163.797029,RTU1,10,1.074,0.09,50.84,-193.6,-122.0,GOOD,0.0739,0.8388,0,0,1,Status Spoofing,medium,0.074,0.84,2025-10-07 02:29:23.797029018
1759804163.7802556,RTU2,1,1.172,-0.058,49.93,444.5,88.4,SUSPECT,0.1719,0.0705,0,1,1,Voltage Attack,high,0.172,0.0,2025-10-07 02:29:23.780255556
1759804163.774678,RTU4,3,0.982,0.015,49.88,482.4,131.6,GOOD,0.0178,0.1182,1,1,0,None,none,,,2025-10-07 02:29:23.774677992
1759804163.8005548,RTU1,4,0.923,-0.092,49.2,164.0,4.2,GOOD,0.0769,0.7974,0,0,1,Status Spoofing,low,-0.077,-0.8,2025-10-07 02:29:23.800554752
1759804163.7983418,RTU1,3,0.917,-0.071,50.53,-224.8,-20.9,GOOD,0.0834,0.5271,0,0,1,Status Spoofing,medium,-0.083,0.53,2025-10-07 02:29:23.798341751
1759804163.7769403,RTU2,2,0.986,-0.024,50.01,378.4,159.3,GOOD,0.0135,0.0063,1,1,0,None,none,,,2025-10-07 02:29:23.776940346
1759804163.8064804,RTU4,3,1.021,0.031,49.37,-439.2,-76.6,SUSPECT,0.0208,0.6343,1,0,1,Measurement Noise,low,0.021,-0.63,2025-10-07 02:29:23.806480408
1759804163.7814512,RTU4,8,1.171,0.091,50.14,-243.7,-189.0,SUSPECT,0.1706,0.1404,0,1,1,Voltage Attack,low,0.171,0.0,2025-10-07 02:29:23.781451225
1759804163.7938414,RTU4,1,0.797,-0.083,52.05,337.8,38.2,GOOD,0.2034,2.0483,0,0,1,Combined Attack,medium,-0.203,2.05,2025-10-07 02:29:23.793841362
1759804163.7977448,RTU4,10,1.121,0.087,50.98,-240.7,-84.1,GOOD,0.1213,0.9789,0,0,1,Status Spoofing,high,0.121,0.98,2025-10-07 02:29:23.797744751
1759804163.8014588,RTU1,9,1.008,0.098,50.32,-56.0,-60.8,GOOD,0.0078,0.3195,1,1,1,Measurement Noise,medium,0.008,0.32,2025-10-07 02:29:23.801458836
1759804163.8030634,RTU3,5,0.948,0.047,50.52,-299.7,-203.8,GOOD,0.0523,0.5168,0,0,1,Measurement Noise,medium,-0.052,0.52,2025-10-07 02:29:23.803063393
1759804163.7773385,RTU1,7,0.996,0.066,50.17,324.7,128.6,GOOD,0.004,0.1698,1,1,0,None,none,,,2025-10-07 02:29:23.777338505
1759804163.803107,RTU4,4,1.069,-0.076,50.34,-331.2,-159.5,GOOD,0.0689,0.3405,0,1,1,Measurement Noise,high,0.069,0.34,2025-10-07 02:29:23.803107023
1759804163.791878,RTU2,10,0.8,0.023,48.43,115.8,112.1,GOOD,0.2004,1.5684,0,0,1,Combined Attack,high,-0.2,-1.57,2025-10-07 02:29:23.791877985
1759804163.8054159,RTU4,8,1.002,0.02,50.55,-341.1,-102.4,GOOD,0.0016,0.5533,1,0,1,Measurement Noise,medium,0.002,0.55,2025-10-07 02:29:23.805415869
1759804163.7891765,RTU4,3,1.008,0.048,48.47,215.8,191.2,GOOD,0.0079,1.5313,1,0,1,Frequency Attack,medium,0.0,-1.53,2025-10-07 02:29:23.789176464
1759804163.7769024,RTU3,6,1.005,-0.052,50.01,218.8,50.8,GOOD,0.0048,0.0052,1,1,0,None,none,,,2025-10-07 02:29:23.776902437
1759804163.7857065,RTU1,3,1.004,0.002,51.9,419.5,183.0,SUSPECT,0.0038,1.8996,1,0,1,Frequency Attack,low,0.0,1.9,2025-10-07 02:29:23.785706520
1759804163.7887144,RTU1,3,1.0,0.086,51.03,-304.8,-175.9,GOOD,0.0003,1.0326,1,0,1,Frequency Attack,medium,0.0,1.03,2025-10-07 02:29:23.788714409
1759804163.804766,RTU2,7,0.925,0.099,49.06,-305.6,30.4,SUSPECT,0.0749,0.937,0,0,1,Measurement Noise,high,-0.075,-0.94,2025-10-07 02:29:23.804765940
1759804163.7785637,RTU4,4,0.997,-0.02,50.0,398.8,46.0,GOOD,0.0026,0.001,1,1,0,None,none,,,2025-10-07 02:29:23.778563738
1759804163.8009017,RTU2,6,1.062,-0.057,49.37,-353.9,-45.3,GOOD,0.0621,0.6308,0,0,1,Status Spoofing,low,0.062,-0.63,2025-10-07 02:29:23.800901651
1759804163.7757206,RTU1,9,0.99,0.032,49.87,-130.9,-184.9,GOOD,0.0102,0.132,1,1,0,None,none,,,2025-10-07 02:29:23.775720596
1759804163.775054,RTU1,5,1.008,-0.065,50.06,140.0,122.1,GOOD,0.0082,0.0594,1,1,0,None,none,,,2025-10-07 02:29:23.775053978
1759804163.786618,RTU4,7,1.007,-0.048,51.53,-270.9,-138.4,GOOD,0.0069,1.5347,1,0,1,Frequency Attack,low,0.0,1.53,2025-10-07 02:29:23.786617994
1759804163.7970114,RTU3,2,0.91,-0.086,49.38,182.3,84.8,GOOD,0.0899,0.6188,0,0,1,Status Spoofing,medium,-0.09,-0.62,2025-10-07 02:29:23.797011375
1759804163.8033028,RTU2,4,1.107,-0.068,48.84,150.0,11.8,GOOD,0.1066,1.1568,0,0,1,Measurement Noise,high,0.107,-1.16,2025-10-07 02:29:23.803302765
1759804163.7920864,RTU2,6,1.07,0.064,48.45,-377.2,-27.7,GOOD,0.0702,1.5498,0,0,1,Combined Attack,low,0.07,-1.55,2025-10-07 02:29:23.792086363
1759804163.783634,RTU1,3,0.938,-0.001,50.11,435.1,147.5,INVALID,0.0616,0.1076,0,1,1,Voltage Attack,high,-0.062,0.0,2025-10-07 02:29:23.783633947
1759804163.783965,RTU2,2,0.935,-0.07,49.99,-372.2,-116.1,GOOD,0.0646,0.0084,0,1,1,Voltage Attack,medium,-0.065,0.0,2025-10-07 02:29:23.783965111
1759804163.7915537,RTU2,1,1.065,-0.063,48.91,465.8,78.3,GOOD,0.0648,1.0851,0,0,1,Combined Attack,low,0.065,-1.09,2025-10-07 02:29:23.791553736
1759804163.785415,RTU3,10,0.99,0.092,51.2,-87.5,-185.7,INVALID,0.0102,1.2007,1,0,1,Frequency Attack,high,0.0,1.2,2025-10-07 02:29:23.785414934
1759804163.7799516,RTU4,8,0.934,-0.087,49.96,-335.2,-198.4,SUSPECT,0.0664,0.0393,0,1,1,Voltage Attack,low,-0.066,0.0,2025-10-07 02:29:23.779951572
1759804163.7964637,RTU2,9,1.2,0.073,48.74,379.5,94.5,GOOD,0.2003,1.261,0,0,1,Combined Attack,low,0.2,-1.26,2025-10-07 02:29:23.796463728
1759804163.7941644,RTU1,10,1.148,-0.041,52.58,-181.6,-74.6,GOOD,0.1476,2.5845,0,0,1,Combined Attack,medium,0.148,2.58,2025-10-07 02:29:23.794164419
1759804163.7897358,RTU4,6,0.921,-0.04,51.46,-364.4,-26.2,GOOD,0.0795,1.4633,0,0,1,Combined Attack,low,-0.079,1.46,2025-10-07 02:29:23.789735794
1759804163.791891,RTU2,5,1.124,-0.02,48.39,-124.4,-24.5,GOOD,0.124,1.6103,0,0,1,Combined Attack,low,0.124,-1.61,2025-10-07 02:29:23.791891098
1759804163.7754936,RTU3,9,1.003,0.013,50.2,-388.1,-58.3,GOOD,0.0028,0.2046,1,1,0,None,none,,,2025-10-07 02:29:23.775493622
1759804163.8041062,RTU1,4,0.971,0.024,49.88,163.9,75.6,GOOD,0.0288,0.1235,1,1,1,Measurement Noise,high,-0.029,-0.12,2025-10-07 02:29:23.804106236
1759804163.7785277,RTU4,7,0.996,-0.093,50.05,-397.2,-80.9,GOOD,0.0038,0.0532,1,1,0,None,none,,,2025-10-07 02:29:23.778527737
1759804163.7936053,RTU3,9,0.726,0.078,50.93,490.8,102.5,SUSPECT,0.2739,0.9345,0,0,1,Combined Attack,medium,-0.274,0.93,2025-10-07 02:29:23.793605328
1759804163.787009,RTU4,6,1.019,0.039,53.23,-387.3,-91.9,GOOD,0.0195,3.2347,1,0,1,Frequency Attack,high,0.0,3.23,2025-10-07 02:29:23.787009001
1759804163.7759502,RTU1,5,0.989,-0.092,50.06,466.4,106.6,INVALID,0.0108,0.0609,1,1,0,None,none,,,2025-10-07 02:29:23.775950193
1759804163.7938282,RTU1,9,1.241,-0.002,48.97,-320.5,-47.6,INVALID,0.2411,1.0337,0,0,1,Combined Attack,medium,0.241,-1.03,2025-10-07 02:29:23.793828249
1759804163.8055458,RTU4,1,0.98,0.02,49.98,-407.9,-74.6,GOOD,0.0197,0.0234,1,1,1,Measurement Noise,medium,-0.02,-0.02,2025-10-07 02:29:23.805545807
1759804163.7774146,RTU1,4,0.999,-0.035,50.14,-212.9,-119.6,GOOD,0.0006,0.1445,1,1,0,None,none,,,2025-10-07 02:29:23.777414560
1759804163.7978048,RTU2,4,1.09,0.002,49.37,-59.9,-5.3,GOOD,0.0902,0.631,0,0,1,Status Spoofing,high,0.09,-0.63,2025-10-07 02:29:23.797804832
1759804163.7859674,RTU1,10,1.002,0.007,52.46,424.9,151.7,GOOD,0.0022,2.4567,1,0,1,Frequency Attack,high,0.0,2.46,2025-10-07 02:29:23.785967350
1759804163.7782197,RTU4,2,0.975,-0.069,50.15,-137.5,-54.4,GOOD,0.0248,0.1537,1,1,0,None,none,,,2025-10-07 02:29:23.778219700
1759804163.7983286,RTU2,1,0.921,-0.012,50.95,-259.9,-135.9,GOOD,0.0788,0.9463,0,0,1,Status Spoofing,medium,-0.079,0.95,2025-10-07 02:29:23.798328638
1759804163.7990716,RTU1,5,1.061,-0.068,49.38,-328.5,-60.3,GOOD,0.0613,0.6165,0,0,1,Status Spoofing,low,0.061,-0.62,2025-10-07 02:29:23.799071550
1759804163.797641,RTU3,10,1.052,0.0,49.51,332.8,35.7,GOOD,0.0525,0.4859,0,1,1,Status Spoofing,low,0.052,-0.49,2025-10-07 02:29:23.797641039
1759804163.8056211,RTU2,10,1.058,-0.101,50.6,345.4,141.8,GOOD,0.0581,0.5998,0,0,1,Measurement Noise,medium,0.058,0.6,2025-10-07 02:29:23.805621147
1759804163.7763608,RTU1,1,0.999,-0.044,49.9,-203.1,-9.5,GOOD,0.001,0.1012,1,1,0,None,none,,,2025-10-07 02:29:23.776360750
1759804163.8063889,RTU4,1,0.986,0.082,50.15,339.5,124.7,SUSPECT,0.0141,0.1493,1,1,1,Measurement Noise,low,-0.014,0.15,2025-10-07 02:29:23.806388855
1759804163.8009415,RTU4,5,0.957,0.044,50.86,-284.4,-150.0,GOOD,0.0429,0.8562,1,0,1,Status Spoofing,high,-0.043,0.86,2025-10-07 02:29:23.800941467
1759804163.8004956,RTU4,8,0.906,0.075,50.93,473.2,183.2,GOOD,0.0941,0.9301,0,0,1,Status Spoofing,medium,-0.094,0.93,2025-10-07 02:29:23.800495625
1759804163.7742693,RTU4,7,0.987,0.09,49.81,-142.2,-195.5,GOOD,0.0133,0.1932,1,1,0,None,none,,,2025-10-07 02:29:23.774269342
1759804163.8001268,RTU1,6,0.932,-0.009,50.58,-241.0,-93.7,GOOD,0.0681,0.5824,0,0,1,Status Spoofing,high,-0.068,0.58,2025-10-07 02:29:23.800126791
1759804163.781763,RTU3,5,0.811,0.061,50.23,-250.0,-140.8,GOOD,0.1893,0.2312,0,1,1,Voltage Attack,medium,-0.189,0.0,2025-10-07 02:29:23.781763077
1759804163.8008356,RTU4,3,0.946,0.0,49.54,132.8,178.7,GOOD,0.0536,0.4588,0,1,1,Status Spoofing,low,-0.054,-0.46,2025-10-07 02:29:23.800835609
1759804163.7855556,RTU1,4,1.008,-0.014,51.73,224.8,166.5,SUSPECT,0.0076,1.7321,1,0,1,Frequency Attack,high,0.0,1.73,2025-10-07 02:29:23.785555601
1759804163.7871697,RTU4,3,1.007,-0.035,51.85,-218.4,-72.5,SUSPECT,0.0065,1.8529,1,0,1,Frequency Attack,high,0.0,1.85,2025-10-07 02:29:23.787169695
1759804163.7760158,RTU2,8,1.006,0.021,50.01,-358.3,-23.9,GOOD,0.0058,0.007,1,1,0,None,none,,,2025-10-07 02:29:23.776015759
1759804163.796225,RTU1,2,0.675,0.094,48.31,186.4,21.5,GOOD,0.3254,1.6854,0,0,1,Combined Attack,high,-0.325,-1.69,2025-10-07 02:29:23.796225071
1759804163.787034,RTU1,6,0.984,0.085,49.12,-176.5,-81.3,GOOD,0.0164,0.8764,1,0,1,Frequency Attack,medium,0.0,-0.88,2025-10-07 02:29:23.787034035
1759804163.8010857,RTU1,3,0.906,0.008,49.32,466.7,149.0,GOOD,0.0944,0.6795,0,0,1,Status Spoofing,high,-0.094,-0.68,2025-10-07 02:29:23.801085711
1759804163.7823212,RTU2,6,0.685,0.023,50.11,-76.1,-150.0,GOOD,0.3153,0.1112,0,1,1,Voltage Attack,high,-0.315,0.0,2025-10-07 02:29:23.782321215
1759804163.7918165,RTU1,8,0.925,-0.041,50.98,-223.4,-37.5,INVALID,0.0755,0.9849,0,0,1,Combined Attack,low,-0.075,0.98,2025-10-07 02:29:23.791816473
1759804163.8043456,RTU3,4,0.956,-0.06,50.22,-235.2,-116.7,SUSPECT,0.0442,0.2228,1,1,1,Measurement Noise,high,-0.044,0.22,2025-10-07 02:29:23.804345608
1759804163.8026786,RTU3,9,1.065,0.142,49.71,326.7,167.2,INVALID,0.0653,0.2859,0,1,1,Measurement Noise,high,0.065,-0.29,2025-10-07 02:29:23.802678585
1759804163.7744827,RTU4,10,1.001,0.053,49.98,-265.4,-64.3,GOOD,0.0005,0.0228,1,1,0,None,none,,,2025-10-07 02:29:23.774482727
1759804163.781747,RTU2,10,1.256,0.051,49.94,169.7,98.0,SUSPECT,0.2562,0.0631,0,1,1,Voltage Attack,medium,0.256,0.0,2025-10-07 02:29:23.781747103
1759804163.793218,RTU3,10,0.923,-0.004,49.06,-324.9,-120.6,INVALID,0.0768,0.9388,0,0,1,Combined Attack,low,-0.077,-0.94,2025-10-07 02:29:23.793217897
1759804163.8059115,RTU1,6,0.952,-0.051,49.7,-85.4,-18.7,GOOD,0.0479,0.3038,1,1,1,Measurement Noise,high,-0.048,-0.3,2025-10-07 02:29:23.805911541
1759804163.7813997,RTU1,7,1.243,0.092,50.01,247.5,10.9,INVALID,0.2431,0.0085,0,1,1,Voltage Attack,high,0.243,0.0,2025-10-07 02:29:23.781399727
1759804163.7827313,RTU4,8,1.117,0.065,50.18,215.7,11.6,GOOD,0.117,0.1798,0,1,1,Voltage Attack,low,0.117,0.0,2025-10-07 02:29:23.782731295
1759804163.7959702,RTU3,9,0.777,-0.082,48.8,147.4,47.7,GOOD,0.2231,1.1967,0,0,1,Combined Attack,medium,-0.223,-1.2,2025-10-07 02:29:23.795970201
1759804163.7806778,RTU4,6,1.262,0.074,50.11,-251.4,-195.9,INVALID,0.2618,0.1093,0,1,1,Voltage Attack,high,0.262,0.0,2025-10-07 02:29:23.780677795
1759804163.8008754,RTU2,5,0.945,0.06,49.46,-118.1,-129.6,GOOD,0.0553,0.5442,0,0,1,Status Spoofing,low,-0.055,-0.54,2025-10-07 02:29:23.800875425
1759804163.7972503,RTU3,3,0.958,-0.097,50.67,-283.4,-77.2,GOOD,0.0418,0.6684,1,0,1,Status Spoofing,medium,-0.042,0.67,2025-10-07 02:29:23.797250271
1759804163.7773058,RTU4,8,1.001,-0.087,49.93,261.0,25.2,GOOD,0.001,0.0707,1,1,0,None,none,,,2025-10-07 02:29:23.777305841
1759804163.7773535,RTU1,1,0.983,-0.043,50.05,-152.5,-176.1,INVALID,0.0168,0.0543,1,1,0,None,none,,,2025-10-07 02:29:23.777353525
1759804163.8061085,RTU1,1,0.999,0.147,49.7,-234.8,-93.1,GOOD,0.0012,0.297,1,1,1,Measurement Noise,low,-0.001,-0.3,2025-10-07 02:29:23.806108475
1759804163.7762442,RTU4,10,1.004,-0.054,50.06,-394.1,-152.8,GOOD,0.0037,0.0606,1,1,0,None,none,,,2025-10-07 02:29:23.776244164
1759804163.800488,RTU2,4,1.069,-0.09,49.53,-364.2,-19.5,GOOD,0.0689,0.4698,0,1,1,Status Spoofing,medium,0.069,-0.47,2025-10-07 02:29:23.800487995
1759804163.7983692,RTU1,5,0.915,-0.007,49.03,400.7,188.4,GOOD,0.0854,0.9722,0,0,1,Status Spoofing,high,-0.085,-0.97,2025-10-07 02:29:23.798369169
1759804163.8065648,RTU3,6,1.026,0.028,49.96,-230.6,-102.4,GOOD,0.0259,0.0421,1,1,1,Measurement Noise,medium,0.026,-0.04,2025-10-07 02:29:23.806564808
1759804163.7825823,RTU3,8,1.161,-0.072,49.95,394.6,22.6,SUSPECT,0.1608,0.0458,0,1,1,Voltage Attack,low,0.161,0.0,2025-10-07 02:29:23.782582283
1759804163.7813752,RTU3,1,1.125,-0.012,49.9,254.7,24.3,GOOD,0.1246,0.0983,0,1,1,Voltage Attack,low,0.125,0.0,2025-10-07 02:29:23.781375170
1759804163.7940586,RTU2,8,0.923,0.03,46.77,157.8,68.9,INVALID,0.0775,3.2267,0,0,1,Combined Attack,high,-0.077,-3.23,2025-10-07 02:29:23.794058561
1759804163.7868707,RTU4,10,0.988,-0.091,51.35,147.5,161.6,GOOD,0.0124,1.3527,1,0,1,Frequency Attack,medium,0.0,1.35,2025-10-07 02:29:23.786870718
1759804163.7948225,RTU1,1,0.843,0.07,50.99,366.6,199.9,GOOD,0.1574,0.9855,0,0,1,Combined Attack,low,-0.157,0.99,2025-10-07 02:29:23.794822454
1759804163.7975497,RTU2,10,1.079,-0.007,50.46,85.5,2.7,GOOD,0.079,0.4644,0,1,1,Status Spoofing,medium,0.079,0.46,2025-10-07 02:29:23.797549725
1759804163.7959406,RTU1,10,0.769,-0.033,47.66,351.4,59.5,GOOD,0.2306,2.3391,0,0,1,Combined Attack,medium,-0.231,-2.34,2025-10-07 02:29:23.795940638
1759804163.7987742,RTU4,2,0.923,0.007,49.54,215.5,137.7,GOOD,0.0774,0.4551,0,1,1,Status Spoofing,low,-0.077,-0.46,2025-10-07 02:29:23.798774242
1759804163.7914996,RTU1,2,1.168,0.091,52.82,-233.5,-11.1,SUSPECT,0.1681,2.8236,0,0,1,Combined Attack,high,0.168,2.82,2025-10-07 02:29:23.791499615
1759804163.7806976,RTU1,3,1.142,-0.008,50.01,57.3,134.0,GOOD,0.1419,0.0067,0,1,1,Voltage Attack,medium,0.142,0.0,2025-10-07 02:29:23.780697584
1759804163.7994232,RTU2,6,0.946,-0.042,50.41,277.9,119.0,GOOD,0.0545,0.4083,0,1,1,Status Spoofing,low,-0.054,0.41,2025-10-07 02:29:23.799423218
1759804163.800448,RTU4,4,1.076,-0.091,51.04,100.5,120.0,GOOD,0.0759,1.0351,0,0,1,Status Spoofing,high,0.076,1.04,2025-10-07 02:29:23.800447941
1759804163.793067,RTU4,5,0.837,0.075,48.04,-193.9,-112.4,INVALID,0.1631,1.9584,0,0,1,Combined Attack,low,-0.163,-1.96,2025-10-07 02:29:23.793066978
1759804163.787182,RTU2,10,1.003,-0.003,52.16,365.2,186.8,SUSPECT,0.0033,2.1627,1,0,1,Frequency Attack,high,0.0,2.16,2025-10-07 02:29:23.787182093
1759804163.7821245,RTU1,10,1.266,-0.003,50.09,191.8,14.4,GOOD,0.2662,0.091,0,1,1,Voltage Attack,high,0.266,0.0,2025-10-07 02:29:23.782124519
1759804163.7916152,RTU2,1,1.277,0.048,48.24,-171.4,-94.5,GOOD,0.2769,1.764,0,0,1,Combined Attack,medium,0.277,-1.76,2025-10-07 02:29:23.791615248
1759804163.8028762,RTU4,7,0.992,0.053,49.91,-414.9,-213.9,GOOD,0.0077,0.0947,1,1,1,Measurement Noise,low,-0.008,-0.09,2025-10-07 02:29:23.802876234
1759804163.778771,RTU1,9,0.988,-0.074,50.21,415.3,82.5,GOOD,0.0124,0.2123,1,1,0,None,none,,,2025-10-07 02:29:23.778770924
1759804163.7743914,RTU1,4,0.998,-0.074,50.07,410.7,84.5,GOOD,0.0019,0.0674,1,1,0,None,none,,,2025-10-07 02:29:23.774391413
1759804163.776858,RTU3,10,0.996,-0.059,49.73,-316.9,-94.9,GOOD,0.0039,0.2681,1,1,0,None,none,,,2025-10-07 02:29:23.776858091
1759804163.7842855,RTU1,7,1.103,0.016,50.14,-51.9,-74.1,SUSPECT,0.103,0.1415,0,1,1,Voltage Attack,medium,0.103,0.0,2025-10-07 02:29:23.784285545
1759804163.7879658,RTU1,9,0.983,-0.018,48.72,307.0,176.8,GOOD,0.0165,1.2791,1,0,1,Frequency Attack,low,0.0,-1.28,2025-10-07 02:29:23.787965775
1759804163.7815707,RTU3,10,1.123,0.088,50.02,-200.5,-134.4,GOOD,0.1231,0.0165,0,1,1,Voltage Attack,low,0.123,0.0,2025-10-07 02:29:23.781570673
1759804163.8005195,RTU1,10,1.047,-0.03,50.79,120.9,16.1,GOOD,0.0467,0.794,1,0,1,Status Spoofing,low,0.047,0.79,2025-10-07 02:29:23.800519466
1759804163.8063586,RTU4,3,1.002,0.037,49.87,-339.0,-206.8,GOOD,0.0024,0.1314,1,1,1,Measurement Noise,low,0.002,-0.13,2025-10-07 02:29:23.806358576
1759804163.7819483,RTU3,5,1.281,-0.084,50.02,-278.3,-71.5,GOOD,0.2814,0.0223,0,1,1,Voltage Attack,medium,0.281,0.0,2025-10-07 02:29:23.781948328
1759804163.7745624,RTU1,10,0.989,-0.015,49.88,-248.0,-163.1,GOOD,0.0108,0.1207,1,1,0,None,none,,,2025-10-07 02:29:23.774562359
1759804163.805865,RTU1,8,0.981,-0.034,49.79,363.2,7.4,SUSPECT,0.019,0.2066,1,1,1,Measurement Noise,low,-0.019,-0.21,2025-10-07 02:29:23.805865049
1759804163.795443,RTU3,7,0.931,-0.024,51.68,-149.3,-51.3,GOOD,0.0691,1.6805,0,0,1,Combined Attack,low,-0.069,1.68,2025-10-07 02:29:23.795443058
1759804163.7944734,RTU1,6,1.139,0.063,49.02,296.2,49.2,INVALID,0.1386,0.9798,0,0,1,Combined Attack,medium,0.139,-0.98,2025-10-07 02:29:23.794473410
1759804163.8058374,RTU2,5,0.983,0.021,50.05,81.7,21.5,GOOD,0.0172,0.0493,1,1,1,Measurement Noise,low,-0.017,0.05,2025-10-07 02:29:23.805837393
1759804163.800722,RTU1,2,1.079,0.02,50.49,-71.0,-53.5,GOOD,0.0788,0.4856,0,1,1,Status Spoofing,low,0.079,0.49,2025-10-07 02:29:23.800721884
1759804163.7886546,RTU4,1,0.99,-0.099,51.97,242.7,73.1,GOOD,0.0102,1.9652,1,0,1,Frequency Attack,medium,0.0,1.97,2025-10-07 02:29:23.788654566
1759804163.804193,RTU2,9,1.007,-0.076,50.15,-244.3,-124.1,GOOD,0.0073,0.1529,1,1,1,Measurement Noise,low,0.007,0.15,2025-10-07 02:29:23.804193020
1759804163.7756333,RTU3,9,1.006,0.04,49.95,263.2,70.5,GOOD,0.0065,0.0455,1,1,0,None,none,,,2025-10-07 02:29:23.775633335
1759804163.7989376,RTU1,10,0.954,0.089,49.53,-336.7,-93.3,GOOD,0.0462,0.4748,1,1,1,Status Spoofing,medium,-0.046,-0.47,2025-10-07 02:29:23.798937559
1759804163.7766628,RTU2,9,0.989,0.004,49.86,283.0,168.1,GOOD,0.011,0.1405,1,1,0,None,none,,,2025-10-07 02:29:23.776662827
1759804163.7744348,RTU2,3,0.983,-0.091,49.98,-295.7,-70.5,GOOD,0.0168,0.0159,1,1,0,None,none,,,2025-10-07 02:29:23.774434805
1759804163.801738,RTU3,5,1.042,0.125,50.52,225.7,52.7,INVALID,0.0422,0.5174,1,0,1,Measurement Noise,high,0.042,0.52,2025-10-07 02:29:23.801738024
1759804163.7815583,RTU2,8,1.148,0.048,50.1,57.8,194.4,GOOD,0.1476,0.1036,0,1,1,Voltage Attack,medium,0.148,0.0,2025-10-07 02:29:23.781558275
1759804163.7855804,RTU2,1,0.999,-0.076,48.88,119.4,59.4,GOOD,0.0012,1.1247,1,0,1,Frequency Attack,high,0.0,-1.12,2025-10-07 02:29:23.785580397
1759804163.7797134,RTU4,6,0.88,0.008,50.09,-257.4,-190.3,GOOD,0.1197,0.0934,0,1,1,Voltage Attack,low,-0.12,0.0,2025-10-07 02:29:23.779713392
1759804163.7860808,RTU3,8,1.007,-0.079,51.68,89.5,130.0,GOOD,0.0072,1.6825,1,0,1,Frequency Attack,low,0.0,1.68,2025-10-07 02:29:23.786080837
1759804163.7899458,RTU2,2,0.908,0.056,51.46,-110.6,-148.6,INVALID,0.0916,1.4601,0,0,1,Combined Attack,low,-0.092,1.46,2025-10-07 02:29:23.789945841
1759804163.7762005,RTU1,9,1.004,0.024,50.04,456.4,54.6,GOOD,0.0042,0.0367,1,1,0,None,none,,,2025-10-07 02:29:23.776200533
1759804163.798426,RTU3,3,1.114,0.004,51.0,-262.3,-118.8,GOOD,0.114,0.9964,0,0,1,Status Spoofing,high,0.114,1.0,2025-10-07 02:29:23.798425913
1759804163.7978446,RTU1,7,0.921,0.032,50.76,-360.2,-119.9,GOOD,0.0788,0.761,0,0,1,Status Spoofing,high,-0.079,0.76,2025-10-07 02:29:23.797844648
1759804163.7760046,RTU1,8,1.01,-0.044,50.12,-360.9,-176.8,GOOD,0.0096,0.124,1,1,0,None,none,,,2025-10-07 02:29:23.776004553
1759804163.7970483,RTU3,8,1.077,0.098,49.43,-292.2,-186.3,GOOD,0.0768,0.5736,0,0,1,Status Spoofing,low,0.077,-0.57,2025-10-07 02:29:23.797048330
1759804163.7882004,RTU4,8,0.98,0.021,53.2,-163.4,-41.8,SUSPECT,0.0201,3.2043,1,0,1,Frequency Attack,high,0.0,3.2,2025-10-07 02:29:23.788200378
1759804163.780341,RTU1,6,0.866,0.012,50.05,121.8,118.1,INVALID,0.1342,0.0472,0,1,1,Voltage Attack,medium,-0.134,0.0,2025-10-07 02:29:23.780340910
1759804163.7867637,RTU4,2,0.995,0.004,50.72,-64.1,-52.1,GOOD,0.0054,0.7215,1,0,1,Frequency Attack,low,0.0,0.72,2025-10-07 02:29:23.786763668
1759804163.7842605,RTU2,7,0.837,-0.001,49.85,-58.0,-80.3,SUSPECT,0.1632,0.1526,0,1,1,Voltage Attack,low,-0.163,0.0,2025-10-07 02:29:23.784260511
1759804163.8049092,RTU1,10,1.032,0.069,49.57,473.3,206.5,GOOD,0.0316,0.4282,1,1,1,Measurement Noise,high,0.032,-0.43,2025-10-07 02:29:23.804909229
1759804163.7945838,RTU1,10,1.203,-0.051,51.32,238.0,85.0,INVALID,0.2026,1.3155,0,0,1,Combined Attack,medium,0.203,1.32,2025-10-07 02:29:23.794583797
1759804163.7879536,RTU2,4,0.997,0.022,51.97,-318.9,-6.2,INVALID,0.0031,1.9711,1,0,1,Frequency Attack,low,0.0,1.97,2025-10-07 02:29:23.787953615
1759804163.783746,RTU3,10,0.831,-0.041,50.07,61.9,22.1,GOOD,0.1686,0.0665,0,1,1,Voltage Attack,medium,-0.169,0.0,2025-10-07 02:29:23.783746004
1759804163.7756982,RTU2,2,1.001,0.014,49.99,-272.7,-67.8,GOOD,0.0007,0.0121,1,1,0,None,none,,,2025-10-07 02:29:23.775698185
1759804163.7852616,RTU3,5,0.986,-0.084,51.44,-103.7,-154.2,SUSPECT,0.0139,1.4406,1,0,1,Frequency Attack,high,0.0,1.44,2025-10-07 02:29:23.785261631
1759804163.8057454,RTU3,1,1.014,-0.139,49.66,-317.8,-121.5,GOOD,0.0144,0.3379,1,1,1,Measurement Noise,high,0.014,-0.34,2025-10-07 02:29:23.805745363
1759804163.8059413,RTU4,1,0.99,0.046,49.99,532.7,54.4,GOOD,0.0097,0.007,1,1,1,Measurement Noise,low,-0.01,-0.01,2025-10-07 02:29:23.805941343
1759804163.7808084,RTU1,9,1.144,0.05,49.91,-182.4,-69.0,GOOD,0.1438,0.0884,0,1,1,Voltage Attack,medium,0.144,0.0,2025-10-07 02:29:23.780808449
1759804163.8016844,RTU4,5,1.018,0.059,50.04,214.4,120.8,SUSPECT,0.0185,0.042,1,1,1,Measurement Noise,low,0.018,0.04,2025-10-07 02:29:23.801684380
1759804163.7876856,RTU4,5,1.02,0.022,51.17,-213.9,-63.1,GOOD,0.0199,1.169,1,0,1,Frequency Attack,low,0.0,1.17,2025-10-07 02:29:23.787685633
1759804163.799205,RTU2,6,1.066,-0.038,50.6,415.0,144.2,GOOD,0.0661,0.6016,0,0,1,Status Spoofing,low,0.066,0.6,2025-10-07 02:29:23.799205065
1759804163.7785811,RTU3,3,1.005,0.069,49.94,449.9,174.5,GOOD,0.0046,0.0565,1,1,0,None,none,,,2025-10-07 02:29:23.778581142
1759804163.7769973,RTU3,7,1.011,0.003,50.26,-114.5,-23.2,GOOD,0.0111,0.2558,1,1,0,None,none,,,2025-10-07 02:29:23.776997328
1759804163.7991254,RTU3,9,0.896,-0.047,50.71,-331.4,-125.2,GOOD,0.1043,0.7061,0,0,1,Status Spoofing,high,-0.104,0.71,2025-10-07 02:29:23.799125433
1759804163.7922199,RTU3,2,1.202,0.065,50.82,229.6,90.0,SUSPECT,0.2018,0.8191,0,0,1,Combined Attack,high,0.202,0.82,2025-10-07 02:29:23.792219877
1759804163.7814753,RTU2,8,0.909,-0.074,50.14,387.9,129.6,GOOD,0.0907,0.1367,0,1,1,Voltage Attack,low,-0.091,0.0,2025-10-07 02:29:23.781475306
1759804163.7751215,RTU3,10,1.008,-0.051,50.08,-308.4,-185.5,GOOD,0.0081,0.0754,1,1,0,None,none,,,2025-10-07 02:29:23.775121450
1759804163.7934716,RTU2,9,1.206,0.018,47.98,-98.5,-61.3,INVALID,0.2062,2.0208,0,0,1,Combined Attack,high,0.206,-2.02,2025-10-07 02:29:23.793471575
1759804163.785618,RTU2,3,0.992,-0.052,52.69,297.1,62.8,GOOD,0.0082,2.6896,1,0,1,Frequency Attack,medium,0.0,2.69,2025-10-07 02:29:23.785618067
1759804163.7857308,RTU4,10,0.99,-0.039,51.49,358.8,94.6,GOOD,0.0096,1.486,1,0,1,Frequency Attack,high,0.0,1.49,2025-10-07 02:29:23.785730839
1759804163.800683,RTU2,10,1.053,0.066,50.68,336.9,82.0,GOOD,0.0531,0.6787,0,0,1,Status Spoofing,low,0.053,0.68,2025-10-07 02:29:23.800683022
1759804163.7975628,RTU3,7,0.92,-0.028,49.37,379.2,177.6,GOOD,0.08,0.6297,0,0,1,Status Spoofing,low,-0.08,-0.63,2025-10-07 02:29:23.797562838
1759804163.7867274,RTU2,4,0.981,-0.001,46.55,269.1,47.9,SUSPECT,0.0187,3.4467,1,0,1,Frequency Attack,high,0.0,-3.45,2025-10-07 02:29:23.786727428
1759804163.7758994,RTU4,7,0.988,-0.062,50.05,427.6,99.8,GOOD,0.012,0.0499,1,1,0,None,none,,,2025-10-07 02:29:23.775899410
1759804163.787453,RTU2,10,1.007,-0.077,51.12,366.9,186.1,INVALID,0.0072,1.117,1,0,1,Frequency Attack,low,0.0,1.12,2025-10-07 02:29:23.787452936
1759804163.7750993,RTU4,10,1.01,0.054,49.91,-383.8,-17.0,GOOD,0.0099,0.0903,1,1,0,None,none,,,2025-10-07 02:29:23.775099277
1759804163.7918036,RTU4,8,1.194,0.013,47.68,419.4,132.9,GOOD,0.1944,2.3199,0,0,1,Combined Attack,medium,0.194,-2.32,2025-10-07 02:29:23.791803598
1759804163.7961898,RTU1,1,0.928,0.022,48.43,93.6,177.0,SUSPECT,0.0725,1.5666,0,0,1,Combined Attack,high,-0.072,-1.57,2025-10-07 02:29:23.796189785
1759804163.7872283,RTU3,9,0.99,-0.048,49.48,-194.5,-43.7,GOOD,0.0095,0.5249,1,0,1,Frequency Attack,high,0.0,-0.52,2025-10-07 02:29:23.787228346
1759804163.792585,RTU1,3,1.186,-0.061,51.3,203.8,196.4,SUSPECT,0.1861,1.2984,0,0,1,Combined Attack,medium,0.186,1.3,2025-10-07 02:29:23.792584896
1759804163.799249,RTU1,2,0.953,0.026,50.58,-82.0,-188.3,GOOD,0.0473,0.5773,1,0,1,Status Spoofing,low,-0.047,0.58,2025-10-07 02:29:23.799248934
1759804163.8025384,RTU1,8,0.989,-0.069,49.98,486.1,36.1,GOOD,0.0111,0.0195,1,1,1,Measurement Noise,low,-0.011,-0.02,2025-10-07 02:29:23.802538395
1759804163.793024,RTU4,10,0.871,-0.068,51.06,-341.0,-96.2,INVALID,0.1292,1.0599,0,0,1,Combined Attack,high,-0.129,1.06,2025-10-07 02:29:23.793024063
1759804163.7835264,RTU2,9,0.89,0.055,49.78,-297.6,-183.9,GOOD,0.1097,0.2215,0,1,1,Voltage Attack,high,-0.11,0.0,2025-10-07 02:29:23.783526421
1759804163.7815456,RTU3,10,1.27,-0.041,50.16,396.1,13.1,GOOD,0.2702,0.1561,0,1,1,Voltage Attack,high,0.27,0.0,2025-10-07 02:29:23.781545639
1759804163.7746232,RTU4,1,0.998,0.07,50.04,491.2,67.0,GOOD,0.0019,0.042,1,1,0,None,none,,,2025-10-07 02:29:23.774623156
1759804163.7890527,RTU4,9,1.01,-0.032,51.43,-209.3,-109.9,SUSPECT,0.0098,1.4341,1,0,1,Frequency Attack,medium,0.0,1.43,2025-10-07 02:29:23.789052725
1759804163.798962,RTU4,4,1.069,-0.038,49.43,-76.0,-62.9,GOOD,0.0688,0.5747,0,0,1,Status Spoofing,medium,0.069,-0.57,2025-10-07 02:29:23.798962116
1759804163.8006506,RTU4,4,1.051,0.001,49.22,175.2,162.8,GOOD,0.0513,0.7811,0,0,1,Status Spoofing,low,0.051,-0.78,2025-10-07 02:29:23.800650597
1759804163.8028157,RTU4,6,0.977,-0.104,50.05,227.1,-10.2,GOOD,0.0229,0.0491,1,1,1,Measurement Noise,high,-0.023,0.05,2025-10-07 02:29:23.802815676
1759804163.8005626,RTU4,3,0.953,-0.016,51.01,-332.8,-77.8,GOOD,0.0474,1.0125,1,0,1,Status Spoofing,high,-0.047,1.01,2025-10-07 02:29:23.800562620
1759804163.7952888,RTU3,3,0.848,0.036,49.26,261.5,191.6,INVALID,0.1519,0.7402,0,0,1,Combined Attack,low,-0.152,-0.74,2025-10-07 02:29:23.795288801
1759804163.806169,RTU2,7,0.992,-0.097,50.18,-136.3,26.0,INVALID,0.008,0.1848,1,1,1,Measurement Noise,low,-0.008,0.18,2025-10-07 02:29:23.806169033
1759804163.776223,RTU4,8,0.991,-0.051,50.03,-349.3,-44.6,GOOD,0.0088,0.0268,1,1,0,None,none,,,2025-10-07 02:29:23.776222944
1759804163.7923472,RTU2,1,1.163,0.051,52.42,458.4,102.3,GOOD,0.1635,2.4231,0,0,1,Combined Attack,high,0.163,2.42,2025-10-07 02:29:23.792347193
1759804163.7983153,RTU4,5,0.909,-0.028,50.78,146.1,97.7,GOOD,0.0907,0.7811,0,0,1,Status Spoofing,medium,-0.091,0.78,2025-10-07 02:29:23.798315287
1759804163.7787485,RTU4,7,1.011,-0.053,49.9,223.8,188.4,GOOD,0.0112,0.0972,1,1,0,None,none,,,2025-10-07 02:29:23.778748512
1759804163.7862139,RTU4,9,0.995,-0.074,51.55,-78.5,-90.5,SUSPECT,0.0047,1.5527,1,0,1,Frequency Attack,medium,0.0,1.55,2025-10-07 02:29:23.786213875
1759804163.7823954,RTU3,2,0.802,-0.022,49.95,243.7,77.3,GOOD,0.1977,0.0473,0,1,1,Voltage Attack,medium,-0.198,0.0,2025-10-07 02:29:23.782395363
1759804163.7919226,RTU4,7,0.748,0.068,52.3,-148.8,-114.1,GOOD,0.2524,2.3016,0,0,1,Combined Attack,high,-0.252,2.3,2025-10-07 02:29:23.791922569
1759804163.793775,RTU1,7,0.931,-0.032,50.88,-88.8,-162.3,GOOD,0.0688,0.8777,0,0,1,Combined Attack,low,-0.069,0.88,2025-10-07 02:29:23.793775082
1759804163.7857718,RTU2,10,1.01,-0.024,47.97,349.9,143.2,GOOD,0.01,2.032,1,0,1,Frequency Attack,high,0.0,-2.03,2025-10-07 02:29:23.785771847
1759804163.8004804,RTU4,7,1.075,-0.004,49.53,145.2,181.8,GOOD,0.0755,0.4747,0,1,1,Status Spoofing,high,0.075,-0.47,2025-10-07 02:29:23.800480366
1759804163.7911015,RTU2,10,0.758,0.017,51.84,-93.3,-86.1,GOOD,0.2423,1.8395,0,0,1,Combined Attack,medium,-0.242,1.84,2025-10-07 02:29:23.791101456
1759804163.794742,RTU4,2,0.819,-0.058,48.29,237.4,18.5,SUSPECT,0.1808,1.7141,0,0,1,Combined Attack,low,-0.181,-1.71,2025-10-07 02:29:23.794742107
1759804163.7984893,RTU1,5,1.078,0.066,50.79,391.0,85.1,GOOD,0.0778,0.7919,0,0,1,Status Spoofing,low,0.078,0.79,2025-10-07 02:29:23.798489332
1759804163.7862263,RTU2,10,1.001,-0.04,49.13,356.7,98.0,GOOD,0.0011,0.874,1,0,1,Frequency Attack,low,0.0,-0.87,2025-10-07 02:29:23.786226273
1759804163.7799158,RTU2,6,1.154,0.096,50.0,274.7,104.9,GOOD,0.1544,0.0015,0,1,1,Voltage Attack,medium,0.154,0.0,2025-10-07 02:29:23.779915810
1759804163.7746992,RTU1,10,0.996,-0.059,50.01,-145.3,-40.1,GOOD,0.0037,0.0075,1,1,0,None,none,,,2025-10-07 02:29:23.774699211
1759804163.805666,RTU1,4,0.996,-0.149,50.35,-252.2,-232.1,GOOD,0.0042,0.3476,1,1,1,Measurement Noise,medium,-0.004,0.35,2025-10-07 02:29:23.805665970
1759804163.8056512,RTU2,10,0.977,-0.118,49.99,-342.6,-52.0,GOOD,0.0229,0.0091,1,1,1,Measurement Noise,low,-0.023,-0.01,2025-10-07 02:29:23.805651188
1759804163.777019,RTU4,10,0.998,-0.01,49.95,-79.3,-14.2,GOOD,0.0021,0.0479,1,1,0,None,none,,,2025-10-07 02:29:23.777019024
1759804163.7932708,RTU2,1,0.834,0.051,51.46,447.8,172.0,SUSPECT,0.1658,1.4597,0,0,1,Combined Attack,low,-0.166,1.46,2025-10-07 02:29:23.793270826
1759804163.7972963,RTU4,9,1.096,0.042,49.41,164.3,77.6,GOOD,0.0959,0.5902,0,0,1,Status Spoofing,medium,0.096,-0.59,2025-10-07 02:29:23.797296286
1759804163.7806184,RTU1,10,0.831,-0.098,49.98,-241.7,-60.7,GOOD,0.1692,0.0213,0,1,1,Voltage Attack,low,-0.169,0.0,2025-10-07 02:29:23.780618429
1759804163.7919667,RTU3,2,0.902,0.077,48.55,499.6,25.2,GOOD,0.0978,1.4506,0,0,1,Combined Attack,low,-0.098,-1.45,2025-10-07 02:29:23.791966677
1759804163.7971375,RTU1,4,1.099,-0.022,50.63,-321.0,-45.6,GOOD,0.0989,0.6323,0,0,1,Status Spoofing,medium,0.099,0.63,2025-10-07 02:29:23.797137499
1759804163.7757857,RTU3,7,0.996,-0.063,49.91,-223.1,-63.4,GOOD,0.0044,0.0901,1,1,0,None,none,,,2025-10-07 02:29:23.775785685
1759804163.796101,RTU3,2,1.121,-0.025,50.72,-207.0,-166.4,GOOD,0.1207,0.7238,0,0,1,Combined Attack,low,0.121,0.72,2025-10-07 02:29:23.796101093
1759804163.7770414,RTU1,2,0.998,-0.017,49.94,-116.5,-18.4,GOOD,0.0022,0.0554,1,1,0,None,none,,,2025-10-07 02:29:23.777041435
1759804163.7937353,RTU2,7,1.078,-0.087,48.9,116.4,148.4,SUSPECT,0.078,1.0961,0,0,1,Combined Attack,medium,0.078,-1.1,2025-10-07 02:29:23.793735266
1759804163.80217,RTU2,4,1.032,0.136,49.57,41.2,-7.9,GOOD,0.0315,0.4281,1,1,1,Measurement Noise,medium,0.032,-0.43,2025-10-07 02:29:23.802170038
1759804163.7801623,RTU4,10,1.21,-0.061,50.05,68.1,195.9,SUSPECT,0.2105,0.0522,0,1,1,Voltage Attack,medium,0.21,0.0,2025-10-07 02:29:23.780162334
1759804163.7982361,RTU1,1,1.054,0.074,50.89,358.0,79.7,GOOD,0.0536,0.8937,0,0,1,Status Spoofing,high,0.054,0.89,2025-10-07 02:29:23.798236132
1759804163.800957,RTU4,8,1.121,0.013,51.28,-314.1,-7.3,GOOD,0.1212,1.276,0,0,1,Status Spoofing,high,0.121,1.28,2025-10-07 02:29:23.800956964
1759804163.7996836,RTU1,6,0.952,0.048,50.67,-103.6,-39.4,GOOD,0.048,0.6728,1,0,1,Status Spoofing,low,-0.048,0.67,2025-10-07 02:29:23.799683571
1759804163.8041377,RTU4,5,0.977,-0.008,50.77,-31.6,-93.7,GOOD,0.023,0.7666,1,0,1,Measurement Noise,medium,-0.023,0.77,2025-10-07 02:29:23.804137707
1759804163.7915392,RTU2,4,1.073,0.058,51.37,-82.4,-117.5,INVALID,0.073,1.3654,0,0,1,Combined Attack,low,0.073,1.37,2025-10-07 02:29:23.791539192
1759804163.7857974,RTU3,1,1.008,-0.065,51.38,333.6,141.2,GOOD,0.008,1.3783,1,0,1,Frequency Attack,medium,0.0,1.38,2025-10-07 02:29:23.785797358
1759804163.8006027,RTU3,10,0.956,0.045,49.3,411.5,27.3,GOOD,0.0443,0.7036,1,0,1,Status Spoofing,low,-0.044,-0.7,2025-10-07 02:29:23.800602674
1759804163.7976668,RTU2,7,1.071,0.091,50.93,-126.8,-92.4,GOOD,0.0708,0.9262,0,0,1,Status Spoofing,high,0.071,0.93,2025-10-07 02:29:23.797666788
1759804163.785427,RTU2,5,1.008,-0.024,51.71,418.2,166.2,GOOD,0.0077,1.7082,1,0,1,Frequency Attack,medium,0.0,1.71,2025-10-07 02:29:23.785427094
1759804163.776438,RTU1,1,1.005,0.082,50.13,178.8,45.0,GOOD,0.0051,0.1272,1,1,0,None,none,,,2025-10-07 02:29:23.776437998
1759804163.796372,RTU3,7,1.093,-0.022,47.28,-196.1,-6.9,GOOD,0.0934,2.7158,0,0,1,Combined Attack,medium,0.093,-2.72,2025-10-07 02:29:23.796371937
1759804163.7858799,RTU2,6,1.005,-0.052,53.25,435.8,66.2,GOOD,0.0047,3.2475,1,0,1,Frequency Attack,high,0.0,3.25,2025-10-07 02:29:23.785879850
1759804163.7889905,RTU2,6,1.002,0.068,51.06,-114.8,-141.2,SUSPECT,0.0016,1.0638,1,0,1,Frequency Attack,low,0.0,1.06,2025-10-07 02:29:23.788990498
1759804163.7930095,RTU4,1,1.186,-0.05,48.5,444.2,196.8,GOOD,0.1863,1.4959,0,0,1,Combined Attack,low,0.186,-1.5,2025-10-07 02:29:23.793009520
1759804163.7890272,RTU1,1,1.005,-0.024,52.32,484.0,11.6,GOOD,0.0047,2.3195,1,0,1,Frequency Attack,high,0.0,2.32,2025-10-07 02:29:23.789027214
1759804163.7958796,RTU3,4,0.829,0.079,47.5,310.5,44.2,GOOD,0.1711,2.4977,0,0,1,Combined Attack,high,-0.171,-2.5,2025-10-07 02:29:23.795879602
1759804163.7751977,RTU2,2,0.987,-0.041,50.16,234.0,15.4,GOOD,0.0134,0.1568,1,1,0,None,none,,,2025-10-07 02:29:23.775197744
1759804163.7864308,RTU1,3,1.002,-0.007,51.09,-139.4,-167.0,GOOD,0.0019,1.0904,1,0,1,Frequency Attack,medium,0.0,1.09,2025-10-07 02:29:23.786430836
1759804163.7764158,RTU4,1,0.987,-0.084,50.05,-351.0,-184.8,GOOD,0.0125,0.0533,1,1,0,None,none,,,2025-10-07 02:29:23.776415825
1759804163.77608,RTU1,8,1.002,-0.041,49.98,-289.0,-83.6,GOOD,0.0022,0.0243,1,1,0,None,none,,,2025-10-07 02:29:23.776079893
1759804163.7922065,RTU2,10,1.136,-0.046,47.45,-225.5,-9.1,GOOD,0.1358,2.5502,0,0,1,Combined Attack,high,0.136,-2.55,2025-10-07 02:29:23.792206526
1759804163.8023715,RTU2,7,0.973,-0.079,50.33,170.7,102.7,INVALID,0.027,0.3332,1,1,1,Measurement Noise,low,-0.027,0.33,2025-10-07 02:29:23.802371502
1759804163.7838953,RTU4,9,1.156,-0.059,50.04,199.2,46.9,GOOD,0.1559,0.0376,0,1,1,Voltage Attack,low,0.156,0.0,2025-10-07 02:29:23.783895254
1759804163.7837834,RTU2,8,0.736,-0.049,49.84,-364.2,-50.2,SUSPECT,0.2641,0.1624,0,1,1,Voltage Attack,medium,-0.264,0.0,2025-10-07 02:29:23.783783436
1759804163.800949,RTU2,7,0.922,0.078,49.46,-287.3,-99.4,GOOD,0.0776,0.5372,0,0,1,Status Spoofing,low,-0.078,-0.54,2025-10-07 02:29:23.800949097
1759804163.7920194,RTU4,8,0.702,-0.08,53.07,92.5,119.6,GOOD,0.2984,3.0711,0,0,1,Combined Attack,high,-0.298,3.07,2025-10-07 02:29:23.792019367
1759804163.7803202,RTU3,3,0.907,-0.016,49.97,366.5,58.9,SUSPECT,0.0934,0.0278,0,1,1,Voltage Attack,high,-0.093,0.0,2025-10-07 02:29:23.780320168
1759804163.7883344,RTU4,3,1.019,-0.05,51.88,-294.2,-10.7,GOOD,0.0186,1.8815,1,0,1,Frequency Attack,low,0.0,1.88,2025-10-07 02:29:23.788334370
1759804163.7993858,RTU2,4,0.946,0.068,50.54,-94.3,-57.8,GOOD,0.0541,0.5376,0,0,1,Status Spoofing,low,-0.054,0.54,2025-10-07 02:29:23.799385786
1759804163.7892003,RTU1,1,0.981,0.007,50.55,-92.9,-132.2,GOOD,0.0185,0.5505,1,0,1,Frequency Attack,medium,0.0,0.55,2025-10-07 02:29:23.789200306
1759804163.7863042,RTU4,1,1.017,0.072,51.8,-182.0,-197.3,SUSPECT,0.0165,1.8022,1,0,1,Frequency Attack,medium,0.0,1.8,2025-10-07 02:29:23.786304235
1759804163.8051457,RTU4,9,0.972,0.065,49.95,236.3,85.7,SUSPECT,0.0284,0.0473,1,1,1,Measurement Noise,low,-0.028,-0.05,2025-10-07 02:29:23.805145741
1759804163.7804778,RTU4,7,0.922,0.054,50.14,192.3,191.3,GOOD,0.0779,0.1365,0,1,1,Voltage Attack,low,-0.078,0.0,2025-10-07 02:29:23.780477762
1759804163.786606,RTU1,2,1.003,-0.041,51.08,349.3,60.3,GOOD,0.0035,1.0792,1,0,1,Frequency Attack,low,0.0,1.08,2025-10-07 02:29:23.786606073
1759804163.7756114,RTU3,5,0.993,-0.049,49.87,414.3,179.6,GOOD,0.0073,0.1294,1,1,0,None,none,,,2025-10-07 02:29:23.775611401
1759804163.7784548,RTU2,2,1.018,0.026,50.13,66.3,155.1,GOOD,0.0183,0.1345,1,1,0,None,none,,,2025-10-07 02:29:23.778454781
1759804163.8027709,RTU1,9,1.053,0.077,50.55,-256.6,-240.0,GOOD,0.0532,0.5469,0,0,1,Measurement Noise,high,0.053,0.55,2025-10-07 02:29:23.802770853
1759804163.7742918,RTU1,4,0.979,-0.011,49.85,407.2,84.4,GOOD,0.0207,0.1491,1,1,0,None,none,,,2025-10-07 02:29:23.774291754
1759804163.7756565,RTU2,2,0.998,0.012,49.96,362.2,22.3,GOOD,0.0019,0.0428,1,1,0,None,none,,,2025-10-07 02:29:23.775656462
1759804163.7750764,RTU4,6,1.012,-0.031,49.95,354.9,44.2,SUSPECT,0.0115,0.0518,1,1,0,None,none,,,2025-10-07 02:29:23.775076389
1759804163.8053515,RTU4,5,1.03,0.032,49.74,-95.6,48.6,GOOD,0.0298,0.2632,1,1,1,Measurement Noise,low,0.03,-0.26,2025-10-07 02:29:23.805351496
1759804163.7977777,RTU3,9,0.946,-0.026,49.38,-171.5,-147.1,GOOD,0.0535,0.6167,0,0,1,Status Spoofing,low,-0.054,-0.62,2025-10-07 02:29:23.797777653
1759804163.7874284,RTU1,5,0.991,0.061,47.75,-65.2,-7.7,SUSPECT,0.0087,2.2458,1,0,1,Frequency Attack,medium,0.0,-2.25,2025-10-07 02:29:23.787428379
1759804163.7992167,RTU3,9,1.097,0.001,49.55,-262.2,-194.2,GOOD,0.0971,0.4492,0,1,1,Status Spoofing,high,0.097,-0.45,2025-10-07 02:29:23.799216747
1759804163.8010135,RTU3,1,1.079,0.03,50.82,-59.7,-34.3,GOOD,0.0788,0.8198,0,0,1,Status Spoofing,low,0.079,0.82,2025-10-07 02:29:23.801013470
1759804163.7923071,RTU4,3,1.281,-0.069,48.47,-161.1,-54.9,SUSPECT,0.2813,1.5295,0,0,1,Combined Attack,medium,0.281,-1.53,2025-10-07 02:29:23.792307138
1759804163.783057,RTU1,6,1.336,0.048,49.71,384.9,124.3,GOOD,0.3358,0.2909,0,1,1,Voltage Attack,high,0.336,0.0,2025-10-07 02:29:23.783056974
1759804163.7903597,RTU1,6,1.207,-0.079,52.0,205.1,164.6,GOOD,0.207,2.0023,0,0,1,Combined Attack,medium,0.207,2.0,2025-10-07 02:29:23.790359735
1759804163.7837338,RTU1,2,1.196,0.076,50.13,-326.5,-163.9,GOOD,0.1961,0.1291,0,1,1,Voltage Attack,high,0.196,0.0,2025-10-07 02:29:23.783733845
1759804163.801627,RTU3,2,0.958,-0.03,49.62,-47.1,-56.1,GOOD,0.0416,0.3759,1,1,1,Measurement Noise,high,-0.042,-0.38,2025-10-07 02:29:23.801626921
1759804163.7927113,RTU4,9,0.92,-0.069,48.75,-104.2,-87.4,GOOD,0.08,1.2527,0,0,1,Combined Attack,low,-0.08,-1.25,2025-10-07 02:29:23.792711258
1759804163.7758772,RTU2,6,0.99,-0.083,49.85,339.2,190.1,GOOD,0.0101,0.1534,1,1,0,None,none,,,2025-10-07 02:29:23.775877237
1759804163.8004084,RTU3,3,0.954,-0.08,49.34,204.1,12.8,GOOD,0.0463,0.6633,1,0,1,Status Spoofing,low,-0.046,-0.66,2025-10-07 02:29:23.800408363
1759804163.8004644,RTU4,3,1.067,0.011,50.69,-202.2,-47.4,GOOD,0.0667,0.6935,0,0,1,Status Spoofing,medium,0.067,0.69,2025-10-07 02:29:23.800464392
1759804163.7837954,RTU1,10,1.112,0.055,50.01,-271.2,-194.8,GOOD,0.1122,0.0066,0,1,1,Voltage Attack,medium,0.112,0.0,2025-10-07 02:29:23.783795357
1759804163.799672,RTU1,4,1.088,-0.011,50.53,122.0,161.1,GOOD,0.0881,0.5277,0,0,1,Status Spoofing,medium,0.088,0.53,2025-10-07 02:29:23.799671888
1759804163.805184,RTU3,9,1.011,-0.098,49.93,-45.1,-35.3,GOOD,0.0108,0.0688,1,1,1,Measurement Noise,low,0.011,-0.07,2025-10-07 02:29:23.805183887
1759804163.7782557,RTU3,6,0.992,0.085,49.93,398.0,12.7,INVALID,0.0082,0.0739,1,1,0,None,none,,,2025-10-07 02:29:23.778255701
1759804163.800385,RTU4,6,0.896,-0.034,49.34,-155.3,-12.4,GOOD,0.1042,0.659,0,0,1,Status Spoofing,high,-0.104,-0.66,2025-10-07 02:29:23.800384998
1759804163.8004236,RTU1,7,1.052,-0.057,49.07,229.2,34.7,GOOD,0.0519,0.9274,0,0,1,Status Spoofing,medium,0.052,-0.93,2025-10-07 02:29:23.800423622
1759804163.7875967,RTU1,9,0.998,-0.04,50.79,-97.9,-8.0,GOOD,0.0018,0.7919,1,0,1,Frequency Attack,low,0.0,0.79,2025-10-07 02:29:23.787596703
1759804163.8020537,RTU4,3,1.051,-0.077,50.32,534.3,236.2,GOOD,0.0505,0.3153,0,1,1,Measurement Noise,low,0.051,0.32,2025-10-07 02:29:23.802053690
1759804163.8046129,RTU4,10,1.054,-0.146,49.23,453.9,167.0,GOOD,0.0544,0.7715,0,0,1,Measurement Noise,medium,0.054,-0.77,2025-10-07 02:29:23.804612875
1759804163.775865,RTU3,4,0.999,-0.097,49.92,196.6,184.6,GOOD,0.0006,0.0797,1,1,0,None,none,,,2025-10-07 02:29:23.775865078
1759804163.8029227,RTU2,7,1.032,0.078,50.34,52.0,125.0,SUSPECT,0.0322,0.3403,1,1,1,Measurement Noise,low,0.032,0.34,2025-10-07 02:29:23.802922726
1759804163.7787597,RTU3,7,0.997,0.076,49.99,-188.5,-162.6,GOOD,0.0032,0.0134,1,1,0,None,none,,,2025-10-07 02:29:23.778759718
1759804163.7910569,RTU4,2,0.685,0.063,50.55,128.0,148.2,GOOD,0.3154,0.5473,0,0,1,Combined Attack,high,-0.315,0.55,2025-10-07 02:29:23.791056871
1759804163.78242,RTU4,2,0.923,0.041,49.99,303.8,8.3,GOOD,0.0771,0.0148,0,1,1,Voltage Attack,high,-0.077,0.0,2025-10-07 02:29:23.782419920
1759804163.7771626,RTU1,8,0.988,0.062,49.84,342.5,102.2,GOOD,0.0123,0.1555,1,1,0,None,none,,,2025-10-07 02:29:23.777162552
1759804163.8028307,RTU4,7,0.969,-0.142,50.14,-219.0,-132.1,GOOD,0.0307,0.1414,1,1,1,Measurement Noise,low,-0.031,0.14,2025-10-07 02:29:23.802830696
1759804163.7747338,RTU1,8,1.004,-0.067,50.11,-73.1,-145.3,GOOD,0.0038,0.114,1,1,0,None,none,,,2025-10-07 02:29:23.774733782
1759804163.774842,RTU3,7,0.989,0.041,50.02,-353.8,-35.8,GOOD,0.0111,0.016,1,1,0,None,none,,,2025-10-07 02:29:23.774842024
1759804163.7853053,RTU3,3,0.998,0.058,47.37,-176.1,-49.4,GOOD,0.0021,2.6311,1,0,1,Frequency Attack,medium,0.0,-2.63,2025-10-07 02:29:23.785305262
1759804163.778346,RTU4,9,1.011,-0.053,50.12,388.7,15.8,GOOD,0.0109,0.1196,1,1,0,None,none,,,2025-10-07 02:29:23.778346062
1759804163.8062367,RTU1,4,0.994,-0.002,50.01,180.6,10.8,GOOD,0.0056,0.0123,1,1,1,Measurement Noise,high,-0.006,0.01,2025-10-07 02:29:23.806236744
1759804163.778395,RTU3,2,0.993,-0.063,50.13,112.8,22.8,GOOD,0.0068,0.1335,1,1,0,None,none,,,2025-10-07 02:29:23.778394938
1759804163.7985952,RTU1,3,0.949,0.079,49.01,-292.9,-111.3,GOOD,0.0515,0.988,0,0,1,Status Spoofing,medium,-0.051,-0.99,2025-10-07 02:29:23.798595190
1759804163.7923732,RTU3,8,1.112,-0.032,47.0,-385.2,-62.5,GOOD,0.112,3.0031,0,0,1,Combined Attack,high,0.112,-3.0,2025-10-07 02:29:23.792373180
1759804163.7877977,RTU1,8,0.994,0.076,51.83,-188.5,-41.9,GOOD,0.0063,1.8325,1,0,1,Frequency Attack,low,0.0,1.83,2025-10-07 02:29:23.787797689
1759804163.7907026,RTU4,1,1.124,-0.086,49.12,-178.3,-27.8,GOOD,0.124,0.8823,0,0,1,Combined Attack,low,0.124,-0.88,2025-10-07 02:29:23.790702581
1759804163.7771194,RTU2,2,1.008,-0.069,50.19,-271.4,-73.2,GOOD,0.0078,0.1896,1,1,0,None,none,,,2025-10-07 02:29:23.777119398
1759804163.797924,RTU2,1,1.063,0.059,51.26,-112.9,-197.6,GOOD,0.0628,1.259,0,0,1,Status Spoofing,high,0.063,1.26,2025-10-07 02:29:23.797924042
1759804163.7868385,RTU1,5,0.987,0.085,51.62,168.1,29.5,SUSPECT,0.0125,1.6198,1,0,1,Frequency Attack,low,0.0,1.62,2025-10-07 02:29:23.786838531
1759804163.7835968,RTU1,1,1.201,-0.024,50.06,-319.1,-181.6,GOOD,0.201,0.0556,0,1,1,Voltage Attack,medium,0.201,0.0,2025-10-07 02:29:23.783596754
1759804163.8023188,RTU3,8,1.031,0.116,49.95,60.0,215.7,GOOD,0.0306,0.046,1,1,1,Measurement Noise,low,0.031,-0.05,2025-10-07 02:29:23.802318811
1759804163.8058813,RTU3,3,0.973,0.039,49.77,277.9,21.9,SUSPECT,0.0271,0.2313,1,1,1,Measurement Noise,medium,-0.027,-0.23,2025-10-07 02:29:23.805881262
1759804163.7988403,RTU1,5,1.121,0.07,49.45,-272.4,-155.6,GOOD,0.1214,0.5546,0,0,1,Status Spoofing,high,0.121,-0.55,2025-10-07 02:29:23.798840284
1759804163.797522,RTU2,2,1.075,0.093,50.79,-283.0,-37.8,GOOD,0.0749,0.7915,0,0,1,Status Spoofing,medium,0.075,0.79,2025-10-07 02:29:23.797522068
1759804163.786568,RTU2,2,0.985,-0.062,48.77,322.3,188.4,SUSPECT,0.0149,1.2323,1,0,1,Frequency Attack,low,0.0,-1.23,2025-10-07 02:29:23.786567926
1759804163.7761462,RTU3,9,1.014,0.029,49.98,134.9,157.0,GOOD,0.0142,0.0158,1,1,0,None,none,,,2025-10-07 02:29:23.776146173
1759804163.7956307,RTU2,10,1.25,0.076,51.46,230.5,53.1,GOOD,0.2497,1.4637,0,0,1,Combined Attack,medium,0.25,1.46,2025-10-07 02:29:23.795630693
1759804163.7751753,RTU4,6,0.994,-0.097,49.93,-202.1,-119.2,GOOD,0.0058,0.0723,1,1,0,None,none,,,2025-10-07 02:29:23.775175333
1759804163.7766953,RTU2,6,1.012,0.055,50.11,294.9,135.9,GOOD,0.0118,0.1135,1,1,0,None,none,,,2025-10-07 02:29:23.776695251
1759804163.78927,RTU1,1,0.981,0.012,46.76,483.8,49.8,INVALID,0.0191,3.2377,1,0,1,Frequency Attack,high,0.0,-3.24,2025-10-07 02:29:23.789269924
1759804163.7964928,RTU2,4,1.256,0.007,47.53,195.2,110.1,GOOD,0.2559,2.4686,0,0,1,Combined Attack,high,0.256,-2.47,2025-10-07 02:29:23.796492815
1759804163.7995665,RTU1,10,0.941,-0.003,50.92,270.7,59.9,GOOD,0.0587,0.9203,0,0,1,Status Spoofing,medium,-0.059,0.92,2025-10-07 02:29:23.799566507
1759804163.7981706,RTU2,4,0.935,0.089,49.35,112.8,48.0,GOOD,0.0653,0.6537,0,0,1,Status Spoofing,low,-0.065,-0.65,2025-10-07 02:29:23.798170567
1759804163.7787824,RTU2,4,1.015,-0.091,49.94,-224.6,-72.4,GOOD,0.015,0.0577,1,1,0,None,none,,,2025-10-07 02:29:23.778782368
1759804163.795244,RTU4,6,0.873,-0.089,48.24,396.9,85.8,GOOD,0.1274,1.7582,0,0,1,Combined Attack,low,-0.127,-1.76,2025-10-07 02:29:23.795243979
1759804163.783489,RTU1,8,0.798,0.048,50.02,58.5,77.9,GOOD,0.202,0.0156,0,1,1,Voltage Attack,medium,-0.202,0.0,2025-10-07 02:29:23.783488989
1759804163.7920063,RTU1,10,0.839,0.048,49.32,406.1,15.8,GOOD,0.1609,0.6824,0,0,1,Combined Attack,medium,-0.161,-0.68,2025-10-07 02:29:23.792006254
1759804163.7985425,RTU1,5,1.044,0.095,49.59,363.0,157.9,GOOD,0.0436,0.4119,1,1,1,Status Spoofing,low,0.044,-0.41,2025-10-07 02:29:23.798542500
1759804163.7985163,RTU2,2,1.109,-0.057,50.53,483.2,187.3,GOOD,0.1088,0.5305,0,0,1,Status Spoofing,high,0.109,0.53,2025-10-07 02:29:23.798516273
1759804163.7877479,RTU3,3,1.013,0.023,49.03,-236.9,-162.1,SUSPECT,0.0132,0.9731,1,0,1,Frequency Attack,medium,0.0,-0.97,2025-10-07 02:29:23.787747860
1759804163.7752373,RTU1,3,0.992,0.091,49.99,-127.0,-133.2,GOOD,0.0081,0.0071,1,1,0,None,none,,,2025-10-07 02:29:23.775237322
1759804163.8001611,RTU4,3,1.066,-0.097,49.05,-170.0,-56.2,GOOD,0.0664,0.9538,0,0,1,Status Spoofing,medium,0.066,-0.95,2025-10-07 02:29:23.800161123
1759804163.7746062,RTU1,6,1.008,-0.035,50.0,-143.7,-54.4,GOOD,0.0084,0.003,1,1,0,None,none,,,2025-10-07 02:29:23.774606228
1759804163.7761135,RTU1,7,1.01,0.093,50.05,52.0,38.9,SUSPECT,0.0097,0.0514,1,1,0,None,none,,,2025-10-07 02:29:23.776113510
1759804163.7758067,RTU4,7,0.991,0.039,50.14,231.2,41.0,GOOD,0.0088,0.137,1,1,0,None,none,,,2025-10-07 02:29:23.775806665
1759804163.7970407,RTU4,5,1.078,-0.038,49.33,-142.1,-15.7,GOOD,0.078,0.6736,0,0,1,Status Spoofing,low,0.078,-0.67,2025-10-07 02:29:23.797040701
1759804163.775285,RTU2,6,1.004,-0.053,50.09,-97.2,-45.1,SUSPECT,0.0038,0.0873,1,1,0,None,none,,,2025-10-07 02:29:23.775285006
1759804163.7938023,RTU1,7,1.229,0.097,53.42,407.8,34.0,GOOD,0.2294,3.4238,0,0,1,Combined Attack,high,0.229,3.42,2025-10-07 02:29:23.793802261
1759804163.7764704,RTU4,5,1.016,0.047,50.06,101.2,3.7,GOOD,0.0163,0.0634,1,1,0,None,none,,,2025-10-07 02:29:23.776470423
1759804163.786539,RTU3,1,1.002,-0.095,51.91,287.4,186.0,GOOD,0.0024,1.9075,1,0,1,Frequency Attack,medium,0.0,1.91,2025-10-07 02:29:23.786539078
1759804163.7959125,RTU1,4,0.674,-0.081,47.62,223.3,154.4,SUSPECT,0.3262,2.3813,0,0,1,Combined Attack,high,-0.326,-2.38,2025-10-07 02:29:23.795912504
1759804163.7944984,RTU2,8,0.729,-0.097,49.41,197.8,12.0,SUSPECT,0.2707,0.5891,0,0,1,Combined Attack,high,-0.271,-0.59,2025-10-07 02:29:23.794498444
1759804163.7788057,RTU3,8,0.994,0.099,49.97,-314.8,-134.8,GOOD,0.0062,0.0281,1,1,0,None,none,,,2025-10-07 02:29:23.778805733
1759804163.7977636,RTU3,6,1.117,-0.044,49.03,222.9,14.3,GOOD,0.1175,0.9706,0,0,1,Status Spoofing,high,0.117,-0.97,2025-10-07 02:29:23.797763586
1759804163.7851846,RTU2,4,0.995,-0.012,51.54,425.0,108.2,GOOD,0.0054,1.5414,1,0,1,Frequency Attack,medium,0.0,1.54,2025-10-07 02:29:23.785184622
1759804163.7826192,RTU1,7,1.098,-0.099,50.19,-362.9,-9.0,GOOD,0.0983,0.1888,0,1,1,Voltage Attack,low,0.098,0.0,2025-10-07 02:29:23.782619238
1759804163.7808704,RTU1,10,0.835,0.027,50.08,-159.9,-142.7,GOOD,0.1654,0.0756,0,1,1,Voltage Attack,low,-0.165,0.0,2025-10-07 02:29:23.780870438
1759804163.776739,RTU1,3,1.006,0.026,50.01,386.2,169.7,GOOD,0.006,0.0128,1,1,0,None,none,,,2025-10-07 02:29:23.776738882
1759804163.7843237,RTU3,2,0.835,-0.04,50.04,179.9,34.3,GOOD,0.1655,0.0393,0,1,1,Voltage Attack,low,-0.165,0.0,2025-10-07 02:29:23.784323692
1759804163.8064501,RTU4,2,1.008,0.114,49.95,91.0,239.2,INVALID,0.0076,0.052,1,1,1,Measurement Noise,low,0.008,-0.05,2025-10-07 02:29:23.806450129
1759804163.781177,RTU4,5,1.068,0.091,50.04,293.8,5.3,SUSPECT,0.0678,0.0407,0,1,1,Voltage Attack,medium,0.068,0.0,2025-10-07 02:29:23.781177044
1759804163.7805963,RTU1,6,0.768,0.065,49.84,224.0,188.6,GOOD,0.232,0.1618,0,1,1,Voltage Attack,medium,-0.232,0.0,2025-10-07 02:29:23.780596256
1759804163.7813504,RTU2,3,0.922,0.029,50.05,416.8,196.6,GOOD,0.0779,0.0543,0,1,1,Voltage Attack,low,-0.078,0.0,2025-10-07 02:29:23.781350374
1759804163.8035777,RTU1,6,0.962,0.056,49.79,242.7,109.2,GOOD,0.0383,0.2067,1,1,1,Measurement Noise,high,-0.038,-0.21,2025-10-07 02:29:23.803577662
1759804163.7781436,RTU1,6,1.016,0.081,49.95,-212.5,-48.9,GOOD,0.0164,0.0529,1,1,0,None,none,,,2025-10-07 02:29:23.778143644
1759804163.8029833,RTU3,3,0.997,-0.03,50.11,279.1,65.7,GOOD,0.003,0.1058,1,1,1,Measurement Noise,low,-0.003,0.11,2025-10-07 02:29:23.802983284
1759804163.7919536,RTU3,9,1.091,0.064,51.69,-267.6,-119.8,GOOD,0.0911,1.688,0,0,1,Combined Attack,medium,0.091,1.69,2025-10-07 02:29:23.791953564
1759804163.78338,RTU2,2,0.794,-0.025,49.99,-340.3,-56.3,GOOD,0.2062,0.0127,0,1,1,Voltage Attack,low,-0.206,0.0,2025-10-07 02:29:23.783380032
1759804163.7773771,RTU4,3,1.006,-0.09,50.0,273.6,158.9,GOOD,0.006,0.005,1,1,0,None,none,,,2025-10-07 02:29:23.777377129
1759804163.7996461,RTU2,8,1.049,0.051,49.54,-62.2,-102.9,GOOD,0.0486,0.4634,1,1,1,Status Spoofing,medium,0.049,-0.46,2025-10-07 02:29:23.799646139
1759804163.7966392,RTU3,8,0.686,0.048,46.81,62.1,64.0,SUSPECT,0.3135,3.1945,0,0,1,Combined Attack,high,-0.314,-3.19,2025-10-07 02:29:23.796639204
1759804163.8051145,RTU4,7,0.987,0.141,50.14,-266.7,-136.0,INVALID,0.0127,0.1393,1,1,1,Measurement Noise,high,-0.013,0.14,2025-10-07 02:29:23.805114508
1759804163.7748094,RTU3,7,0.997,-0.007,50.22,-142.5,-8.6,GOOD,0.0032,0.215,1,1,0,None,none,,,2025-10-07 02:29:23.774809361
1759804163.7836213,RTU3,10,0.657,-0.073,50.05,-328.1,-56.4,GOOD,0.3428,0.0481,0,1,1,Voltage Attack,high,-0.343,0.0,2025-10-07 02:29:23.783621311
1759804163.7741866,RTU1,1,1.003,-0.0,49.96,-173.9,-20.4,GOOD,0.003,0.0384,1,1,0,None,none,,,2025-10-07 02:29:23.774186611
1759804163.7957473,RTU3,5,0.808,0.062,52.38,-130.1,-23.5,SUSPECT,0.1922,2.384,0,0,1,Combined Attack,medium,-0.192,2.38,2025-10-07 02:29:23.795747280
1759804163.786369,RTU3,9,0.997,0.087,52.61,-307.9,-11.7,GOOD,0.0028,2.6132,1,0,1,Frequency Attack,medium,0.0,2.61,2025-10-07 02:29:23.786369085
1759804163.7760906,RTU4,8,0.998,-0.011,50.1,168.8,131.9,GOOD,0.0015,0.1049,1,1,0,None,none,,,2025-10-07 02:29:23.776090622
1759804163.792281,RTU2,3,1.162,-0.036,49.2,-123.1,-180.9,GOOD,0.1624,0.7989,0,0,1,Combined Attack,medium,0.162,-0.8,2025-10-07 02:29:23.792280912
1759804163.7772841,RTU2,4,0.998,0.088,49.93,389.8,58.2,GOOD,0.0023,0.0679,1,1,0,None,none,,,2025-10-07 02:29:23.777284145
1759804163.7876363,RTU3,9,0.99,-0.089,47.85,-336.4,-156.8,INVALID,0.0104,2.1542,1,0,1,Frequency Attack,medium,0.0,-2.15,2025-10-07 02:29:23.787636280
1759804163.7992594,RTU3,1,0.895,0.013,49.27,405.1,17.8,GOOD,0.1051,0.7317,0,0,1,Status Spoofing,high,-0.105,-0.73,2025-10-07 02:29:23.799259424
1759804163.7927346,RTU4,10,0.805,-0.069,52.34,463.0,28.3,INVALID,0.1946,2.3441,0,0,1,Combined Attack,medium,-0.195,2.34,2025-10-07 02:29:23.792734623
1759804163.7882597,RTU2,1,0.998,-0.064,48.87,167.5,31.6,GOOD,0.0019,1.1259,1,0,1,Frequency Attack,medium,0.0,-1.13,2025-10-07 02:29:23.788259745
1759804163.8001509,RTU3,9,1.044,-0.067,50.64,-51.8,-79.3,GOOD,0.0443,0.6395,1,0,1,Status Spoofing,medium,0.044,0.64,2025-10-07 02:29:23.800150871
1759804163.7771416,RTU2,9,1.007,-0.055,50.05,228.7,40.6,GOOD,0.0066,0.0527,1,1,0,None,none,,,2025-10-07 02:29:23.777141571
1759804163.7887514,RTU4,10,1.003,0.052,50.99,395.5,174.5,INVALID,0.0034,0.993,1,0,1,Frequency Attack,medium,0.0,0.99,2025-10-07 02:29:23.788751364
1759804163.7743134,RTU3,5,0.989,-0.055,50.14,111.0,169.7,SUSPECT,0.0105,0.1447,1,1,0,None,none,,,2025-10-07 02:29:23.774313450
1759804163.7767494,RTU2,8,1.0,-0.052,50.04,193.5,180.2,GOOD,0.0002,0.0442,1,1,0,None,none,,,2025-10-07 02:29:23.776749372
1759804163.7980056,RTU4,5,0.911,-0.079,50.46,494.8,172.0,GOOD,0.0887,0.4604,0,1,1,Status Spoofing,medium,-0.089,0.46,2025-10-07 02:29:23.798005581
1759804163.783008,RTU2,4,0.797,-0.002,49.91,114.9,35.9,GOOD,0.2034,0.0949,0,1,1,Voltage Attack,low,-0.203,0.0,2025-10-07 02:29:23.783008099
1759804163.7987354,RTU4,2,1.066,-0.047,50.97,84.7,135.2,GOOD,0.0661,0.9703,0,0,1,Status Spoofing,medium,0.066,0.97,2025-10-07 02:29:23.798735380
1759804163.787279,RTU4,10,1.001,0.084,48.08,-320.4,-155.3,GOOD,0.0007,1.9211,1,0,1,Frequency Attack,low,0.0,-1.92,2025-10-07 02:29:23.787278891
1759804163.7996316,RTU3,2,1.066,0.016,49.36,-383.1,-43.4,GOOD,0.0663,0.6418,0,0,1,Status Spoofing,low,0.066,-0.64,2025-10-07 02:29:23.799631596
1759804163.7916822,RTU2,3,1.126,0.004,51.74,-375.2,-21.1,INVALID,0.1259,1.7369,0,0,1,Combined Attack,high,0.126,1.74,2025-10-07 02:29:23.791682243
1759804163.7763722,RTU4,2,0.983,0.042,49.99,-107.8,-37.1,INVALID,0.0167,0.0065,1,1,0,None,none,,,2025-10-07 02:29:23.776372194
1759804163.8067448,RTU3,3,1.026,-0.054,49.81,247.8,212.7,GOOD,0.026,0.1901,1,1,1,Measurement Noise,low,0.026,-0.19,2025-10-07 02:29:23.806744814
1759804163.8060935,RTU4,6,0.963,0.105,50.02,-87.7,-125.9,GOOD,0.037,0.0227,1,1,1,Measurement Noise,low,-0.037,0.02,2025-10-07 02:29:23.806093454
1759804163.7863183,RTU2,2,1.017,0.053,51.36,-338.5,-4.8,SUSPECT,0.0173,1.3593,1,0,1,Frequency Attack,high,0.0,1.36,2025-10-07 02:29:23.786318302
1759804163.7827673,RTU2,1,1.203,0.015,50.05,485.7,8.1,INVALID,0.2031,0.0512,0,1,1,Voltage Attack,low,0.203,0.0,2025-10-07 02:29:23.782767296
1759804163.7976017,RTU4,3,1.116,0.027,51.25,-328.7,-12.7,GOOD,0.1157,1.2518,0,0,1,Status Spoofing,high,0.116,1.25,2025-10-07 02:29:23.797601700
1759804163.7766738,RTU2,8,1.008,0.086,50.08,83.6,91.7,INVALID,0.0078,0.0825,1,1,0,None,none,,,2025-10-07 02:29:23.776673794
1759804163.7787254,RTU3,10,1.0,0.068,50.03,-123.7,-116.1,GOOD,0.0,0.0251,1,1,0,None,none,,,2025-10-07 02:29:23.778725386
1759804163.7981436,RTU1,2,0.952,-0.055,50.53,-304.5,-29.0,GOOD,0.0484,0.5345,1,0,1,Status Spoofing,low,-0.048,0.53,2025-10-07 02:29:23.798143625
1759804163.7908132,RTU4,4,0.839,0.008,48.58,-61.1,-178.3,INVALID,0.1605,1.4187,0,0,1,Combined Attack,medium,-0.161,-1.42,2025-10-07 02:29:23.790813208
1759804163.8033412,RTU4,5,1.11,-0.062,49.16,444.2,102.2,INVALID,0.1105,0.8357,0,0,1,Measurement Noise,high,0.11,-0.84,2025-10-07 02:29:23.803341150
1759804163.7889504,RTU2,10,0.997,0.064,48.23,212.1,47.9,GOOD,0.0027,1.7712,1,0,1,Frequency Attack,low,0.0,-1.77,2025-10-07 02:29:23.788950443
1759804163.7982492,RTU3,3,1.077,0.003,50.99,472.6,135.4,GOOD,0.0772,0.9862,0,0,1,Status Spoofing,medium,0.077,0.99,2025-10-07 02:29:23.798249245
1759804163.8064654,RTU3,7,0.926,0.088,49.52,-54.7,-152.6,SUSPECT,0.0742,0.479,0,1,1,Measurement Noise,medium,-0.074,-0.48,2025-10-07 02:29:23.806465387
1759804163.7743244,RTU3,3,0.997,-0.086,50.05,-291.3,-182.9,GOOD,0.003,0.0476,1,1,0,None,none,,,2025-10-07 02:29:23.774324417
1759804163.796292,RTU4,4,1.088,0.075,48.59,371.2,60.3,GOOD,0.0885,1.4062,0,0,1,Combined Attack,low,0.088,-1.41,2025-10-07 02:29:23.796292067
1759804163.791993,RTU4,9,1.235,0.081,51.01,197.5,198.2,SUSPECT,0.2346,1.0144,0,0,1,Combined Attack,high,0.235,1.01,2025-10-07 02:29:23.791992903
1759804163.8045976,RTU1,2,1.052,0.102,49.69,-101.3,-59.9,INVALID,0.0522,0.3065,0,1,1,Measurement Noise,medium,0.052,-0.31,2025-10-07 02:29:23.804597616
1759804163.803501,RTU1,8,1.008,0.088,49.68,117.0,49.2,GOOD,0.0075,0.322,1,1,1,Measurement Noise,low,0.008,-0.32,2025-10-07 02:29:23.803500891
1759804163.7904007,RTU1,3,1.061,-0.003,51.82,-198.9,-113.6,INVALID,0.0615,1.8166,0,0,1,Combined Attack,low,0.061,1.82,2025-10-07 02:29:23.790400743
1759804163.805806,RTU3,7,0.896,-0.009,50.0,202.4,45.4,SUSPECT,0.1041,0.0016,0,1,1,Measurement Noise,high,-0.104,-0.0,2025-10-07 02:29:23.805805922
1759804163.781622,RTU4,3,0.874,-0.006,50.11,266.8,164.7,GOOD,0.1262,0.1051,0,1,1,Voltage Attack,low,-0.126,0.0,2025-10-07 02:29:23.781621933
1759804163.776383,RTU1,4,1.0,0.017,50.06,-328.2,-122.7,GOOD,0.0002,0.0633,1,1,0,None,none,,,2025-10-07 02:29:23.776382923
1759804163.8006673,RTU1,7,1.063,-0.087,50.66,360.7,67.5,GOOD,0.0632,0.6633,0,0,1,Status Spoofing,low,0.063,0.66,2025-10-07 02:29:23.800667286
1759804163.8047962,RTU1,5,0.99,0.016,50.18,424.9,8.9,GOOD,0.0101,0.1784,1,1,1,Measurement Noise,low,-0.01,0.18,2025-10-07 02:29:23.804796219
1759804163.7913136,RTU3,9,0.77,0.003,50.65,-359.1,-160.9,SUSPECT,0.2304,0.6498,0,0,1,Combined Attack,medium,-0.23,0.65,2025-10-07 02:29:23.791313648
1759804163.7757642,RTU2,1,1.002,-0.016,50.06,-219.7,-145.5,GOOD,0.0017,0.0617,1,1,0,None,none,,,2025-10-07 02:29:23.775764227
1759804163.7986765,RTU2,2,0.937,0.097,49.47,-145.3,-175.3,GOOD,0.063,0.5273,0,0,1,Status Spoofing,medium,-0.063,-0.53,2025-10-07 02:29:23.798676491
1759804163.7964063,RTU4,7,1.307,-0.07,53.36,377.3,114.2,SUSPECT,0.3068,3.3589,0,0,1,Combined Attack,high,0.307,3.36,2025-10-07 02:29:23.796406269
1759804163.8049252,RTU1,3,1.013,-0.029,50.3,269.5,12.2,GOOD,0.0125,0.2988,1,1,1,Measurement Noise,low,0.013,0.3,2025-10-07 02:29:23.804925203
1759804163.7811637,RTU4,3,0.938,-0.016,50.13,84.2,39.3,GOOD,0.0617,0.1337,0,1,1,Voltage Attack,low,-0.062,0.0,2025-10-07 02:29:23.781163692
1759804163.788422,RTU4,10,0.997,-0.008,47.94,-56.3,-23.0,SUSPECT,0.0026,2.0646,1,0,1,Frequency Attack,medium,0.0,-2.06,2025-10-07 02:29:23.788422108
1759804163.7753732,RTU3,9,1.002,-0.029,49.9,241.2,123.3,GOOD,0.0022,0.0984,1,1,0,None,none,,,2025-10-07 02:29:23.775373220
1759804163.7990472,RTU4,1,0.94,0.024,49.56,-374.2,-16.6,GOOD,0.0601,0.4401,0,1,1,Status Spoofing,medium,-0.06,-0.44,2025-10-07 02:29:23.799047232
1759804163.783859,RTU4,1,0.797,-0.062,49.92,-254.0,-65.8,GOOD,0.2027,0.0849,0,1,1,Voltage Attack,low,-0.203,0.0,2025-10-07 02:29:23.783859015
1759804163.7995546,RTU3,6,0.938,-0.033,50.78,-308.1,-67.2,GOOD,0.0623,0.7847,0,0,1,Status Spoofing,low,-0.062,0.78,2025-10-07 02:29:23.799554586
1759804163.7826817,RTU4,4,0.887,0.085,49.96,-317.3,-47.6,GOOD,0.1131,0.0433,0,1,1,Voltage Attack,high,-0.113,0.0,2025-10-07 02:29:23.782681704
1759804163.788909,RTU1,4,1.001,0.068,47.13,192.8,91.4,SUSPECT,0.0008,2.8658,1,0,1,Frequency Attack,high,0.0,-2.87,2025-10-07 02:29:23.788908958
1759804163.7965078,RTU4,2,0.798,0.075,52.46,380.0,132.0,GOOD,0.2019,2.4558,0,0,1,Combined Attack,medium,-0.202,2.46,2025-10-07 02:29:23.796507835
1759804163.8029072,RTU4,10,1.033,0.077,50.45,71.7,201.9,GOOD,0.033,0.4493,1,1,1,Measurement Noise,low,0.033,0.45,2025-10-07 02:29:23.802907228
1759804163.8022509,RTU3,5,0.95,-0.01,49.23,403.0,87.6,INVALID,0.0501,0.7703,0,0,1,Measurement Noise,medium,-0.05,-0.77,2025-10-07 02:29:23.802250862
1759804163.8059723,RTU4,8,0.998,-0.03,50.82,198.9,179.2,INVALID,0.0019,0.8208,1,0,1,Measurement Noise,high,-0.002,0.82,2025-10-07 02:29:23.805972338
1759804163.786263,RTU4,7,1.008,0.092,47.67,424.9,116.2,GOOD,0.0079,2.328,1,0,1,Frequency Attack,high,0.0,-2.33,2025-10-07 02:29:23.786262989
1759804163.7917366,RTU3,10,1.16,-0.01,47.94,-66.5,-109.7,GOOD,0.1598,2.0573,0,0,1,Combined Attack,high,0.16,-2.06,2025-10-07 02:29:23.791736603
1759804163.7835014,RTU2,4,0.827,-0.052,50.08,326.1,32.2,SUSPECT,0.1735,0.0787,0,1,1,Voltage Attack,medium,-0.173,0.0,2025-10-07 02:29:23.783501387
1759804163.7879918,RTU4,5,1.0,0.005,51.15,-317.5,-108.8,GOOD,0.0005,1.1523,1,0,1,Frequency Attack,low,0.0,1.15,2025-10-07 02:29:23.787991762
1759804163.7939444,RTU2,3,0.885,0.1,48.79,343.0,109.0,SUSPECT,0.1146,1.2125,0,0,1,Combined Attack,medium,-0.115,-1.21,2025-10-07 02:29:23.793944359
1759804163.7841642,RTU3,3,0.905,-0.047,49.9,63.0,147.8,SUSPECT,0.095,0.1044,0,1,1,Voltage Attack,low,-0.095,0.0,2025-10-07 02:29:23.784164190
1759804163.7990348,RTU1,10,1.082,0.069,50.64,420.6,28.2,GOOD,0.0823,0.6421,0,0,1,Status Spoofing,medium,0.082,0.64,2025-10-07 02:29:23.799034834
1759804163.7810268,RTU3,3,0.801,-0.018,49.96,315.9,171.0,SUSPECT,0.199,0.0372,0,1,1,Voltage Attack,medium,-0.199,0.0,2025-10-07 02:29:23.781026840
1759804163.8001769,RTU2,5,0.945,-0.038,49.44,440.6,23.6,GOOD,0.0551,0.5608,0,0,1,Status Spoofing,low,-0.055,-0.56,2025-10-07 02:29:23.800176859
1759804163.8061848,RTU4,1,0.915,0.11,49.23,394.0,20.7,GOOD,0.0853,0.7709,0,0,1,Measurement Noise,medium,-0.085,-0.77,2025-10-07 02:29:23.806184769
1759804163.7995777,RTU2,8,1.093,-0.063,49.45,-141.8,-165.8,GOOD,0.0926,0.5526,0,0,1,Status Spoofing,high,0.093,-0.55,2025-10-07 02:29:23.799577713
1759804163.8014266,RTU3,8,0.975,0.148,49.28,-375.7,15.2,INVALID,0.0245,0.7159,1,0,1,Measurement Noise,high,-0.025,-0.72,2025-10-07 02:29:23.801426649
1759804163.7983546,RTU2,5,0.919,0.031,50.74,86.6,42.7,GOOD,0.081,0.735,0,0,1,Status Spoofing,medium,-0.081,0.74,2025-10-07 02:29:23.798354626
1759804163.7772949,RTU1,2,1.008,0.014,50.06,-395.2,-85.4,GOOD,0.0084,0.0578,1,1,0,None,none,,,2025-10-07 02:29:23.777294874
1759804163.8043149,RTU2,8,1.062,0.14,50.17,-245.2,-52.9,SUSPECT,0.0625,0.1665,0,1,1,Measurement Noise,medium,0.062,0.17,2025-10-07 02:29:23.804314852
1759804163.7864833,RTU1,5,1.012,0.022,50.92,325.1,192.1,GOOD,0.0123,0.921,1,0,1,Frequency Attack,medium,0.0,0.92,2025-10-07 02:29:23.786483288
1759804163.7935658,RTU4,3,0.849,-0.051,48.58,-233.8,-177.3,GOOD,0.1513,1.4225,0,0,1,Combined Attack,low,-0.151,-1.42,2025-10-07 02:29:23.793565750
1759804163.7829957,RTU3,4,0.9,0.052,49.98,-218.0,-51.1,INVALID,0.1004,0.0177,0,1,1,Voltage Attack,low,-0.1,0.0,2025-10-07 02:29:23.782995701
1759804163.780639,RTU3,4,1.076,-0.057,49.99,498.3,55.0,SUSPECT,0.0756,0.0128,0,1,1,Voltage Attack,medium,0.076,0.0,2025-10-07 02:29:23.780638933
1759804163.8044362,RTU1,2,1.009,0.122,49.58,-155.8,-130.8,GOOD,0.0086,0.4185,1,1,1,Measurement Noise,medium,0.009,-0.42,2025-10-07 02:29:23.804436207
1759804163.7798023,RTU4,5,0.894,-0.033,50.07,-82.6,-159.9,SUSPECT,0.1062,0.0723,0,1,1,Voltage Attack,low,-0.106,0.0,2025-10-07 02:29:23.779802322
1759804163.7862508,RTU2,2,1.008,-0.1,48.5,220.8,127.1,GOOD,0.0077,1.5013,1,0,1,Frequency Attack,high,0.0,-1.5,2025-10-07 02:29:23.786250830
1759804163.787215,RTU1,10,1.006,-0.084,51.63,466.3,77.5,GOOD,0.0064,1.631,1,0,1,Frequency Attack,low,0.0,1.63,2025-10-07 02:29:23.787214994
1759804163.7850978,RTU1,4,1.01,-0.003,49.2,88.3,105.9,GOOD,0.0104,0.8039,1,0,1,Frequency Attack,medium,0.0,-0.8,2025-10-07 02:29:23.785097837
1759804163.786093,RTU2,4,0.991,0.004,52.57,438.0,199.9,INVALID,0.0095,2.5736,1,0,1,Frequency Attack,high,0.0,2.57,2025-10-07 02:29:23.786092997
1759804163.8054461,RTU3,8,1.124,0.122,49.51,-242.6,-187.8,GOOD,0.1241,0.4866,0,1,1,Measurement Noise,high,0.124,-0.49,2025-10-07 02:29:23.805446148
1759804163.7832134,RTU2,7,0.846,-0.001,50.08,-246.1,-193.3,GOOD,0.1545,0.0811,0,1,1,Voltage Attack,medium,-0.154,0.0,2025-10-07 02:29:23.783213377
1759804163.7743688,RTU3,9,1.007,-0.048,49.97,166.6,104.9,GOOD,0.0067,0.033,1,1,0,None,none,,,2025-10-07 02:29:23.774368763
1759804163.788739,RTU1,8,0.992,-0.006,53.36,-293.2,-111.7,GOOD,0.0084,3.36,1,0,1,Frequency Attack,high,0.0,3.36,2025-10-07 02:29:23.788738966
1759804163.797113,RTU4,6,1.082,0.038,50.93,438.3,175.6,GOOD,0.0817,0.9349,0,0,1,Status Spoofing,high,0.082,0.93,2025-10-07 02:29:23.797112942
1759804163.778491,RTU2,1,1.011,0.028,49.98,-234.8,-151.2,GOOD,0.0106,0.0192,1,1,0,None,none,,,2025-10-07 02:29:23.778491020
1759804163.8023918,RTU2,4,1.049,-0.142,49.86,-434.0,-159.5,GOOD,0.0486,0.1382,1,1,1,Measurement Noise,medium,0.049,-0.14,2025-10-07 02:29:23.802391768
1759804163.799695,RTU3,8,1.047,0.079,49.37,-113.1,-180.4,GOOD,0.0468,0.6318,1,0,1,Status Spoofing,medium,0.047,-0.63,2025-10-07 02:29:23.799695015
1759804163.791407,RTU1,4,1.258,0.052,52.04,99.2,2.6,GOOD,0.2583,2.0357,0,0,1,Combined Attack,medium,0.258,2.04,2025-10-07 02:29:23.791407108
1759804163.8019776,RTU1,3,0.983,-0.028,50.02,-74.5,-201.1,GOOD,0.0168,0.0223,1,1,1,Measurement Noise,low,-0.017,0.02,2025-10-07 02:29:23.801977634
1759804163.7979374,RTU2,9,0.958,-0.089,49.58,-382.2,-52.6,GOOD,0.0419,0.416,1,1,1,Status Spoofing,low,-0.042,-0.42,2025-10-07 02:29:23.797937393
1759804163.7760584,RTU2,2,1.001,-0.016,50.16,-64.7,-63.8,SUSPECT,0.001,0.1559,1,1,0,None,none,,,2025-10-07 02:29:23.776058435
1759804163.7755897,RTU1,8,1.016,0.095,49.95,-92.7,-127.6,GOOD,0.0158,0.0481,1,1,0,None,none,,,2025-10-07 02:29:23.775589705
1759804163.7774267,RTU1,10,0.991,-0.032,50.07,-262.6,-104.8,GOOD,0.0091,0.0654,1,1,0,None,none,,,2025-10-07 02:29:23.777426720
1759804163.781583,RTU3,7,1.17,0.015,49.89,344.5,14.2,GOOD,0.1705,0.1128,0,1,1,Voltage Attack,high,0.17,0.0,2025-10-07 02:29:23.781583071
1759804163.7884467,RTU2,3,0.983,0.049,52.35,166.8,199.7,GOOD,0.0173,2.354,1,0,1,Frequency Attack,high,0.0,2.35,2025-10-07 02:29:23.788446665
1759804163.7930799,RTU3,6,1.126,0.098,48.2,320.1,3.8,SUSPECT,0.1257,1.8044,0,0,1,Combined Attack,medium,0.126,-1.8,2025-10-07 02:29:23.793079853
1759804163.7822351,RTU4,7,0.815,0.099,50.05,485.1,31.8,SUSPECT,0.1853,0.0482,0,1,1,Voltage Attack,low,-0.185,0.0,2025-10-07 02:29:23.782235146
1759804163.7987611,RTU2,6,0.959,-0.031,50.48,-352.1,-136.8,GOOD,0.0415,0.4801,1,1,1,Status Spoofing,medium,-0.041,0.48,2025-10-07 02:29:23.798761129
1759804163.7764597,RTU2,8,0.987,0.065,50.01,-94.2,-163.2,GOOD,0.0132,0.0149,1,1,0,None,none,,,2025-10-07 02:29:23.776459694
1759804163.801062,RTU3,8,0.918,0.083,49.57,343.3,167.9,GOOD,0.0819,0.4258,0,1,1,Status Spoofing,low,-0.082,-0.43,2025-10-07 02:29:23.801062107
1759804163.7843108,RTU3,9,1.119,0.075,49.92,-180.8,-138.9,GOOD,0.1195,0.0786,0,1,1,Voltage Attack,low,0.119,0.0,2025-10-07 02:29:23.784310818
1759804163.782934,RTU2,5,1.159,0.042,50.05,248.7,8.2,SUSPECT,0.159,0.0492,0,1,1,Voltage Attack,low,0.159,0.0,2025-10-07 02:29:23.782933950
1759804163.7767282,RTU1,9,0.979,-0.086,49.96,137.3,167.2,GOOD,0.0207,0.0441,1,1,0,None,none,,,2025-10-07 02:29:23.776728153
1759804163.7885225,RTU1,6,1.008,0.037,51.29,-249.2,-92.5,GOOD,0.0075,1.2855,1,0,1,Frequency Attack,medium,0.0,1.29,2025-10-07 02:29:23.788522482
1759804163.8021045,RTU2,8,0.973,0.128,50.34,-69.0,3.1,GOOD,0.0265,0.3443,1,1,1,Measurement Noise,medium,-0.027,0.34,2025-10-07 02:29:23.802104473
1759804163.7964785,RTU1,8,1.088,-0.051,48.97,433.3,22.5,SUSPECT,0.0876,1.0286,0,0,1,Combined Attack,low,0.088,-1.03,2025-10-07 02:29:23.796478510
1759804163.7767825,RTU2,5,1.001,0.026,50.19,-350.3,-57.4,GOOD,0.001,0.1911,1,1,0,None,none,,,2025-10-07 02:29:23.776782513
1759804163.8008928,RTU1,3,0.923,0.077,50.65,-196.2,-119.0,GOOD,0.0775,0.6507,0,0,1,Status Spoofing,medium,-0.077,0.65,2025-10-07 02:29:23.800892830
1759804163.791274,RTU4,9,0.818,-0.071,51.76,427.8,60.5,GOOD,0.1819,1.7584,0,0,1,Combined Attack,low,-0.182,1.76,2025-10-07 02:29:23.791274071
1759804163.7919798,RTU4,5,1.197,-0.037,47.76,173.2,111.1,SUSPECT,0.1971,2.2424,0,0,1,Combined Attack,medium,0.197,-2.24,2025-10-07 02:29:23.791979790
1759804163.800243,RTU1,4,1.057,0.093,49.59,397.9,64.2,GOOD,0.057,0.4092,0,1,1,Status Spoofing,low,0.057,-0.41,2025-10-07 02:29:23.800242901
1759804163.7809846,RTU2,10,0.844,-0.081,49.95,-130.2,-10.2,GOOD,0.1559,0.0468,0,1,1,Voltage Attack,low,-0.156,0.0,2025-10-07 02:29:23.780984640
1759804163.797408,RTU1,1,1.079,-0.056,50.49,453.5,100.9,GOOD,0.0794,0.4903,0,1,1,Status Spoofing,low,0.079,0.49,2025-10-07 02:29:23.797408104
1759804163.7976933,RTU4,7,1.044,-0.003,50.54,-368.8,-174.3,GOOD,0.0438,0.5444,1,0,1,Status Spoofing,low,0.044,0.54,2025-10-07 02:29:23.797693253
1759804163.774281,RTU1,9,0.999,-0.065,50.03,240.2,133.0,GOOD,0.0012,0.0348,1,1,0,None,none,,,2025-10-07 02:29:23.774281025
1759804163.7956934,RTU1,10,0.865,-0.03,51.16,-385.2,-143.7,GOOD,0.1354,1.1629,0,0,1,Combined Attack,low,-0.135,1.16,2025-10-07 02:29:23.795693398
1759804163.8045359,RTU1,7,1.014,-0.122,50.68,198.2,56.8,GOOD,0.014,0.6778,1,0,1,Measurement Noise,medium,0.014,0.68,2025-10-07 02:29:23.804535866
1759804163.7823334,RTU4,7,0.866,0.022,50.11,-181.8,-160.0,GOOD,0.1342,0.109,0,1,1,Voltage Attack,high,-0.134,0.0,2025-10-07 02:29:23.782333374
1759804163.7932968,RTU1,2,0.807,0.079,50.71,241.8,148.9,GOOD,0.1927,0.7121,0,0,1,Combined Attack,low,-0.193,0.71,2025-10-07 02:29:23.793296814
1759804163.7818632,RTU3,10,0.759,0.079,49.9,98.4,46.6,GOOD,0.2406,0.0987,0,1,1,Voltage Attack,medium,-0.241,0.0,2025-10-07 02:29:23.781863213
1759804163.7945364,RTU1,8,0.908,0.053,51.0,328.5,169.5,SUSPECT,0.0923,1.0023,0,0,1,Combined Attack,medium,-0.092,1.0,2025-10-07 02:29:23.794536352
1759804163.8023024,RTU2,1,0.957,-0.093,49.8,-270.4,49.6,GOOD,0.0432,0.1992,1,1,1,Measurement Noise,high,-0.043,-0.2,2025-10-07 02:29:23.802302361
1759804163.7804608,RTU1,1,1.226,0.045,49.94,104.5,7.3,SUSPECT,0.2257,0.057,0,1,1,Voltage Attack,medium,0.226,0.0,2025-10-07 02:29:23.780460835
1759804163.7889252,RTU3,7,0.979,0.056,49.35,-153.2,-64.6,SUSPECT,0.0214,0.6537,1,0,1,Frequency Attack,medium,0.0,-0.65,2025-10-07 02:29:23.788925171
1759804163.7819235,RTU3,8,0.812,-0.032,49.91,103.6,83.3,SUSPECT,0.1877,0.0856,0,1,1,Voltage Attack,low,-0.188,0.0,2025-10-07 02:29:23.781923532
1759804163.7769132,RTU2,6,1.003,0.034,50.01,200.6,108.2,GOOD,0.003,0.0115,1,1,0,None,none,,,2025-10-07 02:29:23.776913166
1759804163.8067148,RTU1,10,1.034,0.061,49.53,-355.0,-206.1,GOOD,0.0337,0.4727,1,1,1,Measurement Noise,medium,0.034,-0.47,2025-10-07 02:29:23.806714773
1759804163.8040612,RTU1,5,1.034,0.106,49.74,326.3,-17.7,GOOD,0.0342,0.2603,1,1,1,Measurement Noise,high,0.034,-0.26,2025-10-07 02:29:23.804061174
1759804163.775308,RTU4,10,1.011,-0.086,49.96,-351.9,-82.3,GOOD,0.011,0.0399,1,1,0,None,none,,,2025-10-07 02:29:23.775307894
1759804163.8035927,RTU3,6,1.021,-0.029,50.06,426.9,133.7,GOOD,0.0212,0.0616,1,1,1,Measurement Noise,high,0.021,0.06,2025-10-07 02:29:23.803592682
1759804163.785631,RTU4,2,1.01,0.063,50.97,343.2,108.4,SUSPECT,0.0101,0.9735,1,0,1,Frequency Attack,medium,0.0,0.97,2025-10-07 02:29:23.785630941
1759804163.784617,RTU4,8,0.695,0.094,49.96,-140.8,-59.3,GOOD,0.3048,0.038,0,1,1,Voltage Attack,high,-0.305,0.0,2025-10-07 02:29:23.784616947
1759804163.7938752,RTU1,5,0.91,-0.098,51.18,305.2,76.8,GOOD,0.0901,1.1806,0,0,1,Combined Attack,low,-0.09,1.18,2025-10-07 02:29:23.793875217
1759804163.8045824,RTU2,3,0.99,0.018,49.7,-340.4,49.8,INVALID,0.0099,0.2988,1,1,1,Measurement Noise,high,-0.01,-0.3,2025-10-07 02:29:23.804582357
1759804163.7834136,RTU4,6,0.938,0.08,49.88,-394.8,-176.4,INVALID,0.0624,0.1204,0,1,1,Voltage Attack,low,-0.062,0.0,2025-10-07 02:29:23.783413649
1759804163.7971768,RTU4,7,0.91,0.028,48.77,419.1,196.3,GOOD,0.0902,1.2257,0,0,1,Status Spoofing,high,-0.09,-1.23,2025-10-07 02:29:23.797176838
1759804163.7817051,RTU3,1,0.813,0.017,49.91,-201.9,-107.6,GOOD,0.1872,0.0858,0,1,1,Voltage Attack,medium,-0.187,0.0,2025-10-07 02:29:23.781705141
1759804163.7836595,RTU1,3,0.749,-0.043,50.02,372.8,14.5,GOOD,0.2509,0.0174,0,1,1,Voltage Attack,medium,-0.251,0.0,2025-10-07 02:29:23.783659458
1759804163.8043296,RTU3,7,0.969,0.126,50.18,314.4,247.7,GOOD,0.0309,0.1769,1,1,1,Measurement Noise,low,-0.031,0.18,2025-10-07 02:29:23.804329634
1759804163.7749445,RTU2,5,0.998,-0.01,49.96,-106.6,-126.1,GOOD,0.0023,0.0398,1,1,0,None,none,,,2025-10-07 02:29:23.774944544
1759804163.787624,RTU4,1,0.986,-0.019,50.98,242.9,61.9,GOOD,0.0141,0.9752,1,0,1,Frequency Attack,low,0.0,0.98,2025-10-07 02:29:23.787623882
1759804163.8032339,RTU4,10,0.889,0.112,50.5,393.1,114.9,GOOD,0.1105,0.4991,0,1,1,Measurement Noise,high,-0.111,0.5,2025-10-07 02:29:23.803233862
1759804163.785319,RTU4,6,1.005,-0.025,50.89,56.4,119.5,GOOD,0.0046,0.887,1,0,1,Frequency Attack,medium,0.0,0.89,2025-10-07 02:29:23.785319090
1759804163.792265,RTU4,7,1.228,0.043,52.36,285.7,95.4,INVALID,0.2276,2.3574,0,0,1,Combined Attack,high,0.228,2.36,2025-10-07 02:29:23.792264938
1759804163.786189,RTU1,9,1.009,0.055,49.48,-167.3,-156.2,SUSPECT,0.0087,0.5151,1,0,1,Frequency Attack,low,0.0,-0.52,2025-10-07 02:29:23.786189079
1759804163.7936943,RTU2,1,0.85,0.031,51.7,-108.6,-88.3,SUSPECT,0.1495,1.6968,0,0,1,Combined Attack,medium,-0.15,1.7,2025-10-07 02:29:23.793694258
1759804163.7957852,RTU2,7,1.238,-0.038,47.08,-329.2,-60.9,INVALID,0.238,2.9174,0,0,1,Combined Attack,high,0.238,-2.92,2025-10-07 02:29:23.795785189
1759804163.7878594,RTU4,2,1.007,0.071,48.45,-98.0,-65.7,GOOD,0.0074,1.5465,1,0,1,Frequency Attack,medium,0.0,-1.55,2025-10-07 02:29:23.787859440
1759804163.8049855,RTU4,9,1.032,0.058,49.34,232.1,17.1,GOOD,0.032,0.6621,1,0,1,Measurement Noise,medium,0.032,-0.66,2025-10-07 02:29:23.804985523
1759804163.7743466,RTU1,5,1.007,-0.008,49.89,372.4,147.0,SUSPECT,0.0067,0.1117,1,1,0,None,none,,,2025-10-07 02:29:23.774346590
1759804163.781214,RTU3,4,0.889,0.041,50.03,-157.3,-146.3,GOOD,0.1114,0.0262,0,1,1,Voltage Attack,medium,-0.111,0.0,2025-10-07 02:29:23.781213999
1759804163.8028913,RTU3,7,0.977,0.106,49.75,315.2,136.2,INVALID,0.0228,0.2547,1,1,1,Measurement Noise,medium,-0.023,-0.25,2025-10-07 02:29:23.802891254
1759804163.7960472,RTU4,2,0.874,-0.048,51.31,-352.3,-72.3,INVALID,0.1257,1.3051,0,0,1,Combined Attack,low,-0.126,1.31,2025-10-07 02:29:23.796047211
1759804163.7907674,RTU3,8,1.131,0.075,47.58,316.8,36.6,SUSPECT,0.1313,2.4155,0,0,1,Combined Attack,medium,0.131,-2.42,2025-10-07 02:29:23.790767431
1759804163.77591,RTU3,1,0.997,0.099,49.89,-252.9,-123.7,GOOD,0.0031,0.1119,1,1,0,None,none,,,2025-10-07 02:29:23.775909901
1759804163.8036833,RTU4,10,0.961,-0.028,49.93,-143.1,-195.7,GOOD,0.0388,0.0654,1,1,1,Measurement Noise,low,-0.039,-0.07,2025-10-07 02:29:23.803683281
1759804163.7741554,RTU3,6,1.002,0.017,50.0,118.2,70.6,GOOD,0.0025,0.0042,1,1,0,None,none,,,2025-10-07 02:29:23.774155378
1759804163.7958272,RTU1,8,1.27,0.093,47.31,-281.7,-127.9,GOOD,0.2696,2.6859,0,0,1,Combined Attack,high,0.27,-2.69,2025-10-07 02:29:23.795827150
1759804163.776339,RTU4,6,1.013,0.038,49.83,-386.0,-85.8,GOOD,0.0134,0.1676,1,1,0,None,none,,,2025-10-07 02:29:23.776339054
1759804163.7837214,RTU4,7,1.089,0.029,49.99,-394.7,-33.0,SUSPECT,0.0895,0.0087,0,1,1,Voltage Attack,medium,0.089,0.0,2025-10-07 02:29:23.783721447
1759804163.7850304,RTU3,8,1.0,-0.003,52.78,-240.1,-73.6,GOOD,0.0003,2.7843,1,0,1,Frequency Attack,high,0.0,2.78,2025-10-07 02:29:23.785030365
1759804163.8058965,RTU3,2,0.997,-0.007,49.39,275.6,249.8,GOOD,0.0025,0.6099,1,0,1,Measurement Noise,high,-0.003,-0.61,2025-10-07 02:29:23.805896521
1759804163.7892249,RTU4,7,1.007,-0.077,48.75,117.8,5.4,GOOD,0.0069,1.2497,1,0,1,Frequency Attack,medium,0.0,-1.25,2025-10-07 02:29:23.789224863
1759804163.7850792,RTU1,9,0.997,0.016,51.81,-319.4,-71.0,GOOD,0.0031,1.8082,1,0,1,Frequency Attack,low,0.0,1.81,2025-10-07 02:29:23.785079241
1759804163.7841763,RTU1,7,1.151,0.008,49.99,-54.4,-114.6,GOOD,0.1511,0.015,0,1,1,Voltage Attack,medium,0.151,0.0,2025-10-07 02:29:23.784176350
1759804163.7861762,RTU1,5,0.994,0.018,53.18,211.3,161.2,SUSPECT,0.0063,3.1752,1,0,1,Frequency Attack,high,0.0,3.18,2025-10-07 02:29:23.786176205
1759804163.801667,RTU1,9,0.935,0.055,50.8,-94.7,-42.8,GOOD,0.0653,0.7977,0,0,1,Measurement Noise,high,-0.065,0.8,2025-10-07 02:29:23.801666975
1759804163.781314,RTU4,10,1.174,-0.038,50.02,-219.7,-122.9,GOOD,0.1741,0.0227,0,1,1,Voltage Attack,low,0.174,0.0,2025-10-07 02:29:23.781313896
1759804163.7921534,RTU2,6,0.797,-0.015,50.58,-259.0,-107.9,INVALID,0.2034,0.5761,0,0,1,Combined Attack,low,-0.203,0.58,2025-10-07 02:29:23.792153358
1759804163.7893693,RTU1,9,0.993,0.062,49.0,-145.4,-12.8,SUSPECT,0.0075,1.0007,1,0,1,Frequency Attack,high,0.0,-1.0,2025-10-07 02:29:23.789369345
1759804163.8055298,RTU3,3,1.015,-0.081,50.24,326.4,182.2,GOOD,0.0152,0.2392,1,1,1,Measurement Noise,low,0.015,0.24,2025-10-07 02:29:23.805529833
1759804163.7914205,RTU1,10,1.074,-0.085,51.54,-150.0,-121.3,GOOD,0.0742,1.5381,0,0,1,Combined Attack,medium,0.074,1.54,2025-10-07 02:29:23.791420460
1759804163.7920327,RTU2,8,0.805,0.027,47.6,295.1,135.9,SUSPECT,0.1949,2.3986,0,0,1,Combined Attack,high,-0.195,-2.4,2025-10-07 02:29:23.792032719
1759804163.7769237,RTU3,9,1.002,0.096,50.07,254.6,94.6,SUSPECT,0.002,0.0656,1,1,0,None,none,,,2025-10-07 02:29:23.776923656
1759804163.8034556,RTU3,9,1.081,0.084,50.72,243.5,39.1,GOOD,0.0813,0.7152,0,0,1,Measurement Noise,high,0.081,0.72,2025-10-07 02:29:23.803455591
1759804163.781488,RTU4,4,0.881,-0.072,49.93,-98.6,-196.7,GOOD,0.1192,0.0679,0,1,1,Voltage Attack,high,-0.119,0.0,2025-10-07 02:29:23.781487942
1759804163.7927768,RTU3,3,1.262,-0.03,48.66,281.8,179.7,SUSPECT,0.2623,1.3369,0,0,1,Combined Attack,high,0.262,-1.34,2025-10-07 02:29:23.792776823
1759804163.7881305,RTU1,6,1.004,-0.038,51.67,186.9,57.5,SUSPECT,0.0042,1.669,1,0,1,Frequency Attack,low,0.0,1.67,2025-10-07 02:29:23.788130522
1759804163.7827432,RTU3,1,1.174,0.068,50.05,135.9,101.2,GOOD,0.174,0.0519,0,1,1,Voltage Attack,medium,0.174,0.0,2025-10-07 02:29:23.782743216
1759804163.8037748,RTU3,6,0.903,-0.133,50.1,-333.3,33.6,GOOD,0.0966,0.101,0,1,1,Measurement Noise,high,-0.097,0.1,2025-10-07 02:29:23.803774834
1759804163.8020704,RTU2,2,0.971,-0.02,49.49,-150.6,-67.5,GOOD,0.029,0.5136,1,0,1,Measurement Noise,medium,-0.029,-0.51,2025-10-07 02:29:23.802070379
1759804163.805696,RTU3,4,1.027,-0.086,50.52,-153.8,48.4,INVALID,0.0267,0.5155,1,0,1,Measurement Noise,medium,0.027,0.52,2025-10-07 02:29:23.805696011
1759804163.7995415,RTU3,6,1.08,0.073,50.52,-85.2,-138.0,GOOD,0.0802,0.5188,0,0,1,Status Spoofing,low,0.08,0.52,2025-10-07 02:29:23.799541473
1759804163.7827072,RTU3,2,0.927,0.085,49.95,419.7,95.8,GOOD,0.0731,0.0456,0,1,1,Voltage Attack,low,-0.073,0.0,2025-10-07 02:29:23.782707214
1759804163.78593,RTU4,8,1.012,-0.087,48.7,-201.6,-147.0,GOOD,0.0123,1.3018,1,0,1,Frequency Attack,medium,0.0,-1.3,2025-10-07 02:29:23.785929918
1759804163.7868252,RTU3,7,1.01,-0.045,50.63,-254.2,-160.9,SUSPECT,0.0102,0.6299,1,0,1,Frequency Attack,low,0.0,0.63,2025-10-07 02:29:23.786825180
1759804163.8018086,RTU4,6,0.947,0.089,49.8,-164.0,-65.5,GOOD,0.053,0.1958,0,1,1,Measurement Noise,high,-0.053,-0.2,2025-10-07 02:29:23.801808596
1759804163.7807624,RTU3,9,1.101,0.097,50.17,-395.1,-199.7,GOOD,0.1011,0.1667,0,1,1,Voltage Attack,low,0.101,0.0,2025-10-07 02:29:23.780762434
1759804163.8003612,RTU1,1,0.884,0.039,49.56,374.7,32.3,GOOD,0.1157,0.4393,0,1,1,Status Spoofing,high,-0.116,-0.44,2025-10-07 02:29:23.800361156
1759804163.7759938,RTU3,5,1.004,-0.099,49.98,-101.6,-190.9,GOOD,0.0036,0.016,1,1,0,None,none,,,2025-10-07 02:29:23.775993824
1759804163.8031762,RTU3,2,1.024,-0.002,50.2,239.7,56.6,GOOD,0.0239,0.2031,1,1,1,Measurement Noise,low,0.024,0.2,2025-10-07 02:29:23.803176165
1759804163.8021545,RTU4,8,1.031,0.115,49.67,219.8,228.3,GOOD,0.0308,0.3307,1,1,1,Measurement Noise,medium,0.031,-0.33,2025-10-07 02:29:23.802154541
1759804163.7815957,RTU1,3,1.084,-0.094,50.0,-353.1,-66.9,INVALID,0.0837,0.0023,0,1,1,Voltage Attack,high,0.084,0.0,2025-10-07 02:29:23.781595707
1759804163.8022676,RTU1,3,1.124,0.132,50.4,482.6,28.8,GOOD,0.1239,0.3981,0,1,1,Measurement Noise,high,0.124,0.4,2025-10-07 02:29:23.802267551
1759804163.786117,RTU4,6,0.995,0.03,51.13,146.6,33.9,GOOD,0.0045,1.1268,1,0,1,Frequency Attack,low,0.0,1.13,2025-10-07 02:29:23.786117077
1759804163.7878463,RTU2,1,0.985,0.072,49.35,-91.0,-184.4,GOOD,0.0154,0.654,1,0,1,Frequency Attack,medium,0.0,-0.65,2025-10-07 02:29:23.787846327
1759804163.7893567,RTU4,1,1.016,-0.064,48.8,-191.3,-7.7,GOOD,0.0162,1.2021,1,0,1,Frequency Attack,high,0.0,-1.2,2025-10-07 02:29:23.789356709
1759804163.802468,RTU4,4,0.956,0.041,49.66,183.1,61.3,SUSPECT,0.0444,0.3363,1,1,1,Measurement Noise,medium,-0.044,-0.34,2025-10-07 02:29:23.802468061
1759804163.7966537,RTU4,1,0.791,0.099,48.96,-310.8,-14.6,SUSPECT,0.209,1.0399,0,0,1,Combined Attack,high,-0.209,-1.04,2025-10-07 02:29:23.796653748
1759804163.797871,RTU1,7,0.934,-0.063,49.01,285.2,177.0,GOOD,0.0663,0.9876,0,0,1,Status Spoofing,medium,-0.066,-0.99,2025-10-07 02:29:23.797871113
1759804163.775928,RTU3,5,1.006,-0.096,50.14,-327.7,-42.2,GOOD,0.0058,0.143,1,1,0,None,none,,,2025-10-07 02:29:23.775928020
1759804163.7993288,RTU2,3,0.921,-0.041,49.07,-374.3,-73.9,GOOD,0.0794,0.9294,0,0,1,Status Spoofing,medium,-0.079,-0.93,2025-10-07 02:29:23.799328804
1759804163.7865937,RTU1,7,0.99,0.088,48.14,-233.1,-87.6,SUSPECT,0.0097,1.8601,1,0,1,Frequency Attack,low,0.0,-1.86,2025-10-07 02:29:23.786593676
1759804163.782607,RTU3,7,0.851,0.083,49.94,453.0,161.6,GOOD,0.1491,0.0562,0,1,1,Voltage Attack,medium,-0.149,0.0,2025-10-07 02:29:23.782607079
1759804163.7912438,RTU1,3,1.185,0.011,47.58,339.2,48.2,SUSPECT,0.1851,2.4235,0,0,1,Combined Attack,medium,0.185,-2.42,2025-10-07 02:29:23.791243792
1759804163.7910795,RTU4,4,1.247,-0.083,52.13,-385.8,-66.5,GOOD,0.2474,2.1314,0,0,1,Combined Attack,medium,0.247,2.13,2025-10-07 02:29:23.791079521
1759804163.7939177,RTU3,3,0.851,-0.097,48.67,-174.5,-191.3,INVALID,0.1491,1.3271,0,0,1,Combined Attack,low,-0.149,-1.33,2025-10-07 02:29:23.793917656
1759804163.792931,RTU2,2,1.209,0.072,49.27,307.2,5.6,SUSPECT,0.2094,0.7289,0,0,1,Combined Attack,low,0.209,-0.73,2025-10-07 02:29:23.792931080
1759804163.8007455,RTU2,6,0.955,-0.078,50.77,346.3,114.0,GOOD,0.045,0.7709,1,0,1,Status Spoofing,medium,-0.045,0.77,2025-10-07 02:29:23.800745487
1759804163.7966688,RTU1,4,1.106,0.093,50.72,-397.8,-196.9,GOOD,0.1058,0.7181,0,0,1,Combined Attack,low,0.106,0.72,2025-10-07 02:29:23.796668768
1759804163.79768,RTU2,6,0.904,-0.023,48.89,-395.1,-74.9,GOOD,0.0959,1.1062,0,0,1,Status Spoofing,high,-0.096,-1.11,2025-10-07 02:29:23.797679901
1759804163.7817194,RTU2,9,0.734,-0.006,49.77,338.1,78.6,INVALID,0.2658,0.2329,0,1,1,Voltage Attack,high,-0.266,0.0,2025-10-07 02:29:23.781719446
1759804163.7820385,RTU1,2,0.893,0.025,49.91,357.5,65.2,GOOD,0.107,0.0931,0,1,1,Voltage Attack,low,-0.107,0.0,2025-10-07 02:29:23.782038450
1759804163.7860167,RTU1,2,0.996,0.1,52.56,-95.0,-3.4,SUSPECT,0.0043,2.5567,1,0,1,Frequency Attack,medium,0.0,2.56,2025-10-07 02:29:23.786016703
1759804163.7950132,RTU3,10,0.769,0.043,52.22,460.6,126.9,GOOD,0.2312,2.2249,0,0,1,Combined Attack,medium,-0.231,2.22,2025-10-07 02:29:23.795013189
1759804163.7825449,RTU2,10,0.778,-0.052,49.97,449.7,185.1,GOOD,0.2219,0.0338,0,1,1,Voltage Attack,medium,-0.222,0.0,2025-10-07 02:29:23.782544851
1759804163.7941387,RTU4,3,0.669,-0.091,47.85,-362.2,-18.5,SUSPECT,0.3306,2.1489,0,0,1,Combined Attack,high,-0.331,-2.15,2025-10-07 02:29:23.794138670
1759804163.8001142,RTU1,3,0.945,-0.056,50.48,223.1,81.1,GOOD,0.0549,0.4802,0,1,1,Status Spoofing,medium,-0.055,0.48,2025-10-07 02:29:23.800114155
1759804163.7818995,RTU1,2,0.649,-0.034,50.0,-391.6,-80.3,SUSPECT,0.3508,0.0027,0,1,1,Voltage Attack,high,-0.351,0.0,2025-10-07 02:29:23.781899452
1759804163.7754385,RTU3,1,1.012,0.078,50.03,268.3,93.1,GOOD,0.0124,0.03,1,1,0,None,none,,,2025-10-07 02:29:23.775438547
1759804163.7960842,RTU1,1,0.798,-0.076,49.48,96.0,84.5,GOOD,0.2023,0.5196,0,0,1,Combined Attack,low,-0.202,-0.52,2025-10-07 02:29:23.796084166
1759804163.8021867,RTU1,3,1.022,0.007,50.38,295.5,-1.7,SUSPECT,0.0218,0.3793,1,1,1,Measurement Noise,low,0.022,0.38,2025-10-07 02:29:23.802186728
1759804163.8003356,RTU3,8,0.914,0.009,50.91,384.2,28.6,GOOD,0.0862,0.9114,0,0,1,Status Spoofing,medium,-0.086,0.91,2025-10-07 02:29:23.800335646
1759804163.777075,RTU2,1,0.993,-0.021,49.96,64.8,7.1,GOOD,0.007,0.04,1,1,0,None,none,,,2025-10-07 02:29:23.777075052
1759804163.7955606,RTU1,3,1.109,-0.087,48.54,-387.5,-139.4,GOOD,0.1087,1.458,0,0,1,Combined Attack,medium,0.109,-1.46,2025-10-07 02:29:23.795560598
1759804163.7853763,RTU2,2,1.003,0.096,48.6,-62.4,-14.4,SUSPECT,0.0034,1.4001,1,0,1,Frequency Attack,low,0.0,-1.4,2025-10-07 02:29:23.785376310
1759804163.80155,RTU1,2,0.966,-0.142,50.0,200.8,-36.3,SUSPECT,0.0339,0.0011,1,1,1,Measurement Noise,low,-0.034,-0.0,2025-10-07 02:29:23.801549911
1759804163.7786167,RTU2,1,0.998,0.012,50.09,236.6,138.0,GOOD,0.0024,0.0937,1,1,0,None,none,,,2025-10-07 02:29:23.778616667
1759804163.7984462,RTU4,5,0.875,-0.084,48.86,477.1,103.3,GOOD,0.1248,1.1441,0,0,1,Status Spoofing,high,-0.125,-1.14,2025-10-07 02:29:23.798446178
1759804163.8050995,RTU3,10,1.026,0.044,49.64,45.4,38.0,GOOD,0.026,0.3597,1,1,1,Measurement Noise,medium,0.026,-0.36,2025-10-07 02:29:23.805099487
1759804163.7942097,RTU1,2,1.166,0.064,51.81,239.4,154.0,GOOD,0.166,1.8121,0,0,1,Combined Attack,high,0.166,1.81,2025-10-07 02:29:23.794209719
1759804163.7825701,RTU2,9,1.146,-0.096,49.8,-101.4,-86.0,GOOD,0.1464,0.2018,0,1,1,Voltage Attack,medium,0.146,0.0,2025-10-07 02:29:23.782570124
1759804163.8060637,RTU1,2,1.006,-0.111,49.6,-108.5,-203.3,GOOD,0.0056,0.3963,1,1,1,Measurement Noise,high,0.006,-0.4,2025-10-07 02:29:23.806063652
1759804163.8039243,RTU4,5,1.037,-0.077,50.36,358.0,172.2,INVALID,0.0366,0.3645,1,1,1,Measurement Noise,low,0.037,0.36,2025-10-07 02:29:23.803924322
1759804163.802235,RTU1,9,0.945,0.101,49.86,-290.7,-83.0,GOOD,0.0552,0.1398,0,1,1,Measurement Noise,high,-0.055,-0.14,2025-10-07 02:29:23.802234888
1759804163.7971904,RTU3,2,0.892,-0.07,50.56,465.4,118.2,GOOD,0.108,0.5642,0,0,1,Status Spoofing,high,-0.108,0.56,2025-10-07 02:29:23.797190428
1759804163.8063736,RTU1,2,0.958,0.081,49.79,-280.3,-193.9,GOOD,0.0415,0.2119,1,1,1,Measurement Noise,medium,-0.042,-0.21,2025-10-07 02:29:23.806373596
1759804163.7963572,RTU1,5,1.245,-0.028,49.38,-204.5,-156.9,GOOD,0.2453,0.6248,0,0,1,Combined Attack,high,0.245,-0.62,2025-10-07 02:29:23.796357155
1759804163.7883222,RTU2,9,0.986,-0.072,51.9,-339.6,-181.4,SUSPECT,0.0143,1.9028,1,0,1,Frequency Attack,low,0.0,1.9,2025-10-07 02:29:23.788322210
1759804163.784546,RTU4,10,0.788,-0.016,50.03,-345.2,-23.7,GOOD,0.2125,0.0333,0,1,1,Voltage Attack,high,-0.212,0.0,2025-10-07 02:29:23.784545898
1759804163.7772603,RTU2,7,0.997,-0.036,49.77,-165.8,-151.2,GOOD,0.0034,0.2266,1,1,0,None,none,,,2025-10-07 02:29:23.777260303
1759804163.7980716,RTU4,4,1.045,0.016,49.42,-351.2,-145.9,GOOD,0.045,0.581,1,0,1,Status Spoofing,medium,0.045,-0.58,2025-10-07 02:29:23.798071623
1759804163.80086,RTU3,9,1.069,-0.007,50.81,-280.5,-19.4,GOOD,0.0692,0.8125,0,0,1,Status Spoofing,low,0.069,0.81,2025-10-07 02:29:23.800859928
1759804163.7911751,RTU3,4,0.645,0.08,49.29,166.4,0.2,SUSPECT,0.3552,0.7132,0,0,1,Combined Attack,high,-0.355,-0.71,2025-10-07 02:29:23.791175127
1759804163.8049407,RTU3,10,1.026,-0.039,49.93,224.9,17.5,INVALID,0.026,0.0748,1,1,1,Measurement Noise,medium,0.026,-0.07,2025-10-07 02:29:23.804940701
1759804163.7995164,RTU4,7,1.104,-0.009,51.19,-105.0,-88.5,GOOD,0.1041,1.1926,0,0,1,Status Spoofing,high,0.104,1.19,2025-10-07 02:29:23.799516439
1759804163.7766404,RTU2,10,1.0,-0.098,50.02,352.5,6.9,GOOD,0.0002,0.0206,1,1,0,None,none,,,2025-10-07 02:29:23.776640415
1759804163.7769856,RTU2,7,1.003,0.054,50.1,412.3,133.4,GOOD,0.0028,0.1046,1,1,0,None,none,,,2025-10-07 02:29:23.776985645
1759804163.8040013,RTU2,8,0.959,0.078,50.29,-53.5,-29.4,INVALID,0.0413,0.2931,1,1,1,Measurement Noise,high,-0.041,0.29,2025-10-07 02:29:23.804001331
1759804163.8025553,RTU2,4,1.031,0.056,49.82,-417.6,-236.5,GOOD,0.0311,0.1812,1,1,1,Measurement Noise,medium,0.031,-0.18,2025-10-07 02:29:23.802555323
1759804163.8025718,RTU1,4,1.11,0.142,50.58,40.1,109.8,GOOD,0.1095,0.5811,0,0,1,Measurement Noise,high,0.11,0.58,2025-10-07 02:29:23.802571774
1759804163.7829838,RTU4,2,0.833,0.086,49.94,-252.6,-176.7,GOOD,0.1668,0.0615,0,1,1,Voltage Attack,medium,-0.167,0.0,2025-10-07 02:29:23.782983780
1759804163.7829216,RTU2,10,0.834,0.018,49.99,87.7,86.0,SUSPECT,0.1663,0.0115,0,1,1,Voltage Attack,low,-0.166,0.0,2025-10-07 02:29:23.782921553
1759804163.786946,RTU4,9,1.011,0.044,52.25,-243.6,-70.8,GOOD,0.0108,2.2461,1,0,1,Frequency Attack,medium,0.0,2.25,2025-10-07 02:29:23.786946058
1759804163.775972,RTU3,3,1.003,0.077,49.99,-230.9,-165.7,SUSPECT,0.0035,0.0137,1,1,0,None,none,,,2025-10-07 02:29:23.775971889
1759804163.7934582,RTU4,9,1.206,0.018,50.54,-221.4,-112.9,SUSPECT,0.2063,0.5443,0,0,1,Combined Attack,medium,0.206,0.54,2025-10-07 02:29:23.793458223
1759804163.793205,RTU2,9,1.3,0.092,51.14,236.5,105.0,SUSPECT,0.3002,1.1379,0,0,1,Combined Attack,high,0.3,1.14,2025-10-07 02:29:23.793205023
1759804163.7979658,RTU3,10,1.042,0.097,50.57,-225.5,-40.7,GOOD,0.0421,0.566,1,0,1,Status Spoofing,low,0.042,0.57,2025-10-07 02:29:23.797965765
1759804163.7892823,RTU1,3,1.0,0.035,50.55,388.7,9.5,SUSPECT,0.0004,0.5469,1,0,1,Frequency Attack,high,0.0,0.55,2025-10-07 02:29:23.789282322
1759804163.7833967,RTU1,2,0.739,0.033,50.01,-186.7,-183.7,SUSPECT,0.261,0.0061,0,1,1,Voltage Attack,medium,-0.261,0.0,2025-10-07 02:29:23.783396721
1759804163.7942865,RTU2,3,0.818,-0.028,47.93,-314.7,-42.5,GOOD,0.1824,2.0703,0,0,1,Combined Attack,medium,-0.182,-2.07,2025-10-07 02:29:23.794286489
1759804163.8025198,RTU2,7,1.004,-0.067,50.07,-49.8,-229.8,SUSPECT,0.0044,0.0667,1,1,1,Measurement Noise,low,0.004,0.07,2025-10-07 02:29:23.802519798
1759804163.775406,RTU2,6,1.002,-0.015,50.0,-267.3,-89.7,GOOD,0.0016,0.0009,1,1,0,None,none,,,2025-10-07 02:29:23.775405884
1759804163.785892,RTU3,8,1.0,-0.037,49.38,389.8,146.4,GOOD,0.0001,0.6211,1,0,1,Frequency Attack,high,0.0,-0.62,2025-10-07 02:29:23.785892010
1759804163.7940724,RTU4,9,1.088,0.072,50.76,467.5,148.3,GOOD,0.0883,0.7639,0,0,1,Combined Attack,medium,0.088,0.76,2025-10-07 02:29:23.794072390
1759804163.7753515,RTU4,9,0.996,0.061,49.95,313.5,21.2,GOOD,0.0037,0.0531,1,1,0,None,none,,,2025-10-07 02:29:23.775351524
1759804163.7941258,RTU3,1,0.847,-0.018,49.09,241.7,5.6,SUSPECT,0.1527,0.9129,0,0,1,Combined Attack,high,-0.153,-0.91,2025-10-07 02:29:23.794125795
1759804163.7914464,RTU2,2,0.729,-0.046,52.29,325.2,96.2,INVALID,0.2712,2.2892,0,0,1,Combined Attack,medium,-0.271,2.29,2025-10-07 02:29:23.791446447
1759804163.8066552,RTU1,1,1.01,-0.132,49.94,443.4,96.0,GOOD,0.0104,0.0629,1,1,1,Measurement Noise,high,0.01,-0.06,2025-10-07 02:29:23.806655169
1759804163.8038323,RTU1,4,1.01,-0.107,49.95,486.9,32.7,GOOD,0.0103,0.0478,1,1,1,Measurement Noise,high,0.01,-0.05,2025-10-07 02:29:23.803832293
1759804163.7946744,RTU4,9,0.85,0.034,46.91,390.3,183.4,INVALID,0.1496,3.0929,0,0,1,Combined Attack,high,-0.15,-3.09,2025-10-07 02:29:23.794674397
1759804163.7762842,RTU3,10,1.001,0.053,49.92,-272.6,-72.9,GOOD,0.0014,0.0762,1,1,0,None,none,,,2025-10-07 02:29:23.776284218
1759804163.7923212,RTU1,2,0.823,-0.065,49.19,346.5,108.5,GOOD,0.1774,0.8079,0,0,1,Combined Attack,low,-0.177,-0.81,2025-10-07 02:29:23.792321205
1759804163.7802775,RTU1,8,1.207,-0.009,49.95,-260.6,-124.9,INVALID,0.2067,0.0502,0,1,1,Voltage Attack,high,0.207,0.0,2025-10-07 02:29:23.780277491
1759804163.7866547,RTU1,7,0.993,0.017,51.74,-289.7,-4.5,SUSPECT,0.0069,1.7437,1,0,1,Frequency Attack,high,0.0,1.74,2025-10-07 02:29:23.786654711
1759804163.7834637,RTU1,10,1.081,-0.036,50.08,132.7,82.3,GOOD,0.0809,0.0826,0,1,1,Voltage Attack,high,0.081,0.0,2025-10-07 02:29:23.783463717
1759804163.791643,RTU1,8,0.876,-0.07,53.3,275.3,100.2,GOOD,0.1235,3.299,0,0,1,Combined Attack,high,-0.124,3.3,2025-10-07 02:29:23.791642904
1759804163.8046577,RTU2,5,0.981,-0.078,50.45,-412.8,-22.3,GOOD,0.0195,0.4467,1,1,1,Measurement Noise,high,-0.019,0.45,2025-10-07 02:29:23.804657698
1759804163.7812517,RTU2,7,1.16,-0.058,49.84,441.8,66.2,GOOD,0.1597,0.1561,0,1,1,Voltage Attack,low,0.16,0.0,2025-10-07 02:29:23.781251669
1759804163.7983022,RTU2,4,0.948,-0.067,48.93,-232.2,-12.8,GOOD,0.0522,1.0709,0,0,1,Status Spoofing,high,-0.052,-1.07,2025-10-07 02:29:23.798302174
1759804163.7931244,RTU1,1,1.075,0.022,51.57,-393.2,-11.8,SUSPECT,0.0747,1.5724,0,0,1,Combined Attack,medium,0.075,1.57,2025-10-07 02:29:23.793124437
1759804163.7755492,RTU1,6,1.013,-0.055,50.12,-196.9,-142.2,GOOD,0.0133,0.1246,1,1,0,None,none,,,2025-10-07 02:29:23.775549173
1759804163.787673,RTU2,1,0.99,-0.049,48.06,163.2,37.9,GOOD,0.0096,1.9363,1,0,1,Frequency Attack,low,0.0,-1.94,2025-10-07 02:29:23.787672997
1759804163.800587,RTU4,9,0.906,0.084,50.81,408.0,114.7,GOOD,0.0942,0.8126,0,0,1,Status Spoofing,high,-0.094,0.81,2025-10-07 02:29:23.800586939
1759804163.775742,RTU4,7,1.003,-0.027,50.03,-244.6,-97.0,GOOD,0.0029,0.029,1,1,0,None,none,,,2025-10-07 02:29:23.775742054
1759804163.774461,RTU4,7,0.977,0.079,49.84,-278.7,-165.9,GOOD,0.0228,0.1597,1,1,0,None,none,,,2025-10-07 02:29:23.774461031
1759804163.8050456,RTU3,3,0.993,0.012,50.27,-269.2,29.0,GOOD,0.0065,0.266,1,1,1,Measurement Noise,low,-0.007,0.27,2025-10-07 02:29:23.805045605
1759804163.7935393,RTU3,4,0.8,-0.054,50.9,-302.2,-22.9,INVALID,0.2003,0.9029,0,0,1,Combined Attack,high,-0.2,0.9,2025-10-07 02:29:23.793539286
1759804163.792665,RTU4,9,0.881,0.02,49.14,-112.2,-109.2,GOOD,0.1186,0.8591,0,0,1,Combined Attack,low,-0.119,-0.86,2025-10-07 02:29:23.792665005
1759804163.803909,RTU4,8,0.95,0.002,49.82,-286.7,-248.0,SUSPECT,0.0504,0.1751,0,1,1,Measurement Noise,medium,-0.05,-0.18,2025-10-07 02:29:23.803909063
1759804163.7828164,RTU1,6,1.3,-0.022,49.96,415.0,173.1,GOOD,0.3002,0.0436,0,1,1,Voltage Attack,high,0.3,0.0,2025-10-07 02:29:23.782816410
1759804163.7911248,RTU2,10,1.272,-0.094,48.12,499.4,10.5,SUSPECT,0.2718,1.8768,0,0,1,Combined Attack,high,0.272,-1.88,2025-10-07 02:29:23.791124821
1759804163.7962062,RTU2,9,1.309,-0.066,53.49,146.5,75.2,SUSPECT,0.3087,3.4852,0,0,1,Combined Attack,high,0.309,3.49,2025-10-07 02:29:23.796206236
1759804163.7753844,RTU2,10,1.001,-0.054,50.02,-157.6,-108.7,GOOD,0.0006,0.0172,1,1,0,None,none,,,2025-10-07 02:29:23.775384426
1759804163.800579,RTU3,6,0.93,-0.066,50.87,143.2,81.6,GOOD,0.0696,0.8723,0,0,1,Status Spoofing,high,-0.07,0.87,2025-10-07 02:29:23.800579071
1759804163.7919052,RTU2,7,1.065,0.023,52.7,107.4,78.8,GOOD,0.0646,2.6951,0,0,1,Combined Attack,medium,0.065,2.7,2025-10-07 02:29:23.791905165
1759804163.8044825,RTU1,5,1.024,-0.059,49.75,-345.0,-202.8,GOOD,0.0239,0.2548,1,1,1,Measurement Noise,low,0.024,-0.25,2025-10-07 02:29:23.804482460
1759804163.7831583,RTU3,2,1.243,-0.006,50.03,-95.5,-26.8,GOOD,0.2435,0.0302,0,1,1,Voltage Attack,high,0.243,0.0,2025-10-07 02:29:23.783158302
1759804163.797056,RTU3,1,1.055,-0.08,49.33,-116.0,-192.2,GOOD,0.0554,0.6715,0,0,1,Status Spoofing,medium,0.055,-0.67,2025-10-07 02:29:23.797055960
1759804163.7989867,RTU2,8,1.05,-0.075,49.56,-203.8,-77.0,GOOD,0.0502,0.4417,0,1,1,Status Spoofing,low,0.05,-0.44,2025-10-07 02:29:23.798986673
1759804163.791147,RTU4,6,1.15,0.096,51.19,-273.2,-93.9,GOOD,0.1496,1.1893,0,0,1,Combined Attack,medium,0.15,1.19,2025-10-07 02:29:23.791146994
1759804163.7868834,RTU3,8,0.976,-0.093,48.58,444.9,167.7,SUSPECT,0.0243,1.4219,1,0,1,Frequency Attack,high,0.0,-1.42,2025-10-07 02:29:23.786883354
1759804163.7877352,RTU4,3,1.006,0.007,48.57,-242.4,-107.1,INVALID,0.0065,1.4294,1,0,1,Frequency Attack,high,0.0,-1.43,2025-10-07 02:29:23.787735224
1759804163.8056061,RTU4,8,0.949,0.136,50.42,233.9,125.6,SUSPECT,0.0513,0.4159,0,1,1,Measurement Noise,medium,-0.051,0.42,2025-10-07 02:29:23.805606127
1759804163.7856698,RTU3,7,0.992,-0.027,52.28,-241.4,-51.2,SUSPECT,0.0077,2.2805,1,0,1,Frequency Attack,high,0.0,2.28,2025-10-07 02:29:23.785669804
1759804163.7773206,RTU2,2,0.994,-0.042,50.09,205.4,155.6,GOOD,0.0059,0.0903,1,1,0,None,none,,,2025-10-07 02:29:23.777320623
1759804163.775417,RTU1,6,0.987,-0.066,49.95,300.2,167.0,GOOD,0.0127,0.0503,1,1,0,None,none,,,2025-10-07 02:29:23.775417089
1759804163.7867398,RTU1,4,0.998,-0.014,48.78,414.8,122.1,GOOD,0.0017,1.2205,1,0,1,Frequency Attack,medium,0.0,-1.22,2025-10-07 02:29:23.786739826
1759804163.8059871,RTU3,6,0.955,0.021,49.99,-303.1,-220.5,GOOD,0.0449,0.014,1,1,1,Measurement Noise,high,-0.045,-0.01,2025-10-07 02:29:23.805987120
1759804163.7907245,RTU4,10,1.097,-0.047,52.79,397.0,64.6,SUSPECT,0.0966,2.7862,0,0,1,Combined Attack,high,0.097,2.79,2025-10-07 02:29:23.790724516
1759804163.7940865,RTU3,9,0.83,0.087,51.67,304.9,21.9,SUSPECT,0.1699,1.6701,0,0,1,Combined Attack,medium,-0.17,1.67,2025-10-07 02:29:23.794086456
1759804163.7765684,RTU1,1,0.992,0.059,49.95,-222.3,-125.2,GOOD,0.0084,0.0474,1,1,0,None,none,,,2025-10-07 02:29:23.776568413
1759804163.7886746,RTU2,5,0.999,-0.09,48.31,337.8,107.1,GOOD,0.0015,1.6888,1,0,1,Frequency Attack,low,0.0,-1.69,2025-10-07 02:29:23.788674593
1759804163.7930539,RTU4,7,1.162,0.038,49.12,-180.1,-133.4,GOOD,0.1624,0.8764,0,0,1,Combined Attack,high,0.162,-0.88,2025-10-07 02:29:23.793053865
1759804163.7820764,RTU2,7,0.643,-0.015,49.87,-117.7,-74.4,GOOD,0.3571,0.1284,0,1,1,Voltage Attack,high,-0.357,0.0,2025-10-07 02:29:23.782076359
1759804163.7864566,RTU4,5,0.979,0.03,48.11,200.7,119.6,SUSPECT,0.0213,1.8925,1,0,1,Frequency Attack,low,0.0,-1.89,2025-10-07 02:29:23.786456585
1759804163.8027256,RTU3,10,0.931,0.034,51.09,-415.7,-58.5,INVALID,0.0688,1.09,0,0,1,Measurement Noise,high,-0.069,1.09,2025-10-07 02:29:23.802725554
1759804163.7749994,RTU1,9,1.013,-0.079,50.13,-195.9,-133.3,GOOD,0.0127,0.1315,1,1,0,None,none,,,2025-10-07 02:29:23.774999380
1759804163.8033946,RTU2,3,0.952,0.002,49.97,238.6,69.4,INVALID,0.0479,0.0331,1,1,1,Measurement Noise,high,-0.048,-0.03,2025-10-07 02:29:23.803394556
1759804163.7965958,RTU2,1,0.939,-0.002,47.49,-373.2,-111.7,GOOD,0.0614,2.5092,0,0,1,Combined Attack,medium,-0.061,-2.51,2025-10-07 02:29:23.796595812
1759804163.776547,RTU1,3,1.005,0.061,49.98,-303.0,-86.3,GOOD,0.0049,0.016,1,1,0,None,none,,,2025-10-07 02:29:23.776546955
1759804163.7886167,RTU2,5,0.994,0.006,52.42,-228.4,-48.7,GOOD,0.006,2.4179,1,0,1,Frequency Attack,high,0.0,2.42,2025-10-07 02:29:23.788616657
1759804163.7808294,RTU3,6,0.873,0.042,50.05,466.4,71.0,SUSPECT,0.1267,0.0523,0,1,1,Voltage Attack,medium,-0.127,0.0,2025-10-07 02:29:23.780829430
1759804163.7756786,RTU3,2,0.981,-0.084,49.99,213.0,137.6,GOOD,0.0194,0.0083,1,1,0,None,none,,,2025-10-07 02:29:23.775678635
1759804163.7876608,RTU1,3,1.002,-0.076,50.91,82.4,124.0,SUSPECT,0.002,0.9125,1,0,1,Frequency Attack,high,0.0,0.91,2025-10-07 02:29:23.787660837
1759804163.802008,RTU3,3,0.988,-0.054,50.33,421.9,192.1,GOOD,0.012,0.3304,1,1,1,Measurement Noise,medium,-0.012,0.33,2025-10-07 02:29:23.802007914
1759804163.8066704,RTU1,9,0.975,0.041,49.95,289.6,136.8,GOOD,0.0255,0.0515,1,1,1,Measurement Noise,medium,-0.025,-0.05,2025-10-07 02:29:23.806670427
1759804163.7968755,RTU1,7,0.927,0.052,49.46,346.2,137.3,GOOD,0.0728,0.5422,0,0,1,Status Spoofing,low,-0.073,-0.54,2025-10-07 02:29:23.796875477
1759804163.7984605,RTU4,1,0.956,-0.032,50.92,-217.1,-94.7,GOOD,0.044,0.9243,1,0,1,Status Spoofing,medium,-0.044,0.92,2025-10-07 02:29:23.798460484
1759804163.796522,RTU3,10,1.281,-0.097,47.63,-310.8,-45.0,GOOD,0.281,2.3679,0,0,1,Combined Attack,high,0.281,-2.37,2025-10-07 02:29:23.796521902
1759804163.797087,RTU1,8,1.067,-0.084,49.24,360.8,39.7,GOOD,0.0672,0.763,0,0,1,Status Spoofing,low,0.067,-0.76,2025-10-07 02:29:23.797086954
1759804163.7831905,RTU2,9,0.866,-0.057,49.86,-266.9,-96.9,INVALID,0.1336,0.1374,0,1,1,Voltage Attack,low,-0.134,0.0,2025-10-07 02:29:23.783190489
1759804163.8003929,RTU2,2,0.905,-0.061,49.04,-281.5,-164.6,GOOD,0.0953,0.9581,0,0,1,Status Spoofing,medium,-0.095,-0.96,2025-10-07 02:29:23.800392866
1759804163.7842734,RTU4,4,1.332,-0.091,49.93,150.6,136.5,GOOD,0.3321,0.0707,0,1,1,Voltage Attack,high,0.332,0.0,2025-10-07 02:29:23.784273386
1759804163.7842007,RTU4,10,0.793,0.088,49.93,-114.3,-85.3,SUSPECT,0.207,0.0677,0,1,1,Voltage Attack,low,-0.207,0.0,2025-10-07 02:29:23.784200668
1759804163.8046277,RTU2,6,1.02,-0.097,50.63,427.5,78.4,GOOD,0.0203,0.6262,1,0,1,Measurement Noise,medium,0.02,0.63,2025-10-07 02:29:23.804627657
1759804163.7780004,RTU2,7,0.992,-0.033,50.01,-267.3,-33.9,GOOD,0.0078,0.0084,1,1,0,None,none,,,2025-10-07 02:29:23.778000355
1759804163.7917764,RTU1,9,1.094,0.048,48.48,-117.2,-162.9,SUSPECT,0.0937,1.5199,0,0,1,Combined Attack,medium,0.094,-1.52,2025-10-07 02:29:23.791776419
1759804163.7745156,RTU3,9,0.998,0.002,50.07,-219.4,-139.4,GOOD,0.0016,0.0701,1,1,0,None,none,,,2025-10-07 02:29:23.774515629
1759804163.7860672,RTU3,7,1.003,0.058,47.0,-387.5,-5.5,SUSPECT,0.0034,3.0045,1,0,1,Frequency Attack,high,0.0,-3.0,2025-10-07 02:29:23.786067247
1759804163.8002949,RTU1,2,1.064,-0.048,49.39,216.3,130.9,GOOD,0.0637,0.6057,0,0,1,Status Spoofing,low,0.064,-0.61,2025-10-07 02:29:23.800294876
1759804163.7832944,RTU4,5,1.073,-0.024,50.04,136.7,21.2,SUSPECT,0.0734,0.0351,0,1,1,Voltage Attack,low,0.073,0.0,2025-10-07 02:29:23.783294439
1759804163.7936454,RTU4,7,1.316,0.075,53.21,-353.3,-113.3,SUSPECT,0.3165,3.2092,0,0,1,Combined Attack,high,0.316,3.21,2025-10-07 02:29:23.793645382
1759804163.7975888,RTU2,2,1.042,0.009,50.79,-258.9,-131.5,GOOD,0.0418,0.7949,1,0,1,Status Spoofing,low,0.042,0.79,2025-10-07 02:29:23.797588825
1759804163.7936182,RTU4,8,1.281,-0.095,52.66,-307.5,-88.5,INVALID,0.2815,2.6644,0,0,1,Combined Attack,high,0.281,2.66,2025-10-07 02:29:23.793618202
1759804163.7892127,RTU3,6,1.001,-0.031,49.47,189.6,0.2,GOOD,0.0006,0.5311,1,0,1,Frequency Attack,high,0.0,-0.53,2025-10-07 02:29:23.789212704
1759804163.7943716,RTU4,6,1.17,-0.097,51.59,-200.2,-99.3,GOOD,0.1702,1.5932,0,0,1,Combined Attack,high,0.17,1.59,2025-10-07 02:29:23.794371605
1759804163.786381,RTU2,5,0.992,-0.035,52.02,401.9,182.7,GOOD,0.0076,2.0192,1,0,1,Frequency Attack,high,0.0,2.02,2025-10-07 02:29:23.786381006
1759804163.797282,RTU2,7,0.95,0.009,50.59,-256.6,-181.4,GOOD,0.0505,0.5926,0,0,1,Status Spoofing,medium,-0.05,0.59,2025-10-07 02:29:23.797281981
1759804163.8067,RTU2,5,0.991,-0.101,49.83,147.3,210.7,GOOD,0.0089,0.1716,1,1,1,Measurement Noise,low,-0.009,-0.17,2025-10-07 02:29:23.806699991
1759804163.80475,RTU2,2,0.994,-0.145,49.7,-170.3,-132.2,GOOD,0.0061,0.3036,1,1,1,Measurement Noise,low,-0.006,-0.3,2025-10-07 02:29:23.804749966
1759804163.778599,RTU1,9,1.006,0.004,50.08,-190.3,-153.2,GOOD,0.0057,0.078,1,1,0,None,none,,,2025-10-07 02:29:23.778599024
1759804163.7858672,RTU1,4,0.991,-0.038,49.32,475.6,164.5,GOOD,0.0088,0.6804,1,0,1,Frequency Attack,low,0.0,-0.68,2025-10-07 02:29:23.785867214
1759804163.775515,RTU3,2,1.005,-0.096,50.06,211.6,110.6,GOOD,0.0051,0.0575,1,1,0,None,none,,,2025-10-07 02:29:23.775515079
1759804163.784216,RTU2,4,1.111,0.077,49.91,331.0,193.2,GOOD,0.1112,0.0886,0,1,1,Voltage Attack,low,0.111,0.0,2025-10-07 02:29:23.784215927
1759804163.7925065,RTU4,2,1.183,0.036,51.69,370.8,6.4,INVALID,0.1829,1.6898,0,0,1,Combined Attack,low,0.183,1.69,2025-10-07 02:29:23.792506456
1759804163.797654,RTU2,8,1.071,-0.097,50.51,-290.0,-130.3,GOOD,0.0705,0.5066,0,0,1,Status Spoofing,medium,0.071,0.51,2025-10-07 02:29:23.797653913
1759804163.785517,RTU1,9,1.006,0.037,50.7,324.0,79.6,SUSPECT,0.0063,0.7037,1,0,1,Frequency Attack,medium,0.0,0.7,2025-10-07 02:29:23.785516977
1759804163.7765791,RTU2,4,0.999,0.083,49.93,-122.5,-195.7,GOOD,0.0011,0.0702,1,1,0,None,none,,,2025-10-07 02:29:23.776579142
1759804163.7922938,RTU3,2,0.939,-0.068,51.22,-190.3,-64.4,GOOD,0.0613,1.2248,0,0,1,Combined Attack,medium,-0.061,1.22,2025-10-07 02:29:23.792293787
1759804163.8033767,RTU2,9,0.979,0.039,50.13,272.9,151.6,GOOD,0.0212,0.135,1,1,1,Measurement Noise,low,-0.021,0.13,2025-10-07 02:29:23.803376675
1759804163.7810397,RTU3,2,0.846,0.037,50.07,-66.2,-105.6,GOOD,0.1543,0.0682,0,1,1,Voltage Attack,low,-0.154,0.0,2025-10-07 02:29:23.781039715
1759804163.7803636,RTU3,6,0.754,-0.055,50.0,468.5,100.1,GOOD,0.246,0.0028,0,1,1,Voltage Attack,medium,-0.246,0.0,2025-10-07 02:29:23.780363560
1759804163.8018541,RTU3,10,1.069,-0.027,49.69,347.5,163.7,GOOD,0.0688,0.3055,0,1,1,Measurement Noise,medium,0.069,-0.31,2025-10-07 02:29:23.801854134
1759804163.8038628,RTU1,3,1.007,-0.149,49.34,-108.7,-236.8,GOOD,0.0073,0.6616,1,0,1,Measurement Noise,medium,0.007,-0.66,2025-10-07 02:29:23.803862810
1759804163.7807174,RTU3,6,0.86,0.047,50.02,435.7,54.0,INVALID,0.1397,0.0191,0,1,1,Voltage Attack,high,-0.14,0.0,2025-10-07 02:29:23.780717373
1759804163.7977316,RTU3,10,0.926,-0.036,50.49,-186.8,-179.7,GOOD,0.0738,0.4876,0,1,1,Status Spoofing,medium,-0.074,0.49,2025-10-07 02:29:23.797731638
1759804163.7752082,RTU1,10,1.012,-0.043,50.07,380.0,178.0,GOOD,0.012,0.0714,1,1,0,None,none,,,2025-10-07 02:29:23.775208235
1759804163.7878773,RTU2,9,0.984,-0.007,49.19,-384.5,-17.5,GOOD,0.016,0.8079,1,0,1,Frequency Attack,low,0.0,-0.81,2025-10-07 02:29:23.787877321
1759804163.7913396,RTU3,6,0.777,0.016,47.47,-206.6,-193.8,SUSPECT,0.2226,2.5276,0,0,1,Combined Attack,high,-0.223,-2.53,2025-10-07 02:29:23.791339636
1759804163.785855,RTU1,6,0.982,-0.053,49.31,380.6,168.8,GOOD,0.0183,0.6853,1,0,1,Frequency Attack,low,0.0,-0.69,2025-10-07 02:29:23.785855055
1759804163.7963874,RTU1,1,1.122,-0.038,51.29,110.8,89.5,INVALID,0.1221,1.2868,0,0,1,Combined Attack,low,0.122,1.29,2025-10-07 02:29:23.796387434
1759804163.7748637,RTU3,2,1.017,0.002,49.86,79.6,100.2,GOOD,0.0167,0.1371,1,1,0,None,none,,,2025-10-07 02:29:23.774863720
1759804163.8006349,RTU1,4,0.951,0.044,50.44,-198.7,-21.9,GOOD,0.0489,0.4436,1,1,1,Status Spoofing,low,-0.049,0.44,2025-10-07 02:29:23.800634861
1759804163.7841885,RTU2,1,0.682,-0.085,49.99,-347.4,-118.0,INVALID,0.3179,0.0089,0,1,1,Voltage Attack,high,-0.318,0.0,2025-10-07 02:29:23.784188509
1759804163.8044055,RTU4,6,0.937,0.074,49.0,-56.3,22.1,SUSPECT,0.0632,1.0037,0,0,1,Measurement Noise,high,-0.063,-1.0,2025-10-07 02:29:23.804405451
1759804163.7994916,RTU4,7,1.059,0.056,50.45,253.6,56.0,GOOD,0.059,0.4454,0,1,1,Status Spoofing,high,0.059,0.45,2025-10-07 02:29:23.799491644
1759804163.7867012,RTU2,3,0.993,0.042,49.22,240.5,167.2,SUSPECT,0.0068,0.7836,1,0,1,Frequency Attack,medium,0.0,-0.78,2025-10-07 02:29:23.786701202
1759804163.7905018,RTU1,6,1.18,0.098,51.46,-285.0,-193.9,GOOD,0.1799,1.4582,0,0,1,Combined Attack,low,0.18,1.46,2025-10-07 02:29:23.790501833
1759804163.804076,RTU4,6,1.058,-0.015,50.05,-372.2,-112.9,GOOD,0.0584,0.0483,0,1,1,Measurement Noise,medium,0.058,0.05,2025-10-07 02:29:23.804075956
1759804163.7988877,RTU2,9,1.089,-0.081,49.07,163.7,129.9,GOOD,0.0891,0.9259,0,0,1,Status Spoofing,high,0.089,-0.93,2025-10-07 02:29:23.798887730
1759804163.7993736,RTU1,5,0.906,0.037,49.6,250.3,189.8,GOOD,0.0944,0.4013,0,1,1,Status Spoofing,medium,-0.094,-0.4,2025-10-07 02:29:23.799373627
1759804163.788592,RTU1,6,0.994,-0.061,51.62,391.6,16.6,SUSPECT,0.0062,1.6209,1,0,1,Frequency Attack,medium,0.0,1.62,2025-10-07 02:29:23.788592100
1759804163.7815151,RTU2,7,1.212,0.08,50.06,-103.1,-35.5,GOOD,0.212,0.0566,0,1,1,Voltage Attack,medium,0.212,0.0,2025-10-07 02:29:23.781515121
1759804163.785829,RTU2,10,1.01,-0.016,48.28,151.9,106.9,GOOD,0.0101,1.7212,1,0,1,Frequency Attack,high,0.0,-1.72,2025-10-07 02:29:23.785829067
1759804163.8002174,RTU2,1,0.955,-0.047,51.25,330.7,168.2,GOOD,0.0454,1.2481,1,0,1,Status Spoofing,high,-0.045,1.25,2025-10-07 02:29:23.800217390
1759804163.7761354,RTU2,5,1.0,0.027,50.05,-166.7,-80.5,GOOD,0.0003,0.0461,1,1,0,None,none,,,2025-10-07 02:29:23.776135445
1759804163.7843359,RTU1,2,0.749,-0.027,50.15,379.2,97.5,SUSPECT,0.2513,0.1513,0,1,1,Voltage Attack,medium,-0.251,0.0,2025-10-07 02:29:23.784335852
1759804163.787834,RTU2,6,0.998,-0.037,50.97,-247.2,-193.9,GOOD,0.0017,0.9677,1,0,1,Frequency Attack,low,0.0,0.97,2025-10-07 02:29:23.787833929
1759804163.8027558,RTU3,5,0.987,-0.007,49.44,455.0,-44.1,INVALID,0.0132,0.5579,1,0,1,Measurement Noise,medium,-0.013,-0.56,2025-10-07 02:29:23.802755833
1759804163.8035474,RTU2,1,0.957,0.096,50.01,59.7,-27.1,INVALID,0.0435,0.0128,1,1,1,Measurement Noise,low,-0.043,0.01,2025-10-07 02:29:23.803547382
1759804163.776717,RTU4,10,0.978,0.017,49.9,-83.8,-35.7,GOOD,0.022,0.1005,1,1,0,None,none,,,2025-10-07 02:29:23.776716948
1759804163.7755272,RTU2,6,1.004,-0.013,49.98,-106.1,-191.7,GOOD,0.0037,0.0218,1,1,0,None,none,,,2025-10-07 02:29:23.775527239
1759804163.7837582,RTU1,5,1.209,-0.007,49.94,-389.3,-14.5,GOOD,0.2094,0.0609,0,1,1,Voltage Attack,low,0.209,0.0,2025-10-07 02:29:23.783758163
1759804163.7834263,RTU2,7,1.313,-0.063,50.18,-188.6,-172.8,GOOD,0.3125,0.1817,0,1,1,Voltage Attack,high,0.313,0.0,2025-10-07 02:29:23.783426285
1759804163.7990224,RTU2,8,1.097,-0.087,50.66,179.7,37.4,GOOD,0.0969,0.6556,0,0,1,Status Spoofing,high,0.097,0.66,2025-10-07 02:29:23.799022436
1759804163.7981834,RTU3,2,1.114,-0.04,50.53,347.1,78.4,GOOD,0.1142,0.5255,0,0,1,Status Spoofing,high,0.114,0.53,2025-10-07 02:29:23.798183441
1759804163.7760262,RTU4,5,0.983,0.067,50.24,-356.1,-42.3,GOOD,0.017,0.2436,1,1,0,None,none,,,2025-10-07 02:29:23.776026249
1759804163.7742574,RTU4,6,0.992,-0.044,50.03,495.9,50.8,GOOD,0.0081,0.0316,1,1,0,None,none,,,2025-10-07 02:29:23.774257421
1759804163.7813015,RTU4,4,1.343,0.04,50.01,-126.7,-161.1,INVALID,0.3429,0.0131,0,1,1,Voltage Attack,high,0.343,0.0,2025-10-07 02:29:23.781301498
1759804163.7940445,RTU3,1,0.872,-0.006,49.37,-149.6,-195.6,SUSPECT,0.1276,0.6273,0,0,1,Combined Attack,low,-0.128,-0.63,2025-10-07 02:29:23.794044495
1759804163.794898,RTU4,8,0.746,0.044,48.26,266.1,128.8,GOOD,0.2535,1.7377,0,0,1,Combined Attack,medium,-0.254,-1.74,2025-10-07 02:29:23.794898033
1759804163.8054314,RTU1,1,1.003,0.108,49.95,-274.1,-221.4,GOOD,0.0033,0.0476,1,1,1,Measurement Noise,low,0.003,-0.05,2025-10-07 02:29:23.805431366
1759804163.783551,RTU2,1,0.885,-0.049,50.02,51.3,123.7,GOOD,0.1147,0.0204,0,1,1,Voltage Attack,high,-0.115,0.0,2025-10-07 02:29:23.783550978
1759804163.7752962,RTU3,7,1.008,0.06,49.78,454.7,173.6,GOOD,0.0082,0.2194,1,1,0,None,none,,,2025-10-07 02:29:23.775296211
1759804163.7810895,RTU1,5,0.685,0.073,50.06,347.4,36.6,GOOD,0.3151,0.0565,0,1,1,Voltage Attack,high,-0.315,0.0,2025-10-07 02:29:23.781089544
1759804163.782695,RTU2,7,0.897,0.039,50.15,-326.6,-20.5,GOOD,0.1033,0.1536,0,1,1,Voltage Attack,high,-0.103,0.0,2025-10-07 02:29:23.782695055
1759804163.7763278,RTU2,8,1.003,-0.077,50.05,484.9,61.1,GOOD,0.0028,0.0531,1,1,0,None,none,,,2025-10-07 02:29:23.776327848
1759804163.7859423,RTU4,1,0.982,0.024,47.94,219.0,13.1,SUSPECT,0.0178,2.0646,1,0,1,Frequency Attack,high,0.0,-2.06,2025-10-07 02:29:23.785942316
1759804163.7949183,RTU1,6,1.214,-0.004,50.67,-370.0,-160.8,SUSPECT,0.2138,0.6662,0,0,1,Combined Attack,medium,0.214,0.67,2025-10-07 02:29:23.794918299
1759804163.7857187,RTU1,8,0.999,-0.021,51.62,-111.9,-21.4,GOOD,0.0008,1.6207,1,0,1,Frequency Attack,high,0.0,1.62,2025-10-07 02:29:23.785718679
1759804163.7995036,RTU4,4,0.901,0.078,49.45,138.9,1.8,GOOD,0.0986,0.5545,0,0,1,Status Spoofing,medium,-0.099,-0.55,2025-10-07 02:29:23.799503565
1759804163.8054767,RTU2,8,0.976,0.063,49.71,-224.4,-43.6,GOOD,0.024,0.2877,1,1,1,Measurement Noise,medium,-0.024,-0.29,2025-10-07 02:29:23.805476665
1759804163.7746558,RTU2,7,1.017,-0.07,50.05,-195.4,-35.9,INVALID,0.0173,0.0513,1,1,0,None,none,,,2025-10-07 02:29:23.774655819
1759804163.7867148,RTU3,5,1.022,-0.085,49.15,464.6,97.3,SUSPECT,0.0224,0.848,1,0,1,Frequency Attack,medium,0.0,-0.85,2025-10-07 02:29:23.786714792
1759804163.8066852,RTU4,4,0.995,-0.074,50.14,217.2,11.8,SUSPECT,0.0051,0.1386,1,1,1,Measurement Noise,low,-0.005,0.14,2025-10-07 02:29:23.806685209
1759804163.7811515,RTU2,1,0.885,0.033,50.04,202.4,174.4,SUSPECT,0.1147,0.0409,0,1,1,Voltage Attack,high,-0.115,0.0,2025-10-07 02:29:23.781151533
1759804163.7779741,RTU1,1,0.99,0.028,50.08,124.4,25.2,GOOD,0.0103,0.077,1,1,0,None,none,,,2025-10-07 02:29:23.777974129
1759804163.7812262,RTU2,7,0.683,-0.042,49.97,188.4,69.1,GOOD,0.317,0.0278,0,1,1,Voltage Attack,high,-0.317,0.0,2025-10-07 02:29:23.781226158
1759804163.7834392,RTU4,10,0.935,0.008,49.99,-294.7,-63.4,SUSPECT,0.0652,0.0084,0,1,1,Voltage Attack,low,-0.065,0.0,2025-10-07 02:29:23.783439159
1759804163.7941124,RTU1,3,1.082,0.067,51.25,263.4,142.9,GOOD,0.0824,1.252,0,0,1,Combined Attack,low,0.082,1.25,2025-10-07 02:29:23.794112444
1759804163.7940996,RTU4,3,0.846,0.045,47.33,-310.0,-81.2,INVALID,0.1545,2.6746,0,0,1,Combined Attack,high,-0.154,-2.67,2025-10-07 02:29:23.794099569
1759804163.7880654,RTU2,2,1.024,0.097,52.42,-154.6,-91.9,INVALID,0.0235,2.42,1,0,1,Frequency Attack,medium,0.0,2.42,2025-10-07 02:29:23.788065434
1759804163.7813628,RTU1,3,0.7,-0.051,49.96,409.8,98.1,GOOD,0.3004,0.043,0,1,1,Voltage Attack,high,-0.3,0.0,2025-10-07 02:29:23.781362772
1759804163.8028612,RTU1,9,0.956,-0.138,50.22,297.8,38.2,GOOD,0.0444,0.2242,1,1,1,Measurement Noise,high,-0.044,0.22,2025-10-07 02:29:23.802861214
1759804163.7835133,RTU4,9,1.274,0.026,49.89,-78.1,-55.1,GOOD,0.2744,0.1115,0,1,1,Voltage Attack,medium,0.274,0.0,2025-10-07 02:29:23.783513308
1759804163.7968392,RTU3,9,1.124,0.074,51.19,437.1,104.6,GOOD,0.1236,1.1924,0,0,1,Status Spoofing,high,0.124,1.19,2025-10-07 02:29:23.796839237
1759804163.777941,RTU2,1,0.998,0.049,50.03,-67.0,-159.1,GOOD,0.0023,0.0289,1,1,0,None,none,,,2025-10-07 02:29:23.777940989
1759804163.781439,RTU2,3,0.827,0.088,49.92,289.6,128.9,INVALID,0.1727,0.0819,0,1,1,Voltage Attack,medium,-0.173,0.0,2025-10-07 02:29:23.781439066
1759804163.7833657,RTU3,2,1.087,-0.014,50.0,-108.3,-127.8,GOOD,0.087,0.0025,0,1,1,Voltage Attack,high,0.087,0.0,2025-10-07 02:29:23.783365726
1759804163.7924542,RTU1,7,1.166,-0.063,48.14,-291.9,-91.6,SUSPECT,0.1656,1.8603,0,0,1,Combined Attack,low,0.166,-1.86,2025-10-07 02:29:23.792454243
1759804163.7964306,RTU4,9,0.754,-0.05,49.23,299.2,21.3,SUSPECT,0.2455,0.7737,0,0,1,Combined Attack,medium,-0.246,-0.77,2025-10-07 02:29:23.796430588
1759804163.7748306,RTU4,6,1.002,-0.08,49.99,376.7,10.6,GOOD,0.0016,0.0052,1,1,0,None,none,,,2025-10-07 02:29:23.774830580
1759804163.806048,RTU3,6,0.999,-0.08,50.98,221.3,139.2,GOOD,0.0008,0.9807,1,0,1,Measurement Noise,high,-0.001,0.98,2025-10-07 02:29:23.806047916
1759804163.7979794,RTU3,9,1.075,0.057,49.4,-319.1,-165.2,GOOD,0.0754,0.6021,0,0,1,Status Spoofing,high,0.075,-0.6,2025-10-07 02:29:23.797979355
1759804163.7827554,RTU4,2,1.133,0.096,50.0,-176.6,-76.3,GOOD,0.1327,0.0014,0,1,1,Voltage Attack,medium,0.133,0.0,2025-10-07 02:29:23.782755375
1759804163.781065,RTU1,4,0.722,-0.074,50.08,-62.5,-155.5,GOOD,0.2783,0.0792,0,1,1,Voltage Attack,high,-0.278,0.0,2025-10-07 02:29:23.781064987
1759804163.802287,RTU1,6,1.015,0.134,49.83,-216.6,-20.8,GOOD,0.015,0.1736,1,1,1,Measurement Noise,low,0.015,-0.17,2025-10-07 02:29:23.802287102
1759804163.8060331,RTU2,6,1.026,0.112,49.52,299.2,-30.0,GOOD,0.0259,0.4815,1,1,1,Measurement Noise,high,0.026,-0.48,2025-10-07 02:29:23.806033134
1759804163.797478,RTU3,6,0.929,0.052,49.49,-129.8,-130.8,GOOD,0.0712,0.5054,0,0,1,Status Spoofing,low,-0.071,-0.51,2025-10-07 02:29:23.797477961
1759804163.7986636,RTU4,4,1.083,-0.063,49.44,237.8,188.9,GOOD,0.0832,0.5601,0,0,1,Status Spoofing,high,0.083,-0.56,2025-10-07 02:29:23.798663616
1759804163.7906353,RTU3,6,0.814,0.009,49.03,-243.5,-58.8,GOOD,0.186,0.9745,0,0,1,Combined Attack,low,-0.186,-0.97,2025-10-07 02:29:23.790635347
1759804163.7752495,RTU4,10,0.998,0.001,50.01,473.7,36.5,GOOD,0.0021,0.0088,1,1,0,None,none,,,2025-10-07 02:29:23.775249481
1759804163.8006268,RTU2,1,0.9,0.092,49.48,-390.7,-124.0,GOOD,0.1,0.5236,0,0,1,Status Spoofing,high,-0.1,-0.52,2025-10-07 02:29:23.800626755
1759804163.7754612,RTU1,9,1.012,-0.094,49.88,-60.3,-44.8,GOOD,0.0117,0.1167,1,1,0,None,none,,,2025-10-07 02:29:23.775461197
1759804163.800535,RTU4,4,0.952,-0.008,50.83,-311.4,-2.3,GOOD,0.0482,0.8289,1,0,1,Status Spoofing,medium,-0.048,0.83,2025-10-07 02:29:23.800534964
1759804163.7742345,RTU2,5,1.01,-0.008,49.93,-71.4,-193.8,GOOD,0.0096,0.0735,1,1,0,None,none,,,2025-10-07 02:29:23.774234533
1759804163.7835844,RTU3,6,0.782,0.079,49.97,-319.8,-183.7,GOOD,0.218,0.0263,0,1,1,Voltage Attack,high,-0.218,0.0,2025-10-07 02:29:23.783584356
1759804163.7977188,RTU4,4,1.049,-0.069,49.35,-90.3,-37.8,GOOD,0.0487,0.6538,1,0,1,Status Spoofing,high,0.049,-0.65,2025-10-07 02:29:23.797718763
1759804163.7939308,RTU4,1,0.81,-0.091,51.28,-53.6,-53.4,GOOD,0.1895,1.2827,0,0,1,Combined Attack,medium,-0.19,1.28,2025-10-07 02:29:23.793930769
1759804163.780063,RTU4,1,0.795,0.01,49.99,209.5,188.8,GOOD,0.205,0.0103,0,1,1,Voltage Attack,high,-0.205,0.0,2025-10-07 02:29:23.780062914
1759804163.8061533,RTU2,7,0.904,-0.044,48.94,47.3,130.5,GOOD,0.0962,1.064,0,0,1,Measurement Noise,high,-0.096,-1.06,2025-10-07 02:29:23.806153297
1759804163.8019018,RTU3,8,0.982,0.042,50.12,378.1,6.6,GOOD,0.0184,0.1198,1,1,1,Measurement Noise,low,-0.018,0.12,2025-10-07 02:29:23.801901817
1759804163.7805765,RTU3,7,1.177,0.082,49.85,-124.0,-69.3,GOOD,0.1773,0.1465,0,1,1,Voltage Attack,medium,0.177,0.0,2025-10-07 02:29:23.780576468
1759804163.7845585,RTU2,3,1.221,-0.027,49.89,-308.6,-153.6,SUSPECT,0.2211,0.1081,0,1,1,Voltage Attack,high,0.221,0.0,2025-10-07 02:29:23.784558535
1759804163.774505,RTU1,1,0.998,-0.049,49.98,-115.4,-14.2,GOOD,0.0019,0.0206,1,1,0,None,none,,,2025-10-07 02:29:23.774504900
1759804163.7803845,RTU2,10,1.241,0.057,49.89,469.9,123.5,GOOD,0.2407,0.1106,0,1,1,Voltage Attack,high,0.241,0.0,2025-10-07 02:29:23.780384541
1759804163.7873278,RTU3,5,0.986,-0.018,48.47,-391.0,-94.3,GOOD,0.0143,1.534,1,0,1,Frequency Attack,low,0.0,-1.53,2025-10-07 02:29:23.787327766
1759804163.7970026,RTU2,8,0.92,0.012,49.28,-317.9,-134.9,GOOD,0.0802,0.722,0,0,1,Status Spoofing,medium,-0.08,-0.72,2025-10-07 02:29:23.797002554
1759804163.783351,RTU4,10,1.225,0.065,50.09,307.8,8.2,GOOD,0.2253,0.0947,0,1,1,Voltage Attack,medium,0.225,0.0,2025-10-07 02:29:23.783350945
1759804163.7783284,RTU1,4,0.999,0.04,50.05,139.2,40.8,GOOD,0.0011,0.05,1,1,0,None,none,,,2025-10-07 02:29:23.778328419
1759804163.8028464,RTU4,5,1.06,-0.024,49.54,-253.9,-10.9,GOOD,0.0601,0.4586,0,1,1,Measurement Noise,medium,0.06,-0.46,2025-10-07 02:29:23.802846432
1759804163.7764919,RTU3,3,1.004,-0.003,50.02,381.1,56.4,GOOD,0.0035,0.022,1,1,0,None,none,,,2025-10-07 02:29:23.776491880
1759804163.8024118,RTU1,4,1.018,0.095,49.92,168.8,88.2,SUSPECT,0.0184,0.0782,1,1,1,Measurement Noise,medium,0.018,-0.08,2025-10-07 02:29:23.802411795
1759804163.7878919,RTU4,2,1.016,-0.088,50.9,-275.7,-194.2,SUSPECT,0.0163,0.9034,1,0,1,Frequency Attack,low,0.0,0.9,2025-10-07 02:29:23.787891865
1759804163.7845206,RTU3,3,1.132,0.021,50.06,-399.6,-80.9,SUSPECT,0.1319,0.0568,0,1,1,Voltage Attack,medium,0.132,0.0,2025-10-07 02:29:23.784520626
1759804163.79183,RTU1,9,1.162,-0.029,50.79,-315.5,-41.9,GOOD,0.1624,0.7857,0,0,1,Combined Attack,low,0.162,0.79,2025-10-07 02:29:23.791830063
1759804163.8010292,RTU4,5,0.87,0.067,49.46,173.5,17.1,GOOD,0.1297,0.5367,0,0,1,Status Spoofing,high,-0.13,-0.54,2025-10-07 02:29:23.801029205
1759804163.8048792,RTU2,9,1.005,0.109,50.71,-397.9,-163.2,GOOD,0.0052,0.7148,1,0,1,Measurement Noise,medium,0.005,0.71,2025-10-07 02:29:23.804879189
1759804163.7819602,RTU1,9,1.183,0.04,49.95,-369.7,-137.7,SUSPECT,0.1831,0.0485,0,1,1,Voltage Attack,medium,0.183,0.0,2025-10-07 02:29:23.781960249
1759804163.788029,RTU2,4,0.995,-0.035,47.66,470.2,128.1,GOOD,0.0053,2.3376,1,0,1,Frequency Attack,medium,0.0,-2.34,2025-10-07 02:29:23.788028955
1759804163.8054004,RTU2,4,0.987,-0.07,50.0,411.9,10.3,GOOD,0.0125,0.0028,1,1,1,Measurement Noise,low,-0.013,-0.0,2025-10-07 02:29:23.805400372
1759804163.7769523,RTU2,10,0.986,0.037,50.03,-232.3,-185.6,GOOD,0.014,0.033,1,1,0,None,none,,,2025-10-07 02:29:23.776952267
1759804163.794257,RTU4,10,1.123,0.088,47.44,-166.8,-24.6,GOOD,0.1228,2.56,0,0,1,Combined Attack,medium,0.123,-2.56,2025-10-07 02:29:23.794256926
1759804163.7771308,RTU1,2,1.001,0.074,50.04,-118.4,-189.6,GOOD,0.0011,0.035,1,1,0,None,none,,,2025-10-07 02:29:23.777130842
1759804163.7840776,RTU4,2,0.801,-0.003,50.11,214.0,157.4,INVALID,0.1991,0.1063,0,1,1,Voltage Attack,low,-0.199,0.0,2025-10-07 02:29:23.784077644
1759804163.7882466,RTU4,10,1.023,-0.028,50.63,-331.1,-130.0,SUSPECT,0.0231,0.6339,1,0,1,Frequency Attack,low,0.0,0.63,2025-10-07 02:29:23.788246632
1759804163.7865524,RTU1,8,0.988,-0.098,48.08,386.0,66.4,GOOD,0.0116,1.918,1,0,1,Frequency Attack,medium,0.0,-1.92,2025-10-07 02:29:23.786552429
1759804163.7770975,RTU3,4,0.991,-0.06,50.11,60.2,184.4,GOOD,0.0089,0.1111,1,1,0,None,none,,,2025-10-07 02:29:23.777097464
1759804163.77688,RTU4,9,1.014,-0.035,49.9,-391.4,-62.9,GOOD,0.0145,0.1024,1,1,0,None,none,,,2025-10-07 02:29:23.776880026
1759804163.792649,RTU1,2,0.888,0.082,50.66,435.5,9.1,GOOD,0.1119,0.6614,0,0,1,Combined Attack,low,-0.112,0.66,2025-10-07 02:29:23.792649031
1759804163.797384,RTU3,6,1.064,-0.08,50.55,-291.0,-40.6,GOOD,0.0644,0.5502,0,0,1,Status Spoofing,medium,0.064,0.55,2025-10-07 02:29:23.797384024
1759804163.7931917,RTU3,6,1.087,0.028,48.15,221.7,156.0,SUSPECT,0.087,1.8475,0,0,1,Combined Attack,low,0.087,-1.85,2025-10-07 02:29:23.793191671
1759804163.7987223,RTU4,3,0.925,0.063,50.5,-150.9,-35.3,GOOD,0.075,0.4956,0,1,1,Status Spoofing,high,-0.075,0.5,2025-10-07 02:29:23.798722267
1759804163.7921665,RTU1,8,1.109,0.064,48.0,-392.4,-85.0,GOOD,0.109,1.9955,0,0,1,Combined Attack,high,0.109,-2.0,2025-10-07 02:29:23.792166471
1759804163.804505,RTU1,5,1.054,-0.018,50.4,-226.4,-19.1,GOOD,0.0542,0.4038,0,1,1,Measurement Noise,low,0.054,0.4,2025-10-07 02:29:23.804505110
1759804163.7948506,RTU4,9,0.87,-0.1,48.34,313.0,75.9,SUSPECT,0.1304,1.6629,0,0,1,Combined Attack,low,-0.13,-1.66,2025-10-07 02:29:23.794850588
1759804163.8062663,RTU1,6,0.972,0.02,49.81,-419.6,-91.9,GOOD,0.0281,0.1928,1,1,1,Measurement Noise,high,-0.028,-0.19,2025-10-07 02:29:23.806266308
1759804163.793592,RTU1,9,1.083,-0.075,50.95,481.8,71.1,GOOD,0.0832,0.953,0,0,1,Combined Attack,low,0.083,0.95,2025-10-07 02:29:23.793591976
1759804163.794962,RTU1,3,1.095,-0.058,48.32,-277.7,-126.3,SUSPECT,0.0947,1.6833,0,0,1,Combined Attack,high,0.095,-1.68,2025-10-07 02:29:23.794961929
1759804163.7868567,RTU1,4,1.0,-0.008,50.68,397.3,143.9,SUSPECT,0.0002,0.6826,1,0,1,Frequency Attack,low,0.0,0.68,2025-10-07 02:29:23.786856651
1759804163.78166,RTU4,2,1.155,0.009,49.79,484.9,159.1,GOOD,0.1553,0.2124,0,1,1,Voltage Attack,medium,0.155,0.0,2025-10-07 02:29:23.781660080
1759804163.7909706,RTU3,10,1.105,0.097,49.48,122.0,35.4,GOOD,0.1046,0.5156,0,0,1,Combined Attack,medium,0.105,-0.52,2025-10-07 02:29:23.790970564
1759804163.7933133,RTU4,5,0.806,-0.025,51.85,-71.7,-179.8,SUSPECT,0.1936,1.8509,0,0,1,Combined Attack,low,-0.194,1.85,2025-10-07 02:29:23.793313265
1759804163.7753623,RTU2,5,1.001,0.054,50.0,-269.0,-125.9,GOOD,0.0009,0.0024,1,1,0,None,none,,,2025-10-07 02:29:23.775362253
1759804163.800377,RTU2,8,0.894,0.063,48.85,-89.9,-59.6,GOOD,0.1061,1.1512,0,0,1,Status Spoofing,high,-0.106,-1.15,2025-10-07 02:29:23.800376892
1759804163.780298,RTU3,6,1.16,-0.057,49.88,-331.1,-27.7,GOOD,0.1597,0.1156,0,1,1,Voltage Attack,low,0.16,0.0,2025-10-07 02:29:23.780297995
1759804163.7879415,RTU2,10,1.015,0.019,47.33,-246.6,-183.0,GOOD,0.0148,2.6712,1,0,1,Frequency Attack,high,0.0,-2.67,2025-10-07 02:29:23.787941456
1759804163.8042998,RTU1,1,1.015,-0.091,50.0,-279.0,-232.0,SUSPECT,0.0148,0.0019,1,1,1,Measurement Noise,medium,0.015,-0.0,2025-10-07 02:29:23.804299831
1759804163.7855308,RTU2,5,1.003,0.015,49.16,-388.6,-23.4,SUSPECT,0.0031,0.8442,1,0,1,Frequency Attack,medium,0.0,-0.84,2025-10-07 02:29:23.785530806
1759804163.7950547,RTU2,1,0.804,-0.004,49.35,-178.0,-93.6,SUSPECT,0.1962,0.6523,0,0,1,Combined Attack,low,-0.196,-0.65,2025-10-07 02:29:23.795054674
1759804163.8020236,RTU4,5,0.962,0.017,49.97,-360.2,11.4,GOOD,0.038,0.0254,1,1,1,Measurement Noise,low,-0.038,-0.03,2025-10-07 02:29:23.802023649
1759804163.7836092,RTU3,2,0.938,-0.079,50.0,-358.2,-123.3,SUSPECT,0.0619,0.0008,0,1,1,Voltage Attack,medium,-0.062,0.0,2025-10-07 02:29:23.783609152
1759804163.8032517,RTU3,10,1.13,0.098,51.13,251.9,31.8,GOOD,0.1298,1.1282,0,0,1,Measurement Noise,high,0.13,1.13,2025-10-07 02:29:23.803251743
1759804163.7854574,RTU3,4,1.001,-0.097,53.05,80.1,175.9,GOOD,0.0009,3.0542,1,0,1,Frequency Attack,high,0.0,3.05,2025-10-07 02:29:23.785457373
1759804163.7922332,RTU3,4,1.14,0.014,51.42,-239.4,-27.7,GOOD,0.14,1.4204,0,0,1,Combined Attack,low,0.14,1.42,2025-10-07 02:29:23.792233229
1759804163.800439,RTU3,3,0.941,0.045,48.79,290.5,62.6,GOOD,0.0588,1.2064,0,0,1,Status Spoofing,high,-0.059,-1.21,2025-10-07 02:29:23.800438881
1759804163.7891884,RTU3,2,1.021,-0.023,48.64,127.4,191.8,GOOD,0.0206,1.3597,1,0,1,Frequency Attack,low,0.0,-1.36,2025-10-07 02:29:23.789188385
1759804163.783131,RTU2,6,0.901,0.046,49.95,399.3,18.9,SUSPECT,0.0986,0.0493,0,1,1,Voltage Attack,low,-0.099,0.0,2025-10-07 02:29:23.783130884
1759804163.7888653,RTU3,2,1.007,-0.027,47.71,276.5,119.2,GOOD,0.0065,2.285,1,0,1,Frequency Attack,medium,0.0,-2.29,2025-10-07 02:29:23.788865328
1759804163.8031936,RTU3,6,1.035,0.04,50.44,-90.0,-51.5,GOOD,0.0345,0.4418,1,1,1,Measurement Noise,high,0.035,0.44,2025-10-07 02:29:23.803193569
1759804163.78904,RTU4,9,0.999,-0.041,49.47,-212.6,-134.2,GOOD,0.0011,0.5287,1,0,1,Frequency Attack,low,0.0,-0.53,2025-10-07 02:29:23.789040089
1759804163.7972353,RTU2,6,1.064,0.049,49.54,-374.1,-93.4,GOOD,0.0635,0.4554,0,1,1,Status Spoofing,low,0.064,-0.46,2025-10-07 02:29:23.797235250
1759804163.8004723,RTU1,9,0.933,-0.009,49.52,-231.6,-145.9,GOOD,0.0673,0.483,0,1,1,Status Spoofing,medium,-0.067,-0.48,2025-10-07 02:29:23.800472260
1759804163.7859547,RTU1,1,1.002,-0.035,49.14,201.6,20.5,GOOD,0.0019,0.8596,1,0,1,Frequency Attack,high,0.0,-0.86,2025-10-07 02:29:23.785954714
1759804163.7912014,RTU4,4,0.922,-0.024,48.35,-282.9,-91.0,GOOD,0.0785,1.6522,0,0,1,Combined Attack,medium,-0.078,-1.65,2025-10-07 02:29:23.791201353
1759804163.7761567,RTU1,8,1.012,0.074,50.02,-302.8,-184.6,GOOD,0.0124,0.0184,1,1,0,None,none,,,2025-10-07 02:29:23.776156664
1759804163.7809453,RTU3,2,1.087,0.072,49.79,-120.3,-54.7,INVALID,0.0871,0.2116,0,1,1,Voltage Attack,high,0.087,0.0,2025-10-07 02:29:23.780945301
1759804163.7842984,RTU1,10,0.741,-0.083,50.06,-282.0,-85.9,GOOD,0.2594,0.0644,0,1,1,Voltage Attack,medium,-0.259,0.0,2025-10-07 02:29:23.784298420
1759804163.783832,RTU1,9,1.263,-0.033,50.0,482.8,51.8,GOOD,0.2627,0.003,0,1,1,Voltage Attack,high,0.263,0.0,2025-10-07 02:29:23.783832073
1759804163.7770631,RTU1,6,1.017,-0.094,49.91,392.3,96.0,GOOD,0.0165,0.0879,1,1,0,None,none,,,2025-10-07 02:29:23.777063131
1759804163.774777,RTU4,10,0.994,0.097,49.89,-160.2,-113.3,GOOD,0.0064,0.1084,1,1,0,None,none,,,2025-10-07 02:29:23.774776936
1759804163.800267,RTU4,1,1.056,0.003,50.75,306.9,35.3,GOOD,0.0557,0.7501,0,0,1,Status Spoofing,medium,0.056,0.75,2025-10-07 02:29:23.800266981
1759804163.7770083,RTU2,4,1.002,0.069,49.89,-103.1,-194.4,GOOD,0.0019,0.1074,1,1,0,None,none,,,2025-10-07 02:29:23.777008295
1759804163.7765355,RTU4,2,1.02,0.009,50.04,-211.1,-177.6,GOOD,0.0197,0.0382,1,1,0,None,none,,,2025-10-07 02:29:23.776535511
1759804163.7994356,RTU4,10,0.909,-0.081,49.43,-366.2,-72.6,GOOD,0.0908,0.569,0,0,1,Status Spoofing,medium,-0.091,-0.57,2025-10-07 02:29:23.799435616
1759804163.7928998,RTU1,9,1.129,0.048,51.23,-299.6,-185.2,GOOD,0.1294,1.2277,0,0,1,Combined Attack,medium,0.129,1.23,2025-10-07 02:29:23.792899847
1759804163.7855046,RTU3,6,1.001,0.013,51.72,177.1,4.3,GOOD,0.0006,1.7199,1,0,1,Frequency Attack,medium,0.0,1.72,2025-10-07 02:29:23.785504580
1759804163.7873793,RTU3,3,0.993,-0.003,48.9,-227.5,-25.9,INVALID,0.007,1.1047,1,0,1,Frequency Attack,medium,0.0,-1.1,2025-10-07 02:29:23.787379265
1759804163.8010368,RTU4,7,0.958,-0.047,50.93,-104.0,-115.0,GOOD,0.0419,0.9327,1,0,1,Status Spoofing,medium,-0.042,0.93,2025-10-07 02:29:23.801036835
1759804163.777152,RTU3,9,0.996,0.005,50.01,-326.9,-22.0,GOOD,0.0038,0.0137,1,1,0,None,none,,,2025-10-07 02:29:23.777152061
1759804163.7951806,RTU2,10,1.171,0.072,48.86,-174.7,-170.8,GOOD,0.1706,1.1388,0,0,1,Combined Attack,high,0.171,-1.14,2025-10-07 02:29:23.795180559
1759804163.8037598,RTU1,6,1.016,0.009,49.66,406.7,61.0,INVALID,0.0157,0.345,1,1,1,Measurement Noise,low,0.016,-0.34,2025-10-07 02:29:23.803759813
1759804163.785568,RTU4,5,1.002,-0.058,49.08,312.8,72.1,GOOD,0.0022,0.9222,1,0,1,Frequency Attack,medium,0.0,-0.92,2025-10-07 02:29:23.785567999
1759804163.7914596,RTU3,2,1.151,0.022,49.07,295.8,145.6,GOOD,0.151,0.931,0,0,1,Combined Attack,low,0.151,-0.93,2025-10-07 02:29:23.791459560
1759804163.8053668,RTU1,9,0.929,0.039,48.86,-104.5,31.9,GOOD,0.0706,1.1397,0,0,1,Measurement Noise,high,-0.071,-1.14,2025-10-07 02:29:23.805366755
1759804163.7924404,RTU2,3,1.224,-0.015,52.14,241.4,155.2,GOOD,0.2242,2.138,0,0,1,Combined Attack,high,0.224,2.14,2025-10-07 02:29:23.792440414
1759804163.79138,RTU2,8,1.185,0.085,51.42,-170.4,-110.8,GOOD,0.1854,1.4215,0,0,1,Combined Attack,medium,0.185,1.42,2025-10-07 02:29:23.791379929
1759804163.7785456,RTU1,10,0.997,0.037,50.08,-254.5,-76.2,GOOD,0.0032,0.0769,1,1,0,None,none,,,2025-10-07 02:29:23.778545618
1759804163.7906773,RTU4,1,0.893,-0.031,51.95,361.0,11.2,SUSPECT,0.1071,1.9529,0,0,1,Combined Attack,low,-0.107,1.95,2025-10-07 02:29:23.790677309
1759804163.8024302,RTU2,1,0.966,0.101,49.71,505.0,148.4,SUSPECT,0.0344,0.2878,1,1,1,Measurement Noise,low,-0.034,-0.29,2025-10-07 02:29:23.802430153
1759804163.7892952,RTU4,2,0.998,-0.014,47.83,-340.6,-51.3,GOOD,0.0018,2.17,1,0,1,Frequency Attack,medium,0.0,-2.17,2025-10-07 02:29:23.789295197
1759804163.7850573,RTU2,2,1.006,-0.093,51.2,-232.2,-128.6,GOOD,0.0057,1.2048,1,0,1,Frequency Attack,medium,0.0,1.2,2025-10-07 02:29:23.785057306
1759804163.791287,RTU3,4,0.812,-0.091,48.3,115.8,110.4,SUSPECT,0.1881,1.6987,0,0,1,Combined Attack,low,-0.188,-1.7,2025-10-07 02:29:23.791286945
1759804163.8053207,RTU4,10,0.995,0.141,49.95,-30.5,2.8,GOOD,0.0048,0.0533,1,1,1,Measurement Noise,low,-0.005,-0.05,2025-10-07 02:29:23.805320740
1759804163.781838,RTU3,5,0.882,0.009,49.99,-72.6,-137.1,GOOD,0.1177,0.0133,0,1,1,Voltage Attack,high,-0.118,0.0,2025-10-07 02:29:23.781837940
1759804163.7768261,RTU2,4,0.999,0.016,50.05,-305.3,-8.3,GOOD,0.001,0.0478,1,1,0,None,none,,,2025-10-07 02:29:23.776826143
1759804163.785743,RTU2,7,0.989,0.075,51.03,-161.3,-15.2,GOOD,0.0112,1.0322,1,0,1,Frequency Attack,low,0.0,1.03,2025-10-07 02:29:23.785742998
1759804163.7940178,RTU3,5,1.147,-0.086,50.84,332.0,127.8,GOOD,0.1471,0.8369,0,0,1,Combined Attack,medium,0.147,0.84,2025-10-07 02:29:23.794017792
1759804163.8060787,RTU4,6,0.968,-0.08,49.72,382.2,165.4,GOOD,0.0322,0.2769,1,1,1,Measurement Noise,medium,-0.032,-0.28,2025-10-07 02:29:23.806078672
1759804163.7828836,RTU4,1,1.13,0.077,49.9,-304.1,-157.2,GOOD,0.1295,0.0957,0,1,1,Voltage Attack,high,0.13,0.0,2025-10-07 02:29:23.782883644
1759804163.7978978,RTU2,4,0.93,0.075,51.25,-125.3,-111.2,GOOD,0.0699,1.2516,0,0,1,Status Spoofing,high,-0.07,1.25,2025-10-07 02:29:23.797897816
1759804163.7744024,RTU2,3,1.003,-0.094,50.01,335.2,113.2,GOOD,0.0028,0.0059,1,1,0,None,none,,,2025-10-07 02:29:23.774402380
1759804163.7837093,RTU4,2,0.846,-0.096,49.9,-83.4,-165.1,SUSPECT,0.1537,0.1037,0,1,1,Voltage Attack,low,-0.154,0.0,2025-10-07 02:29:23.783709288
1759804163.7978182,RTU2,3,1.098,-0.034,49.05,-152.6,-43.0,GOOD,0.098,0.9532,0,0,1,Status Spoofing,medium,0.098,-0.95,2025-10-07 02:29:23.797818184
1759804163.7756224,RTU3,3,1.009,0.021,50.3,445.7,83.5,GOOD,0.0091,0.3049,1,1,0,None,none,,,2025-10-07 02:29:23.775622368
1759804163.7893817,RTU2,9,0.996,-0.085,46.58,415.1,132.2,GOOD,0.004,3.4245,1,0,1,Frequency Attack,high,0.0,-3.42,2025-10-07 02:29:23.789381742
1759804163.7773652,RTU1,5,0.986,-0.005,49.8,110.4,72.4,GOOD,0.0137,0.2028,1,1,0,None,none,,,2025-10-07 02:29:23.777365208
1759804163.7744455,RTU4,6,1.0,0.048,49.99,-120.1,-119.0,GOOD,0.0003,0.0149,1,1,0,None,none,,,2025-10-07 02:29:23.774445534
1759804163.788298,RTU3,3,1.002,-0.017,51.22,-202.5,-80.0,GOOD,0.0017,1.2234,1,0,1,Frequency Attack,high,0.0,1.22,2025-10-07 02:29:23.788297892
1759804163.8041618,RTU1,2,1.078,-0.074,50.77,284.8,72.5,GOOD,0.0775,0.7731,0,0,1,Measurement Noise,high,0.078,0.77,2025-10-07 02:29:23.804161787
1759804163.7870839,RTU1,8,0.98,0.09,51.33,-291.6,-158.7,GOOD,0.0198,1.333,1,0,1,Frequency Attack,high,0.0,1.33,2025-10-07 02:29:23.787083864
1759804163.7915869,RTU4,4,0.92,0.012,51.57,-316.4,-46.8,SUSPECT,0.0796,1.5737,0,0,1,Combined Attack,medium,-0.08,1.57,2025-10-07 02:29:23.791586876
1759804163.7886424,RTU2,6,0.976,0.062,51.54,-381.2,-108.4,SUSPECT,0.0243,1.5372,1,0,1,Frequency Attack,high,0.0,1.54,2025-10-07 02:29:23.788642406
1759804163.7918427,RTU1,5,1.202,-0.044,50.77,-295.5,-119.4,GOOD,0.2019,0.774,0,0,1,Combined Attack,low,0.202,0.77,2025-10-07 02:29:23.791842699
1759804163.7874653,RTU4,6,1.011,-0.037,48.47,-264.5,-153.1,GOOD,0.0113,1.5346,1,0,1,Frequency Attack,low,0.0,-1.53,2025-10-07 02:29:23.787465334
1759804163.8020866,RTU3,8,1.032,0.125,49.97,-108.7,-170.2,GOOD,0.0317,0.0282,1,1,1,Measurement Noise,medium,0.032,-0.03,2025-10-07 02:29:23.802086592
1759804163.8019474,RTU2,8,0.996,-0.095,50.25,315.6,192.2,SUSPECT,0.004,0.2491,1,1,1,Measurement Noise,medium,-0.004,0.25,2025-10-07 02:29:23.801947355
1759804163.783808,RTU4,8,1.145,0.092,50.06,-351.2,-37.0,GOOD,0.1452,0.0559,0,1,1,Voltage Attack,high,0.145,0.0,2025-10-07 02:29:23.783807993
1759804163.7770524,RTU2,1,0.989,0.007,49.93,-280.7,-100.2,GOOD,0.0114,0.0678,1,1,0,None,none,,,2025-10-07 02:29:23.777052402
1759804163.800527,RTU4,9,1.044,-0.054,49.32,-213.7,-178.7,GOOD,0.0437,0.6834,1,0,1,Status Spoofing,medium,0.044,-0.68,2025-10-07 02:29:23.800527096
1759804163.7979927,RTU3,10,0.907,-0.039,50.64,-170.7,-179.4,GOOD,0.0935,0.6403,0,0,1,Status Spoofing,high,-0.093,0.64,2025-10-07 02:29:23.797992706
1759804163.7940018,RTU4,8,0.911,-0.076,47.38,65.1,115.6,SUSPECT,0.0892,2.6249,0,0,1,Combined Attack,high,-0.089,-2.62,2025-10-07 02:29:23.794001818
1759804163.778817,RTU1,10,0.994,0.011,49.97,-77.5,-79.6,GOOD,0.006,0.027,1,1,0,None,none,,,2025-10-07 02:29:23.778816938
1759804163.7783105,RTU4,1,1.008,0.066,50.12,-288.3,-58.7,INVALID,0.0079,0.1188,1,1,0,None,none,,,2025-10-07 02:29:23.778310537
1759804163.7827795,RTU1,5,0.775,0.001,49.82,471.7,69.1,GOOD,0.2251,0.1788,0,1,1,Voltage Attack,medium,-0.225,0.0,2025-10-07 02:29:23.782779455
1759804163.8003533,RTU2,4,1.047,-0.052,49.2,-162.3,-158.7,GOOD,0.0473,0.804,1,0,1,Status Spoofing,low,0.047,-0.8,2025-10-07 02:29:23.800353289
1759804163.7752197,RTU3,10,0.997,0.059,50.06,170.5,48.9,GOOD,0.0028,0.0616,1,1,0,None,none,,,2025-10-07 02:29:23.775219679
1759804163.7981968,RTU3,1,0.941,0.003,49.59,236.8,88.1,GOOD,0.0595,0.4076,0,1,1,Status Spoofing,medium,-0.059,-0.41,2025-10-07 02:29:23.798196793
1759804163.7969198,RTU4,8,0.919,-0.056,50.87,-280.9,-149.0,GOOD,0.0813,0.8676,0,0,1,Status Spoofing,high,-0.081,0.87,2025-10-07 02:29:23.796919823
1759804163.7909236,RTU2,4,1.304,-0.039,52.51,-195.8,-91.2,SUSPECT,0.3035,2.51,0,0,1,Combined Attack,high,0.304,2.51,2025-10-07 02:29:23.790923595
1759804163.7748532,RTU4,1,0.999,0.083,49.99,-353.2,-99.5,GOOD,0.0008,0.0116,1,1,0,None,none,,,2025-10-07 02:29:23.774853230
1759804163.7876108,RTU4,10,0.997,0.057,52.46,-246.7,-139.4,GOOD,0.003,2.4574,1,0,1,Frequency Attack,medium,0.0,2.46,2025-10-07 02:29:23.787610769
1759804163.7762733,RTU3,7,0.996,-0.011,49.94,51.1,123.9,GOOD,0.0036,0.0602,1,1,0,None,none,,,2025-10-07 02:29:23.776273251
1759804163.8043754,RTU2,7,1.039,0.114,51.27,501.3,214.7,GOOD,0.0395,1.2689,1,0,1,Measurement Noise,high,0.039,1.27,2025-10-07 02:29:23.804375410
1759804163.7746665,RTU2,8,0.999,-0.025,50.08,99.2,53.6,GOOD,0.0006,0.083,1,1,0,None,none,,,2025-10-07 02:29:23.774666548
1759804163.7743804,RTU2,10,1.01,-0.093,49.98,-50.9,-165.2,GOOD,0.0103,0.0161,1,1,0,None,none,,,2025-10-07 02:29:23.774380445
1759804163.7811139,RTU4,9,1.121,-0.07,50.17,261.1,129.5,GOOD,0.1206,0.1721,0,1,1,Voltage Attack,low,0.121,0.0,2025-10-07 02:29:23.781113863
1759804163.7807837,RTU3,2,1.227,0.063,50.01,464.4,175.6,GOOD,0.2274,0.008,0,1,1,Voltage Attack,high,0.227,0.0,2025-10-07 02:29:23.780783653
1759804163.7989125,RTU1,3,0.943,0.049,50.63,295.9,108.3,GOOD,0.0575,0.6319,0,0,1,Status Spoofing,low,-0.057,0.63,2025-10-07 02:29:23.798912525
1759804163.7997766,RTU1,8,0.957,-0.064,50.71,238.0,160.3,GOOD,0.043,0.7104,1,0,1,Status Spoofing,low,-0.043,0.71,2025-10-07 02:29:23.799776554
1759804163.7871213,RTU3,10,1.002,0.052,51.47,373.2,149.2,SUSPECT,0.0022,1.4686,1,0,1,Frequency Attack,high,0.0,1.47,2025-10-07 02:29:23.787121296
1759804163.7865815,RTU2,7,0.984,0.063,46.87,-90.6,-168.3,GOOD,0.0164,3.1322,1,0,1,Frequency Attack,high,0.0,-3.13,2025-10-07 02:29:23.786581516
1759804163.7819355,RTU3,3,1.259,-0.012,50.09,-386.6,-186.4,GOOD,0.2588,0.0879,0,1,1,Voltage Attack,high,0.259,0.0,2025-10-07 02:29:23.781935453
1759804163.781973,RTU3,10,0.913,-0.098,50.15,-193.9,-7.8,SUSPECT,0.0875,0.1465,0,1,1,Voltage Attack,high,-0.087,0.0,2025-10-07 02:29:23.781972885
1759804163.8040164,RTU1,6,1.053,-0.128,50.56,475.6,-18.7,INVALID,0.0528,0.5578,0,0,1,Measurement Noise,medium,0.053,0.56,2025-10-07 02:29:23.804016352
1759804163.7875152,RTU4,6,0.999,0.054,51.34,278.6,76.5,SUSPECT,0.001,1.3408,1,0,1,Frequency Attack,low,0.0,1.34,2025-10-07 02:29:23.787515163
1759804163.783232,RTU1,1,1.101,-0.036,49.95,-320.8,-172.5,GOOD,0.1009,0.0469,0,1,1,Voltage Attack,low,0.101,0.0,2025-10-07 02:29:23.783231974
1759804163.7878218,RTU1,4,1.024,0.1,52.41,-248.9,-62.2,GOOD,0.0239,2.4096,1,0,1,Frequency Attack,high,0.0,2.41,2025-10-07 02:29:23.787821770
1759804163.7921808,RTU1,5,1.161,0.058,47.91,-81.7,-46.7,GOOD,0.161,2.0931,0,0,1,Combined Attack,medium,0.161,-2.09,2025-10-07 02:29:23.792180777
1759804163.7950926,RTU2,5,0.759,0.075,49.5,130.7,53.4,GOOD,0.2406,0.5033,0,0,1,Combined Attack,medium,-0.241,-0.5,2025-10-07 02:29:23.795092583
1759804163.7761781,RTU2,8,1.0,0.026,49.9,-109.0,-184.0,GOOD,0.0,0.1033,1,1,0,None,none,,,2025-10-07 02:29:23.776178122
1759804163.804781,RTU4,4,0.995,-0.081,49.73,-381.1,-190.5,GOOD,0.0047,0.2742,1,1,1,Measurement Noise,low,-0.005,-0.27,2025-10-07 02:29:23.804780960
1759804163.7839282,RTU4,8,0.794,-0.07,50.08,-390.5,-66.5,GOOD,0.2063,0.0787,0,1,1,Voltage Attack,high,-0.206,0.0,2025-10-07 02:29:23.783928156
1759804163.7809646,RTU4,10,0.886,0.031,50.02,376.2,12.5,GOOD,0.1136,0.0164,0,1,1,Voltage Attack,high,-0.114,0.0,2025-10-07 02:29:23.780964613
1759804163.796625,RTU3,1,0.737,0.093,48.23,168.6,57.3,GOOD,0.263,1.7651,0,0,1,Combined Attack,medium,-0.263,-1.77,2025-10-07 02:29:23.796624899
1759804163.7826695,RTU1,8,0.918,-0.082,49.91,346.6,70.9,GOOD,0.0817,0.0874,0,1,1,Voltage Attack,low,-0.082,0.0,2025-10-07 02:29:23.782669544
1759804163.8045673,RTU1,2,1.012,-0.025,49.0,-259.3,30.9,GOOD,0.0124,1.0011,1,0,1,Measurement Noise,high,0.012,-1.0,2025-10-07 02:29:23.804567337
1759804163.800618,RTU3,8,0.935,0.085,49.55,344.1,83.1,GOOD,0.0652,0.4471,0,1,1,Status Spoofing,medium,-0.065,-0.45,2025-10-07 02:29:23.800617933
1759804163.7960167,RTU4,6,0.878,0.092,51.04,-349.6,-157.7,SUSPECT,0.122,1.038,0,0,1,Combined Attack,medium,-0.122,1.04,2025-10-07 02:29:23.796016693
1759804163.7802343,RTU3,7,0.824,-0.067,49.78,396.7,187.9,SUSPECT,0.1755,0.2196,0,1,1,Voltage Attack,high,-0.176,0.0,2025-10-07 02:29:23.780234337
1759804163.7978847,RTU4,3,0.909,0.029,50.61,-332.6,-12.8,GOOD,0.091,0.6064,0,0,1,Status Spoofing,medium,-0.091,0.61,2025-10-07 02:29:23.797884703
1759804163.7937615,RTU2,5,1.227,0.049,52.24,-373.7,-160.2,GOOD,0.2266,2.2422,0,0,1,Combined Attack,high,0.227,2.24,2025-10-07 02:29:23.793761492
1759804163.7753952,RTU1,2,1.008,-0.086,49.98,-312.6,-53.4,GOOD,0.008,0.0228,1,1,0,None,none,,,2025-10-07 02:29:23.775395155
1759804163.790165,RTU1,5,0.888,0.078,51.23,-90.7,-35.9,SUSPECT,0.1121,1.2251,0,0,1,Combined Attack,low,-0.112,1.23,2025-10-07 02:29:23.790164948
1759804163.7889645,RTU4,4,1.027,-0.064,51.73,309.0,76.4,SUSPECT,0.0266,1.728,1,0,1,Frequency Attack,high,0.0,1.73,2025-10-07 02:29:23.788964510
1759804163.803848,RTU2,4,1.029,0.033,50.17,242.1,211.8,INVALID,0.0289,0.1681,1,1,1,Measurement Noise,medium,0.029,0.17,2025-10-07 02:29:23.803848028
1759804163.8009734,RTU4,5,1.077,-0.076,49.5,226.5,143.6,GOOD,0.0772,0.5044,0,0,1,Status Spoofing,medium,0.077,-0.5,2025-10-07 02:29:23.800973415
1759804163.7800996,RTU2,7,1.138,-0.02,49.9,287.7,74.1,INVALID,0.1382,0.1006,0,1,1,Voltage Attack,high,0.138,0.0,2025-10-07 02:29:23.780099630
1759804163.79895,RTU4,6,0.942,-0.011,50.65,88.5,186.7,GOOD,0.0581,0.6526,0,0,1,Status Spoofing,medium,-0.058,0.65,2025-10-07 02:29:23.798949957
1759804163.7982874,RTU4,1,1.074,0.04,48.78,95.7,121.0,GOOD,0.0741,1.2164,0,0,1,Status Spoofing,high,0.074,-1.22,2025-10-07 02:29:23.798287392
1759804163.7852917,RTU2,6,1.028,-0.046,47.44,262.0,47.1,GOOD,0.028,2.5579,1,0,1,Frequency Attack,medium,0.0,-2.56,2025-10-07 02:29:23.785291672
1759804163.7968926,RTU1,6,0.942,-0.01,49.34,292.8,185.4,GOOD,0.0582,0.6552,0,0,1,Status Spoofing,low,-0.058,-0.66,2025-10-07 02:29:23.796892643
1759804163.783095,RTU1,2,1.132,0.042,49.87,389.2,79.6,GOOD,0.1324,0.1275,0,1,1,Voltage Attack,low,0.132,0.0,2025-10-07 02:29:23.783094883
1759804163.7749212,RTU2,4,0.989,0.009,50.03,-112.2,-190.5,GOOD,0.0105,0.0266,1,1,0,None,none,,,2025-10-07 02:29:23.774921179
1759804163.7923603,RTU2,1,1.062,-0.06,49.07,-248.0,-152.7,GOOD,0.0619,0.9279,0,0,1,Combined Attack,low,0.062,-0.93,2025-10-07 02:29:23.792360306
1759804163.7912607,RTU2,2,0.872,0.08,50.89,388.0,156.3,GOOD,0.1279,0.8863,0,0,1,Combined Attack,low,-0.128,0.89,2025-10-07 02:29:23.791260719
1759804163.7862887,RTU4,9,1.016,0.097,51.04,-292.6,-154.9,GOOD,0.0163,1.0364,1,0,1,Frequency Attack,low,0.0,1.04,2025-10-07 02:29:23.786288738
1759804163.8009174,RTU3,6,0.957,0.079,51.3,-89.9,-92.0,GOOD,0.0428,1.2997,1,0,1,Status Spoofing,high,-0.043,1.3,2025-10-07 02:29:23.800917387
1759804163.8009648,RTU1,6,0.918,-0.042,50.88,-71.0,-173.7,GOOD,0.082,0.8832,0,0,1,Status Spoofing,medium,-0.082,0.88,2025-10-07 02:29:23.800964832
1759804163.7941778,RTU3,4,0.897,-0.093,52.05,404.1,187.6,INVALID,0.1032,2.0528,0,0,1,Combined Attack,medium,-0.103,2.05,2025-10-07 02:29:23.794177771
1759804163.802741,RTU1,8,0.954,-0.008,49.85,459.3,140.4,GOOD,0.0458,0.1503,1,1,1,Measurement Noise,medium,-0.046,-0.15,2025-10-07 02:29:23.802741051
1759804163.7849092,RTU1,9,0.995,-0.083,48.17,119.7,38.9,SUSPECT,0.0054,1.8267,1,0,1,Frequency Attack,high,0.0,-1.83,2025-10-07 02:29:23.784909248
1759804163.7820883,RTU1,5,0.854,0.071,49.98,-305.2,-168.5,GOOD,0.1463,0.021,0,1,1,Voltage Attack,low,-0.146,0.0,2025-10-07 02:29:23.782088280
1759804163.8029375,RTU4,2,0.966,-0.11,49.76,-199.1,-146.7,INVALID,0.0337,0.239,1,1,1,Measurement Noise,medium,-0.034,-0.24,2025-10-07 02:29:23.802937508
1759804163.8057904,RTU2,5,1.0,0.144,49.86,366.1,226.4,GOOD,0.0,0.1386,1,1,1,Measurement Noise,low,-0.0,-0.14,2025-10-07 02:29:23.805790424
1759804163.7804234,RTU1,5,0.776,-0.062,49.85,234.3,2.3,SUSPECT,0.2238,0.1548,0,1,1,Voltage Attack,high,-0.224,0.0,2025-10-07 02:29:23.780423403
1759804163.7799828,RTU3,7,1.069,0.049,50.01,477.4,94.7,GOOD,0.0685,0.0066,0,1,1,Voltage Attack,low,0.069,0.0,2025-10-07 02:29:23.779982805
1759804163.784533,RTU1,4,0.826,0.088,50.0,-244.2,-136.1,SUSPECT,0.1737,0.0024,0,1,1,Voltage Attack,medium,-0.174,0.0,2025-10-07 02:29:23.784533024
1759804163.7797544,RTU2,1,0.772,-0.012,49.85,-355.0,-12.1,GOOD,0.2285,0.1494,0,1,1,Voltage Attack,high,-0.228,0.0,2025-10-07 02:29:23.779754400
1759804163.7883973,RTU1,9,1.014,-0.097,50.7,317.3,18.9,SUSPECT,0.0141,0.7044,1,0,1,Frequency Attack,medium,0.0,0.7,2025-10-07 02:29:23.788397312
1759804163.7836723,RTU3,7,0.718,-0.084,50.03,227.9,191.5,SUSPECT,0.2822,0.0319,0,1,1,Voltage Attack,high,-0.282,0.0,2025-10-07 02:29:23.783672333
1759804163.78776,RTU2,1,0.999,0.058,51.96,485.0,150.2,GOOD,0.0006,1.9599,1,0,1,Frequency Attack,low,0.0,1.96,2025-10-07 02:29:23.787760019
1759804163.8006103,RTU3,8,0.914,0.032,49.37,348.0,107.5,GOOD,0.0865,0.6332,0,0,1,Status Spoofing,high,-0.086,-0.63,2025-10-07 02:29:23.800610304
1759804163.786813,RTU1,3,0.994,0.032,50.68,-233.5,-19.2,SUSPECT,0.0058,0.6768,1,0,1,Frequency Attack,medium,0.0,0.68,2025-10-07 02:29:23.786813021
1759804163.7963064,RTU4,1,0.925,-0.02,52.22,-150.9,-169.7,GOOD,0.0751,2.2222,0,0,1,Combined Attack,medium,-0.075,2.22,2025-10-07 02:29:23.796306372
1759804163.8042836,RTU1,3,0.961,0.024,50.2,-173.0,-179.2,GOOD,0.0394,0.1998,1,1,1,Measurement Noise,low,-0.039,0.2,2025-10-07 02:29:23.804283619
1759804163.8008678,RTU4,9,1.056,0.045,49.43,286.4,61.6,GOOD,0.0556,0.5671,0,0,1,Status Spoofing,low,0.056,-0.57,2025-10-07 02:29:23.800867796
1759804163.7885792,RTU2,4,1.0,-0.008,49.14,240.9,53.5,GOOD,0.0001,0.862,1,0,1,Frequency Attack,medium,0.0,-0.86,2025-10-07 02:29:23.788579226
1759804163.7975078,RTU1,9,1.062,-0.078,51.28,303.3,13.5,GOOD,0.0621,1.2765,0,0,1,Status Spoofing,high,0.062,1.28,2025-10-07 02:29:23.797507763
1759804163.7925327,RTU2,2,1.286,0.087,50.86,-146.6,-147.7,GOOD,0.286,0.858,0,0,1,Combined Attack,high,0.286,0.86,2025-10-07 02:29:23.792532682
1759804163.799281,RTU2,9,0.944,-0.005,50.42,60.3,24.0,GOOD,0.0565,0.4163,0,1,1,Status Spoofing,low,-0.056,0.42,2025-10-07 02:29:23.799280882
1759804163.8067596,RTU2,9,1.012,-0.018,50.12,-332.7,44.9,GOOD,0.0125,0.1162,1,1,1,Measurement Noise,low,0.012,0.12,2025-10-07 02:29:23.806759596
1759804163.7814999,RTU3,1,0.798,0.07,49.94,254.0,2.6,GOOD,0.2022,0.0636,0,1,1,Voltage Attack,low,-0.202,0.0,2025-10-07 02:29:23.781499863
1759804163.7743027,RTU4,1,0.994,-0.065,50.04,286.0,133.1,GOOD,0.0061,0.0403,1,1,0,None,none,,,2025-10-07 02:29:23.774302721
1759804163.7860546,RTU1,5,1.0,0.089,53.27,-186.1,-77.9,SUSPECT,0.0002,3.2734,1,0,1,Frequency Attack,high,0.0,3.27,2025-10-07 02:29:23.786054611
1759804163.7839777,RTU3,6,1.134,-0.092,49.95,210.4,45.2,INVALID,0.134,0.0492,0,1,1,Voltage Attack,medium,0.134,0.0,2025-10-07 02:29:23.783977747
1759804163.8007376,RTU1,2,1.051,0.096,50.46,-61.8,-158.9,GOOD,0.0513,0.4624,0,1,1,Status Spoofing,low,0.051,0.46,2025-10-07 02:29:23.800737619
1759804163.7885346,RTU4,4,1.007,0.054,49.0,-143.6,-163.2,INVALID,0.0074,1.0042,1,0,1,Frequency Attack,high,0.0,-1.0,2025-10-07 02:29:23.788534641
1759804163.8006597,RTU2,3,1.1,-0.092,50.84,258.5,61.3,GOOD,0.0996,0.8414,0,0,1,Status Spoofing,high,0.1,0.84,2025-10-07 02:29:23.800659657
1759804163.79616,RTU1,2,0.825,-0.1,48.59,58.8,147.9,GOOD,0.1747,1.41,0,0,1,Combined Attack,low,-0.175,-1.41,2025-10-07 02:29:23.796159983
1759804163.8064191,RTU4,8,0.988,0.088,50.22,-283.4,-86.6,GOOD,0.0117,0.2161,1,1,1,Measurement Noise,low,-0.012,0.22,2025-10-07 02:29:23.806419134
1759804163.8009257,RTU4,5,1.078,0.097,50.44,462.3,38.3,GOOD,0.0776,0.4378,0,1,1,Status Spoofing,low,0.078,0.44,2025-10-07 02:29:23.800925732
1759804163.7805572,RTU1,8,0.747,-0.007,49.78,250.3,63.9,SUSPECT,0.2533,0.215,0,1,1,Voltage Attack,high,-0.253,0.0,2025-10-07 02:29:23.780557156
1759804163.8003457,RTU4,3,0.929,0.071,50.58,-289.5,-95.8,GOOD,0.0706,0.5818,0,0,1,Status Spoofing,low,-0.071,0.58,2025-10-07 02:29:23.800345659
1759804163.7838204,RTU4,10,1.258,-0.016,49.97,-249.8,-3.6,GOOD,0.2577,0.0282,0,1,1,Voltage Attack,medium,0.258,0.0,2025-10-07 02:29:23.783820391
1759804163.7759826,RTU2,10,0.985,0.045,50.05,416.7,13.7,GOOD,0.015,0.0522,1,1,0,None,none,,,2025-10-07 02:29:23.775982618
1759804163.7904737,RTU4,10,0.9,-0.024,51.09,-387.1,-126.3,INVALID,0.1002,1.094,0,0,1,Combined Attack,low,-0.1,1.09,2025-10-07 02:29:23.790473700
1759804163.7890897,RTU1,10,1.008,-0.072,48.19,127.5,167.0,INVALID,0.0081,1.8084,1,0,1,Frequency Attack,medium,0.0,-1.81,2025-10-07 02:29:23.789089680
1759804163.794768,RTU3,8,1.103,-0.077,52.68,178.4,69.6,INVALID,0.103,2.6829,0,0,1,Combined Attack,high,0.103,2.68,2025-10-07 02:29:23.794768095
1759804163.803359,RTU1,2,1.043,0.078,49.0,-101.1,-102.9,GOOD,0.0429,1.0039,1,0,1,Measurement Noise,high,0.043,-1.0,2025-10-07 02:29:23.803359032
1759804163.7974608,RTU4,10,0.953,-0.055,49.44,466.6,135.3,GOOD,0.0469,0.5586,1,0,1,Status Spoofing,medium,-0.047,-0.56,2025-10-07 02:29:23.797460794
1759804163.7935526,RTU4,7,0.843,0.087,52.21,-337.2,-94.2,INVALID,0.1566,2.2088,0,0,1,Combined Attack,medium,-0.157,2.21,2025-10-07 02:29:23.793552637
1759804163.7807395,RTU4,4,0.881,0.05,49.94,235.7,103.9,SUSPECT,0.1193,0.0641,0,1,1,Voltage Attack,high,-0.119,0.0,2025-10-07 02:29:23.780739546
1759804163.7881746,RTU4,8,0.996,-0.024,51.49,306.8,40.9,GOOD,0.0041,1.4909,1,0,1,Frequency Attack,high,0.0,1.49,2025-10-07 02:29:23.788174629
1759804163.780497,RTU4,1,1.166,0.007,50.03,-223.6,-140.2,SUSPECT,0.166,0.0251,0,1,1,Voltage Attack,high,0.166,0.0,2025-10-07 02:29:23.780497074
1759804163.7831185,RTU1,2,0.911,-0.086,50.07,129.6,97.1,INVALID,0.0893,0.0744,0,1,1,Voltage Attack,low,-0.089,0.0,2025-10-07 02:29:23.783118486
1759804163.7990835,RTU2,8,1.079,0.098,49.43,-56.1,-14.9,GOOD,0.079,0.574,0,0,1,Status Spoofing,low,0.079,-0.57,2025-10-07 02:29:23.799083471
1759804163.8057146,RTU2,9,1.02,0.087,50.24,505.9,198.2,GOOD,0.0204,0.2353,1,1,1,Measurement Noise,low,0.02,0.24,2025-10-07 02:29:23.805714607
1759804163.7989252,RTU3,5,0.886,-0.055,51.28,-70.3,-28.9,GOOD,0.1145,1.2848,0,0,1,Status Spoofing,high,-0.114,1.28,2025-10-07 02:29:23.798925161
1759804163.8019168,RTU2,3,1.036,0.06,49.9,536.0,140.1,SUSPECT,0.0359,0.1018,1,1,1,Measurement Noise,low,0.036,-0.1,2025-10-07 02:29:23.801916838
1759804163.797858,RTU2,10,1.063,-0.013,50.86,-78.1,-139.2,GOOD,0.0631,0.8604,0,0,1,Status Spoofing,medium,0.063,0.86,2025-10-07 02:29:23.797858000
1759804163.7818253,RTU3,9,1.312,-0.017,49.86,-137.2,-154.7,INVALID,0.3119,0.1431,0,1,1,Voltage Attack,high,0.312,0.0,2025-10-07 02:29:23.781825304
1759804163.7991943,RTU1,5,0.949,-0.045,50.43,-295.2,-159.8,GOOD,0.0514,0.4329,0,1,1,Status Spoofing,low,-0.051,0.43,2025-10-07 02:29:23.799194336
1759804163.784114,RTU4,10,0.869,-0.074,49.96,439.0,100.9,SUSPECT,0.1306,0.0389,0,1,1,Voltage Attack,medium,-0.131,0.0,2025-10-07 02:29:23.784113884
1759804163.787097,RTU4,9,0.997,-0.003,48.78,-256.0,-91.2,GOOD,0.0028,1.2163,1,0,1,Frequency Attack,low,0.0,-1.22,2025-10-07 02:29:23.787096977
1759804163.7891514,RTU4,8,0.997,-0.01,48.6,61.6,196.8,INVALID,0.0034,1.4009,1,0,1,Frequency Attack,low,0.0,-1.4,2025-10-07 02:29:23.789151430
1759804163.7831721,RTU2,1,1.091,0.082,49.94,-105.8,-18.4,GOOD,0.0912,0.0571,0,1,1,Voltage Attack,medium,0.091,0.0,2025-10-07 02:29:23.783172131
1759804163.7985554,RTU4,2,0.903,-0.078,49.02,259.1,145.0,GOOD,0.0973,0.9802,0,0,1,Status Spoofing,medium,-0.097,-0.98,2025-10-07 02:29:23.798555374
1759804163.783871,RTU3,3,1.15,-0.041,49.97,-145.6,-57.4,GOOD,0.1504,0.0262,0,1,1,Voltage Attack,medium,0.15,0.0,2025-10-07 02:29:23.783870935
1759804163.798709,RTU4,2,0.881,-0.067,50.65,240.8,68.2,GOOD,0.1192,0.648,0,0,1,Status Spoofing,high,-0.119,0.65,2025-10-07 02:29:23.798708916
1759804163.7822473,RTU2,8,0.817,0.004,49.98,-290.8,-83.9,GOOD,0.1831,0.0221,0,1,1,Voltage Attack,low,-0.183,0.0,2025-10-07 02:29:23.782247305
1759804163.8005455,RTU4,3,0.953,0.1,48.82,-386.3,-80.6,GOOD,0.0465,1.1754,1,0,1,Status Spoofing,high,-0.047,-1.18,2025-10-07 02:29:23.800545454
1759804163.7970943,RTU2,8,1.071,0.028,50.64,122.4,115.4,GOOD,0.0712,0.64,0,0,1,Status Spoofing,medium,0.071,0.64,2025-10-07 02:29:23.797094345
1759804163.802449,RTU3,9,0.978,-0.122,49.53,138.9,192.2,INVALID,0.0223,0.4727,1,1,1,Measurement Noise,low,-0.022,-0.47,2025-10-07 02:29:23.802448988
1759804163.8009095,RTU3,6,0.933,0.004,49.45,53.4,156.5,GOOD,0.0667,0.546,0,0,1,Status Spoofing,medium,-0.067,-0.55,2025-10-07 02:29:23.800909519
1759804163.8015106,RTU3,2,0.96,-0.12,50.2,443.5,121.7,GOOD,0.0397,0.2005,1,1,1,Measurement Noise,high,-0.04,0.2,2025-10-07 02:29:23.801510572
1759804163.7934995,RTU1,3,1.184,-0.079,49.06,-268.6,-50.0,INVALID,0.1838,0.9424,0,0,1,Combined Attack,low,0.184,-0.94,2025-10-07 02:29:23.793499470
1759804163.7817755,RTU3,3,1.142,0.032,50.07,-275.7,-38.9,GOOD,0.1421,0.0693,0,1,1,Voltage Attack,medium,0.142,0.0,2025-10-07 02:29:23.781775475
1759804163.8051617,RTU1,7,0.953,0.041,50.77,-199.9,-195.3,INVALID,0.0474,0.7687,1,0,1,Measurement Noise,medium,-0.047,0.77,2025-10-07 02:29:23.805161715
1759804163.8035312,RTU4,8,0.994,0.139,49.61,-214.6,-73.2,GOOD,0.0064,0.3868,1,1,1,Measurement Noise,low,-0.006,-0.39,2025-10-07 02:29:23.803531170
1759804163.8015885,RTU1,9,1.066,-0.069,49.58,220.3,108.4,SUSPECT,0.0659,0.4241,0,1,1,Measurement Noise,medium,0.066,-0.42,2025-10-07 02:29:23.801588535
1759804163.796175,RTU4,1,1.262,-0.071,50.98,-279.8,-30.8,GOOD,0.2622,0.9833,0,0,1,Combined Attack,medium,0.262,0.98,2025-10-07 02:29:23.796175003
1759804163.7925713,RTU2,3,1.083,-0.015,50.83,205.8,8.9,INVALID,0.0827,0.8251,0,0,1,Combined Attack,low,0.083,0.83,2025-10-07 02:29:23.792571306
1759804163.7873404,RTU2,4,0.99,-0.075,48.68,-356.5,-175.2,GOOD,0.0103,1.315,1,0,1,Frequency Attack,low,0.0,-1.32,2025-10-07 02:29:23.787340403
1759804163.8015301,RTU2,10,0.966,-0.015,49.25,534.5,-41.7,GOOD,0.034,0.7515,1,0,1,Measurement Noise,high,-0.034,-0.75,2025-10-07 02:29:23.801530123
1759804163.7965817,RTU2,9,0.824,-0.018,48.01,-117.2,-4.3,SUSPECT,0.1756,1.9949,0,0,1,Combined Attack,high,-0.176,-1.99,2025-10-07 02:29:23.796581745
1759804163.7939575,RTU2,6,1.152,-0.005,51.49,146.6,194.6,INVALID,0.1523,1.4922,0,0,1,Combined Attack,medium,0.152,1.49,2025-10-07 02:29:23.793957472
1759804163.802589,RTU1,6,1.02,0.13,50.04,246.2,35.0,GOOD,0.0197,0.0403,1,1,1,Measurement Noise,low,0.02,0.04,2025-10-07 02:29:23.802588940
1759804163.7758398,RTU2,9,1.008,0.089,50.03,-367.9,-44.9,GOOD,0.0084,0.028,1,1,0,None,none,,,2025-10-07 02:29:23.775839806
1759804163.8066397,RTU1,3,0.994,0.148,50.37,137.1,216.1,INVALID,0.0059,0.3738,1,1,1,Measurement Noise,medium,-0.006,0.37,2025-10-07 02:29:23.806639671
1759804163.7848797,RTU3,2,0.996,0.094,50.59,-223.3,-2.7,GOOD,0.0041,0.5865,1,0,1,Frequency Attack,medium,0.0,0.59,2025-10-07 02:29:23.784879684
1759804163.7989743,RTU4,10,1.051,-0.062,50.45,193.5,147.5,GOOD,0.0513,0.4549,0,1,1,Status Spoofing,low,0.051,0.45,2025-10-07 02:29:23.798974276
1759804163.7917497,RTU3,10,1.065,-0.079,51.1,-61.6,-187.3,SUSPECT,0.065,1.1023,0,0,1,Combined Attack,low,0.065,1.1,2025-10-07 02:29:23.791749716
1759804163.7908573,RTU2,2,0.78,0.044,50.63,485.1,133.4,GOOD,0.2197,0.6319,0,0,1,Combined Attack,high,-0.22,0.63,2025-10-07 02:29:23.790857315
1759804163.7830324,RTU4,2,0.736,0.051,50.07,193.0,152.8,GOOD,0.2636,0.0706,0,1,1,Voltage Attack,medium,-0.264,0.0,2025-10-07 02:29:23.783032417
1759804163.7991843,RTU2,4,0.912,0.07,50.7,-388.5,-52.4,GOOD,0.0879,0.7021,0,0,1,Status Spoofing,medium,-0.088,0.7,2025-10-07 02:29:23.799184322
1759804163.7925196,RTU2,6,1.17,-0.039,47.68,-352.8,-199.4,SUSPECT,0.1704,2.3155,0,0,1,Combined Attack,medium,0.17,-2.32,2025-10-07 02:29:23.792519569
1759804163.799351,RTU3,10,0.887,-0.07,51.1,182.0,193.4,GOOD,0.1132,1.1032,0,0,1,Status Spoofing,high,-0.113,1.1,2025-10-07 02:29:23.799350977
1759804163.7962477,RTU2,8,1.103,-0.059,52.99,167.3,8.2,GOOD,0.103,2.9869,0,0,1,Combined Attack,high,0.103,2.99,2025-10-07 02:29:23.796247721
1759804163.7971027,RTU3,4,0.949,0.036,50.44,225.7,6.5,GOOD,0.0506,0.4399,0,1,1,Status Spoofing,low,-0.051,0.44,2025-10-07 02:29:23.797102690
1759804163.7758174,RTU2,8,0.986,0.051,49.97,448.1,199.4,GOOD,0.0143,0.0327,1,1,0,None,none,,,2025-10-07 02:29:23.775817394
1759804163.7762337,RTU2,7,0.995,0.099,49.9,459.8,96.0,GOOD,0.0052,0.0997,1,1,0,None,none,,,2025-10-07 02:29:23.776233673
1759804163.804864,RTU2,5,0.937,0.112,49.7,-187.5,-15.5,GOOD,0.0629,0.2986,0,1,1,Measurement Noise,medium,-0.063,-0.3,2025-10-07 02:29:23.804863930
1759804163.7920465,RTU3,3,1.283,-0.021,51.15,432.6,11.7,INVALID,0.2831,1.1466,0,0,1,Combined Attack,high,0.283,1.15,2025-10-07 02:29:23.792046547
1759804163.7863433,RTU3,3,0.997,-0.1,48.4,195.3,188.4,GOOD,0.0029,1.5962,1,0,1,Frequency Attack,medium,0.0,-1.6,2025-10-07 02:29:23.786343336
1759804163.8030012,RTU4,10,0.978,-0.148,49.9,-316.1,-23.5,GOOD,0.0218,0.1036,1,1,1,Measurement Noise,low,-0.022,-0.1,2025-10-07 02:29:23.803001165
1759804163.8065948,RTU1,9,1.069,0.127,50.26,67.6,-32.8,SUSPECT,0.0689,0.2648,0,1,1,Measurement Noise,high,0.069,0.26,2025-10-07 02:29:23.806594849
1759804163.7997184,RTU1,1,1.084,0.092,51.28,123.2,38.1,GOOD,0.0844,1.2805,0,0,1,Status Spoofing,high,0.084,1.28,2025-10-07 02:29:23.799718380
1759804163.7858424,RTU1,7,0.992,0.089,49.01,-268.8,-22.6,SUSPECT,0.0083,0.9912,1,0,1,Frequency Attack,high,0.0,-0.99,2025-10-07 02:29:23.785842419
1759804163.7913532,RTU3,5,0.821,-0.049,51.54,-178.7,-9.5,SUSPECT,0.1793,1.5395,0,0,1,Combined Attack,high,-0.179,1.54,2025-10-07 02:29:23.791353226
1759804163.7814634,RTU1,7,0.795,0.022,50.13,310.2,171.9,SUSPECT,0.2046,0.1335,0,1,1,Voltage Attack,low,-0.205,0.0,2025-10-07 02:29:23.781463385
1759804163.7822838,RTU1,8,1.146,0.089,49.88,122.3,192.4,GOOD,0.1459,0.1183,0,1,1,Voltage Attack,low,0.146,0.0,2025-10-07 02:29:23.782283783
1759804163.7875843,RTU3,3,1.014,-0.096,49.29,-189.6,-151.4,GOOD,0.0139,0.7126,1,0,1,Frequency Attack,medium,0.0,-0.71,2025-10-07 02:29:23.787584305
1759804163.7921395,RTU3,9,0.793,-0.021,51.1,123.4,58.9,SUSPECT,0.2071,1.0996,0,0,1,Combined Attack,low,-0.207,1.1,2025-10-07 02:29:23.792139530
1759804163.798817,RTU2,2,1.045,0.096,50.61,-166.4,-157.2,GOOD,0.0451,0.6136,1,0,1,Status Spoofing,low,0.045,0.61,2025-10-07 02:29:23.798816919
1759804163.789237,RTU2,3,1.01,0.024,48.31,487.1,35.3,GOOD,0.0101,1.6872,1,0,1,Frequency Attack,medium,0.0,-1.69,2025-10-07 02:29:23.789237022
1759804163.7871575,RTU3,3,0.996,-0.071,52.69,-389.5,-8.8,GOOD,0.0042,2.6905,1,0,1,Frequency Attack,high,0.0,2.69,2025-10-07 02:29:23.787157536
1759804163.8036075,RTU4,9,0.976,0.108,50.25,55.2,217.0,GOOD,0.0239,0.2497,1,1,1,Measurement Noise,medium,-0.024,0.25,2025-10-07 02:29:23.803607464
1759804163.7881176,RTU2,3,1.005,-0.034,52.81,351.7,139.7,SUSPECT,0.0047,2.8067,1,0,1,Frequency Attack,high,0.0,2.81,2025-10-07 02:29:23.788117647
1759804163.805957,RTU1,4,1.064,0.01,50.6,248.1,39.9,GOOD,0.0643,0.6015,0,0,1,Measurement Noise,high,0.064,0.6,2025-10-07 02:29:23.805957079
1759804163.7961185,RTU2,3,1.187,-0.005,48.13,461.2,188.5,GOOD,0.1868,1.8707,0,0,1,Combined Attack,low,0.187,-1.87,2025-10-07 02:29:23.796118498
1759804163.797125,RTU1,6,1.074,-0.092,50.63,-355.7,-185.5,GOOD,0.0742,0.6343,0,0,1,Status Spoofing,medium,0.074,0.63,2025-10-07 02:29:23.797125101
1759804163.8036225,RTU1,5,1.013,-0.003,49.81,-71.8,-145.1,GOOD,0.0129,0.1906,1,1,1,Measurement Noise,high,0.013,-0.19,2025-10-07 02:29:23.803622484
1759804163.800714,RTU2,2,0.925,0.013,50.67,390.1,182.6,GOOD,0.075,0.6671,0,0,1,Status Spoofing,medium,-0.075,0.67,2025-10-07 02:29:23.800714016
1759804163.7882142,RTU3,3,1.004,0.075,46.78,-99.6,-32.0,INVALID,0.0044,3.2226,1,0,1,Frequency Attack,high,0.0,-3.22,2025-10-07 02:29:23.788214207
1759804163.7750103,RTU1,5,1.011,-0.077,49.87,260.8,54.4,GOOD,0.0111,0.1344,1,1,0,None,none,,,2025-10-07 02:29:23.775010347
1759804163.7769635,RTU4,2,0.989,-0.026,50.06,-236.1,-134.4,GOOD,0.0112,0.0632,1,1,0,None,none,,,2025-10-07 02:29:23.776963472
1759804163.8042233,RTU2,4,1.048,0.058,50.09,-102.9,-143.2,GOOD,0.0476,0.0867,1,1,1,Measurement Noise,medium,0.048,0.09,2025-10-07 02:29:23.804223299
1759804163.7872908,RTU1,1,1.024,-0.077,51.22,434.7,33.9,SUSPECT,0.0244,1.2163,1,0,1,Frequency Attack,high,0.0,1.22,2025-10-07 02:29:23.787290812
1759804163.7843978,RTU4,2,1.339,-0.016,50.18,482.1,74.9,SUSPECT,0.3394,0.1811,0,1,1,Voltage Attack,high,0.339,0.0,2025-10-07 02:29:23.784397840
1759804163.7987936,RTU2,2,1.092,-0.09,51.21,391.3,192.0,GOOD,0.092,1.2096,0,0,1,Status Spoofing,high,0.092,1.21,2025-10-07 02:29:23.798793554
1759804163.7815328,RTU1,10,1.167,0.062,50.02,349.0,98.0,GOOD,0.1667,0.0206,0,1,1,Voltage Attack,medium,0.167,0.0,2025-10-07 02:29:23.781532764
1759804163.7990592,RTU3,8,0.958,0.042,50.83,-345.3,-89.1,GOOD,0.0425,0.8285,1,0,1,Status Spoofing,medium,-0.042,0.83,2025-10-07 02:29:23.799059153
1759804163.7781243,RTU4,1,1.007,-0.029,49.99,-57.9,-83.7,GOOD,0.0074,0.0065,1,1,0,None,none,,,2025-10-07 02:29:23.778124332
1759804163.799306,RTU2,1,0.876,0.024,51.11,164.2,14.4,GOOD,0.1245,1.1082,0,0,1,Status Spoofing,high,-0.124,1.11,2025-10-07 02:29:23.799305916
1759804163.7853324,RTU2,8,0.99,-0.027,48.53,-184.5,-62.5,GOOD,0.0097,1.4701,1,0,1,Frequency Attack,low,0.0,-1.47,2025-10-07 02:29:23.785332441
1759804163.8030877,RTU4,4,0.978,0.149,50.36,-177.7,-216.2,GOOD,0.0218,0.3599,1,1,1,Measurement Noise,medium,-0.022,0.36,2025-10-07 02:29:23.803087711
1759804163.801488,RTU3,6,0.929,0.045,50.33,60.2,173.2,GOOD,0.0711,0.3287,0,1,1,Measurement Noise,medium,-0.071,0.33,2025-10-07 02:29:23.801487923
1759804163.8003693,RTU1,3,1.082,0.013,49.32,344.4,127.0,GOOD,0.0819,0.6787,0,0,1,Status Spoofing,low,0.082,-0.68,2025-10-07 02:29:23.800369263
1759804163.7893324,RTU3,8,0.988,0.053,51.29,-198.4,-141.5,GOOD,0.0122,1.2893,1,0,1,Frequency Attack,low,0.0,1.29,2025-10-07 02:29:23.789332390
1759804163.7970798,RTU2,2,0.954,-0.09,50.41,426.5,134.8,GOOD,0.0462,0.4064,1,1,1,Status Spoofing,medium,-0.046,0.41,2025-10-07 02:29:23.797079802
1759804163.7741222,RTU1,1,0.999,-0.091,49.94,128.2,29.5,GOOD,0.0009,0.0643,1,1,0,None,none,,,2025-10-07 02:29:23.774122238
1759804163.793722,RTU3,6,1.088,0.096,52.86,-301.3,-178.3,GOOD,0.0879,2.8572,0,0,1,Combined Attack,high,0.088,2.86,2025-10-07 02:29:23.793721914
1759804163.7771735,RTU2,6,1.0,0.038,49.89,282.5,0.6,GOOD,0.0003,0.1138,1,1,0,None,none,,,2025-10-07 02:29:23.777173519
1759804163.77471,RTU3,4,1.0,-0.033,49.96,-257.4,-41.1,GOOD,0.0001,0.0362,1,1,0,None,none,,,2025-10-07 02:29:23.774709940
1759804163.7830825,RTU2,1,1.078,-0.043,50.11,-208.4,-65.6,GOOD,0.0784,0.108,0,1,1,Voltage Attack,medium,0.078,0.0,2025-10-07 02:29:23.783082485
1759804163.79743,RTU2,4,0.879,0.091,49.57,-292.3,-103.4,GOOD,0.1208,0.4338,0,1,1,Status Spoofing,high,-0.121,-0.43,2025-10-07 02:29:23.797430038
1759804163.7754493,RTU4,10,1.008,-0.043,49.84,-52.5,-194.5,GOOD,0.0083,0.1567,1,1,0,None,none,,,2025-10-07 02:29:23.775449276
1759804163.799228,RTU2,8,0.922,-0.035,50.69,-103.1,-190.8,GOOD,0.078,0.6893,0,0,1,Status Spoofing,medium,-0.078,0.69,2025-10-07 02:29:23.799227953
1759804163.7883718,RTU3,2,0.997,-0.012,49.24,494.9,119.9,GOOD,0.0026,0.7635,1,0,1,Frequency Attack,high,0.0,-0.76,2025-10-07 02:29:23.788371801
1759804163.78185,RTU2,10,0.802,0.041,49.95,304.6,79.0,GOOD,0.1983,0.0459,0,1,1,Voltage Attack,low,-0.198,0.0,2025-10-07 02:29:23.781850100
1759804163.8032146,RTU1,5,1.035,0.125,49.88,-43.7,-201.0,GOOD,0.0354,0.1213,1,1,1,Measurement Noise,high,0.035,-0.12,2025-10-07 02:29:23.803214550
1759804163.7859044,RTU2,1,0.995,0.093,48.32,-253.6,-95.8,GOOD,0.005,1.6827,1,0,1,Frequency Attack,low,0.0,-1.68,2025-10-07 02:29:23.785904408
1759804163.799363,RTU2,3,1.099,0.06,49.46,218.6,64.4,GOOD,0.099,0.5403,0,0,1,Status Spoofing,medium,0.099,-0.54,2025-10-07 02:29:23.799362898
1759804163.800761,RTU2,5,0.877,-0.033,49.24,380.1,186.5,GOOD,0.1231,0.7586,0,0,1,Status Spoofing,high,-0.123,-0.76,2025-10-07 02:29:23.800760984
1759804163.803698,RTU4,9,0.858,0.041,50.89,-412.3,-104.4,GOOD,0.142,0.8912,0,0,1,Measurement Noise,high,-0.142,0.89,2025-10-07 02:29:23.803698063
1759804163.7961438,RTU4,5,1.079,-0.027,51.9,-219.4,-101.1,GOOD,0.0792,1.8977,0,0,1,Combined Attack,low,0.079,1.9,2025-10-07 02:29:23.796143770
1759804163.7877102,RTU4,8,0.975,0.062,51.34,408.4,182.2,GOOD,0.0254,1.3402,1,0,1,Frequency Attack,low,0.0,1.34,2025-10-07 02:29:23.787710190
1759804163.7879171,RTU4,9,0.992,-0.059,52.42,461.7,112.8,SUSPECT,0.0075,2.4192,1,0,1,Frequency Attack,medium,0.0,2.42,2025-10-07 02:29:23.787917137
1759804163.7842278,RTU2,8,0.84,0.088,50.06,173.8,35.2,SUSPECT,0.16,0.0602,0,1,1,Voltage Attack,medium,-0.16,0.0,2025-10-07 02:29:23.784227848
1759804163.8009982,RTU2,7,1.074,-0.053,50.51,-339.9,-189.0,GOOD,0.0736,0.5063,0,0,1,Status Spoofing,high,0.074,0.51,2025-10-07 02:29:23.800998211
1759804163.7761674,RTU1,3,1.005,-0.099,49.96,64.3,88.6,GOOD,0.0048,0.039,1,1,0,None,none,,,2025-10-07 02:29:23.776167393
1759804163.8006427,RTU2,2,0.911,0.068,50.47,176.3,117.2,GOOD,0.0886,0.4657,0,1,1,Status Spoofing,high,-0.089,0.47,2025-10-07 02:29:23.800642729
1759804163.7902665,RTU4,1,0.843,-0.021,48.0,321.6,172.7,GOOD,0.1568,2.0043,0,0,1,Combined Attack,medium,-0.157,-2.0,2025-10-07 02:29:23.790266514
1759804163.7742221,RTU2,7,0.982,0.074,50.07,-111.0,-34.2,GOOD,0.0179,0.0717,1,1,0,None,none,,,2025-10-07 02:29:23.774222136
1759804163.7828038,RTU3,9,0.746,-0.058,50.17,-54.0,-84.0,GOOD,0.2542,0.1694,0,1,1,Voltage Attack,high,-0.254,0.0,2025-10-07 02:29:23.782803774
1759804163.7992954,RTU1,3,0.898,-0.082,50.9,386.1,136.7,GOOD,0.1018,0.9011,0,0,1,Status Spoofing,high,-0.102,0.9,2025-10-07 02:29:23.799295425
1759804163.7828693,RTU2,10,1.275,0.095,49.87,436.0,9.3,SUSPECT,0.2747,0.1264,0,1,1,Voltage Attack,medium,0.275,0.0,2025-10-07 02:29:23.782869339
1759804163.7938578,RTU3,8,1.07,0.016,52.76,-376.6,-84.6,GOOD,0.0703,2.758,0,0,1,Combined Attack,high,0.07,2.76,2025-10-07 02:29:23.793857813
1759804163.7756004,RTU4,9,1.009,0.086,49.87,171.3,45.3,GOOD,0.0094,0.1334,1,1,0,None,none,,,2025-10-07 02:29:23.775600433
1759804163.794423,RTU4,3,0.817,0.045,48.49,-166.0,-146.3,GOOD,0.1829,1.5066,0,0,1,Combined Attack,high,-0.183,-1.51,2025-10-07 02:29:23.794423103
1759804163.7876983,RTU1,5,1.008,-0.045,48.39,-137.4,-47.1,SUSPECT,0.0084,1.6139,1,0,1,Frequency Attack,medium,0.0,-1.61,2025-10-07 02:29:23.787698269
1759804163.7745845,RTU3,10,1.001,0.06,49.85,494.9,51.9,GOOD,0.0012,0.146,1,1,0,None,none,,,2025-10-07 02:29:23.774584532
1759804163.8002555,RTU4,1,1.05,-0.01,50.76,289.5,196.7,GOOD,0.0496,0.7645,1,0,1,Status Spoofing,high,0.05,0.76,2025-10-07 02:29:23.800255537
1759804163.7825575,RTU4,7,1.241,0.059,50.07,351.9,176.7,GOOD,0.2415,0.068,0,1,1,Voltage Attack,medium,0.241,0.0,2025-10-07 02:29:23.782557487
1759804163.7876484,RTU2,10,1.008,0.087,48.0,242.2,5.4,GOOD,0.0085,1.996,1,0,1,Frequency Attack,high,0.0,-2.0,2025-10-07 02:29:23.787648439
1759804163.7767599,RTU2,4,0.995,-0.02,50.03,75.3,81.7,GOOD,0.005,0.0345,1,1,0,None,none,,,2025-10-07 02:29:23.776759863
1759804163.7844472,RTU4,2,0.885,-0.035,50.15,-156.1,-30.8,GOOD,0.115,0.1527,0,1,1,Voltage Attack,low,-0.115,0.0,2025-10-07 02:29:23.784447193
1759804163.7745955,RTU3,8,0.999,0.05,50.0,240.4,51.9,GOOD,0.0011,0.004,1,1,0,None,none,,,2025-10-07 02:29:23.774595499
1759804163.7812016,RTU4,4,1.21,0.057,50.06,134.2,179.7,INVALID,0.2099,0.0591,0,1,1,Voltage Attack,low,0.21,0.0,2025-10-07 02:29:23.781201601
1759804163.775065,RTU1,8,1.005,-0.036,50.14,275.4,175.4,GOOD,0.0055,0.1429,1,1,0,None,none,,,2025-10-07 02:29:23.775064945
1759804163.7831435,RTU1,8,0.758,0.083,50.09,245.3,23.8,GOOD,0.2419,0.0861,0,1,1,Voltage Attack,medium,-0.242,0.0,2025-10-07 02:29:23.783143520
1759804163.801791,RTU4,5,1.017,0.033,50.48,460.0,126.2,GOOD,0.0166,0.4825,1,1,1,Measurement Noise,high,0.017,0.48,2025-10-07 02:29:23.801790953
1759804163.8005037,RTU2,2,0.96,0.029,50.48,348.0,47.7,GOOD,0.0403,0.4792,1,1,1,Status Spoofing,low,-0.04,0.48,2025-10-07 02:29:23.800503731
1759804163.7941952,RTU3,3,0.897,0.051,51.18,56.4,5.2,INVALID,0.1025,1.1842,0,0,1,Combined Attack,high,-0.103,1.18,2025-10-07 02:29:23.794195175
1759804163.7973409,RTU3,3,1.075,-0.012,50.92,-119.5,-6.4,GOOD,0.0748,0.9248,0,0,1,Status Spoofing,medium,0.075,0.92,2025-10-07 02:29:23.797340870
1759804163.7884347,RTU3,6,1.014,0.055,53.13,-241.9,-10.1,GOOD,0.0138,3.1262,1,0,1,Frequency Attack,high,0.0,3.13,2025-10-07 02:29:23.788434744
1759804163.7929707,RTU2,7,0.855,-0.076,48.1,-373.9,-186.4,SUSPECT,0.1448,1.8955,0,0,1,Combined Attack,medium,-0.145,-1.9,2025-10-07 02:29:23.792970657
1759804163.783259,RTU2,7,1.293,-0.03,49.97,64.4,128.2,SUSPECT,0.2931,0.0338,0,1,1,Voltage Attack,high,0.293,0.0,2025-10-07 02:29:23.783258915
1759804163.7744238,RTU3,9,1.003,-0.028,50.08,271.6,171.0,GOOD,0.0034,0.0781,1,1,0,None,none,,,2025-10-07 02:29:23.774423838
1759804163.7787018,RTU1,1,1.003,0.012,50.0,-343.6,-140.7,INVALID,0.0034,0.0006,1,1,0,None,none,,,2025-10-07 02:29:23.778701782
1759804163.8044527,RTU1,7,1.02,0.017,50.09,-283.6,-111.2,GOOD,0.0204,0.0906,1,1,1,Measurement Noise,high,0.02,0.09,2025-10-07 02:29:23.804452658
1759804163.8029683,RTU2,1,1.021,0.008,49.87,462.3,36.9,GOOD,0.0213,0.1261,1,1,1,Measurement Noise,low,0.021,-0.13,2025-10-07 02:29:23.802968264
1759804163.7814136,RTU3,10,0.798,0.093,50.01,449.5,7.1,SUSPECT,0.202,0.0053,0,1,1,Voltage Attack,high,-0.202,0.0,2025-10-07 02:29:23.781413555
1759804163.7986903,RTU2,4,0.956,0.074,50.59,301.0,40.5,GOOD,0.0442,0.5867,1,0,1,Status Spoofing,low,-0.044,0.59,2025-10-07 02:29:23.798690319
1759804163.8004313,RTU1,3,0.937,0.045,50.43,257.5,129.1,GOOD,0.0634,0.4255,0,1,1,Status Spoofing,low,-0.063,0.43,2025-10-07 02:29:23.800431252
1759804163.800416,RTU3,9,1.079,0.006,49.48,250.1,136.5,GOOD,0.0789,0.523,0,0,1,Status Spoofing,high,0.079,-0.52,2025-10-07 02:29:23.800415993
1759804163.7888012,RTU2,2,0.996,-0.05,48.92,-325.4,-189.2,GOOD,0.0042,1.0793,1,0,1,Frequency Attack,medium,0.0,-1.08,2025-10-07 02:29:23.788801193
1759804163.8017733,RTU1,1,0.96,-0.092,49.94,311.6,205.3,GOOD,0.0401,0.0576,1,1,1,Measurement Noise,high,-0.04,-0.06,2025-10-07 02:29:23.801773310
1759804163.7981036,RTU4,6,0.908,0.045,50.46,292.9,138.1,GOOD,0.0922,0.4572,0,1,1,Status Spoofing,medium,-0.092,0.46,2025-10-07 02:29:23.798103571
1759804163.7949378,RTU3,1,1.174,-0.034,48.34,-64.8,-11.7,GOOD,0.1743,1.6606,0,0,1,Combined Attack,low,0.174,-1.66,2025-10-07 02:29:23.794937849
1759804163.785477,RTU2,9,1.011,0.021,48.92,-164.4,-88.3,GOOD,0.0114,1.0806,1,0,1,Frequency Attack,medium,0.0,-1.08,2025-10-07 02:29:23.785476923
1759804163.8018866,RTU4,5,1.042,0.132,50.77,472.6,244.9,GOOD,0.042,0.7661,1,0,1,Measurement Noise,high,0.042,0.77,2025-10-07 02:29:23.801886559
1759804163.7908354,RTU1,4,0.768,0.094,48.55,-262.2,-163.0,SUSPECT,0.2321,1.4477,0,0,1,Combined Attack,medium,-0.232,-1.45,2025-10-07 02:29:23.790835381
1759804163.7909467,RTU4,6,1.188,-0.094,51.68,-391.2,-151.9,GOOD,0.1879,1.6846,0,0,1,Combined Attack,high,0.188,1.68,2025-10-07 02:29:23.790946722
1759804163.794233,RTU3,1,0.816,0.031,48.97,322.7,178.2,GOOD,0.1838,1.03,0,0,1,Combined Attack,medium,-0.184,-1.03,2025-10-07 02:29:23.794233084
1759804163.788938,RTU1,9,1.001,0.09,50.57,-152.7,-183.1,SUSPECT,0.001,0.5719,1,0,1,Frequency Attack,medium,0.0,0.57,2025-10-07 02:29:23.788938046
1759804163.7972045,RTU2,4,1.042,0.039,50.55,493.9,93.1,GOOD,0.0425,0.5479,1,0,1,Status Spoofing,low,0.042,0.55,2025-10-07 02:29:23.797204494
1759804163.7924132,RTU2,3,0.665,0.058,49.37,368.1,111.0,INVALID,0.3353,0.6334,0,0,1,Combined Attack,high,-0.335,-0.63,2025-10-07 02:29:23.792413235
1759804163.805821,RTU3,6,0.975,0.034,50.36,-399.9,-38.5,GOOD,0.0253,0.3587,1,1,1,Measurement Noise,low,-0.025,0.36,2025-10-07 02:29:23.805820942
1759804163.7824948,RTU1,8,0.849,-0.097,50.13,327.7,161.5,GOOD,0.1506,0.1256,0,1,1,Voltage Attack,low,-0.151,0.0,2025-10-07 02:29:23.782494783
1759804163.7811894,RTU2,9,0.8,0.066,50.03,266.8,82.0,SUSPECT,0.1999,0.0325,0,1,1,Voltage Attack,high,-0.2,0.0,2025-10-07 02:29:23.781189442
1759804163.7963214,RTU4,9,1.132,0.079,51.6,248.6,102.3,GOOD,0.1318,1.6025,0,0,1,Combined Attack,low,0.132,1.6,2025-10-07 02:29:23.796321392
1759804163.7764044,RTU4,2,1.011,-0.043,50.06,-349.6,-179.6,GOOD,0.0105,0.0637,1,1,0,None,none,,,2025-10-07 02:29:23.776404381
1759804163.803158,RTU1,8,0.995,-0.031,49.9,204.9,243.6,INVALID,0.0054,0.1035,1,1,1,Measurement Noise,low,-0.005,-0.1,2025-10-07 02:29:23.803158045
1759804163.774634,RTU4,8,0.998,-0.054,49.95,317.1,75.8,GOOD,0.0018,0.049,1,1,0,None,none,,,2025-10-07 02:29:23.774633884
1759804163.7856941,RTU3,9,1.007,-0.048,46.6,-123.8,-29.8,SUSPECT,0.0073,3.3974,1,0,1,Frequency Attack,high,0.0,-3.4,2025-10-07 02:29:23.785694122
1759804163.7971494,RTU2,9,0.922,0.005,50.66,-328.5,-60.7,GOOD,0.0775,0.6634,0,0,1,Status Spoofing,high,-0.078,0.66,2025-10-07 02:29:23.797149420
1759804163.802953,RTU3,4,1.011,-0.098,49.76,-145.4,-142.1,GOOD,0.0113,0.2447,1,1,1,Measurement Noise,low,0.011,-0.24,2025-10-07 02:29:23.802953005
1759804163.787785,RTU1,4,0.997,0.019,51.17,-379.1,-162.8,SUSPECT,0.0028,1.1701,1,0,1,Frequency Attack,medium,0.0,1.17,2025-10-07 02:29:23.787785053
1759804163.8046722,RTU1,3,1.004,-0.094,49.65,209.3,-15.5,SUSPECT,0.0038,0.3491,1,1,1,Measurement Noise,low,0.004,-0.35,2025-10-07 02:29:23.804672241
1759804163.7887888,RTU2,6,1.003,-0.025,48.8,163.2,72.6,GOOD,0.0031,1.2048,1,0,1,Frequency Attack,medium,0.0,-1.2,2025-10-07 02:29:23.788788795
1759804163.8049705,RTU1,6,1.019,0.045,50.3,-142.4,-94.2,GOOD,0.0187,0.2972,1,1,1,Measurement Noise,low,0.019,0.3,2025-10-07 02:29:23.804970503
1759804163.778238,RTU2,8,1.007,-0.088,49.88,370.0,27.3,GOOD,0.0067,0.1171,1,1,0,None,none,,,2025-10-07 02:29:23.778238058
1759804163.801078,RTU4,2,1.085,0.025,49.17,-229.7,-38.7,GOOD,0.085,0.8275,0,0,1,Status Spoofing,medium,0.085,-0.83,2025-10-07 02:29:23.801078081
1759804163.7898865,RTU1,3,0.906,0.028,49.43,499.4,189.3,GOOD,0.0939,0.5653,0,0,1,Combined Attack,low,-0.094,-0.57,2025-10-07 02:29:23.789886475
1759804163.7981172,RTU3,10,1.075,0.005,50.54,-183.0,-77.3,GOOD,0.0746,0.5397,0,0,1,Status Spoofing,medium,0.075,0.54,2025-10-07 02:29:23.798117161
1759804163.7880778,RTU4,7,0.997,0.013,49.07,493.9,74.3,SUSPECT,0.0034,0.9257,1,0,1,Frequency Attack,medium,0.0,-0.93,2025-10-07 02:29:23.788077831
1759804163.774788,RTU3,4,0.988,-0.006,49.91,465.8,182.7,GOOD,0.0119,0.0852,1,1,0,None,none,,,2025-10-07 02:29:23.774787903
1759804163.7748964,RTU3,9,0.996,0.083,49.94,-199.9,-179.6,GOOD,0.0039,0.0634,1,1,0,None,none,,,2025-10-07 02:29:23.774896383
1759804163.7767057,RTU4,3,1.003,-0.06,50.03,-120.6,-27.3,GOOD,0.003,0.0343,1,1,0,None,none,,,2025-10-07 02:29:23.776705742
1759804163.7979512,RTU2,5,1.083,-0.066,50.55,-382.4,-198.0,GOOD,0.0829,0.5516,0,0,1,Status Spoofing,high,0.083,0.55,2025-10-07 02:29:23.797951221
1759804163.802801,RTU1,9,1.059,0.002,50.21,330.7,174.6,GOOD,0.0593,0.2085,0,1,1,Measurement Noise,medium,0.059,0.21,2025-10-07 02:29:23.802800894
1759804163.7967122,RTU2,2,1.141,-0.007,48.07,-140.1,-198.9,SUSPECT,0.1407,1.9334,0,0,1,Combined Attack,low,0.141,-1.93,2025-10-07 02:29:23.796712160
1759804163.7784724,RTU4,9,1.001,-0.043,50.1,319.7,186.7,GOOD,0.0011,0.0988,1,1,0,None,none,,,2025-10-07 02:29:23.778472424
1759804163.7836852,RTU2,1,0.872,0.053,49.89,-291.9,-130.5,SUSPECT,0.1283,0.1094,0,1,1,Voltage Attack,low,-0.128,0.0,2025-10-07 02:29:23.783685207
1759804163.8052907,RTU1,1,0.879,-0.065,49.72,-351.1,-210.6,GOOD,0.1207,0.2763,0,1,1,Measurement Noise,high,-0.121,-0.28,2025-10-07 02:29:23.805290699
1759804163.8055615,RTU4,4,1.076,0.032,49.18,-40.0,-145.8,GOOD,0.0765,0.8237,0,0,1,Measurement Noise,medium,0.076,-0.82,2025-10-07 02:29:23.805561543
1759804163.7873156,RTU2,3,1.015,-0.027,51.2,-213.0,-175.4,GOOD,0.015,1.1995,1,0,1,Frequency Attack,medium,0.0,1.2,2025-10-07 02:29:23.787315607
1759804163.7985024,RTU1,1,1.111,-0.04,49.34,-323.8,-51.1,GOOD,0.1113,0.6573,0,0,1,Status Spoofing,high,0.111,-0.66,2025-10-07 02:29:23.798502445
1759804163.776558,RTU1,9,0.988,-0.073,50.19,-101.5,-0.1,GOOD,0.0125,0.1882,1,1,0,None,none,,,2025-10-07 02:29:23.776557922
1759804163.7784371,RTU1,8,0.998,0.065,50.06,-325.0,-104.6,GOOD,0.002,0.0584,1,1,0,None,none,,,2025-10-07 02:29:23.778437138
1759804163.7819853,RTU4,1,0.852,-0.001,49.81,373.4,141.0,SUSPECT,0.1483,0.1949,0,1,1,Voltage Attack,high,-0.148,0.0,2025-10-07 02:29:23.781985283
1759804163.7872667,RTU1,8,1.011,-0.0,47.66,-237.3,-30.6,GOOD,0.0106,2.3381,1,0,1,Frequency Attack,medium,0.0,-2.34,2025-10-07 02:29:23.787266731
1759804163.8064961,RTU2,6,0.993,-0.11,50.81,-347.5,-206.6,GOOD,0.0069,0.809,1,0,1,Measurement Noise,medium,-0.007,0.81,2025-10-07 02:29:23.806496143
1759804163.789308,RTU1,3,1.0,-0.022,52.51,-235.7,-138.2,GOOD,0.0005,2.514,1,0,1,Frequency Attack,high,0.0,2.51,2025-10-07 02:29:23.789308071
1759804163.7802162,RTU1,4,1.111,-0.051,50.03,282.8,0.3,GOOD,0.1114,0.0315,0,1,1,Voltage Attack,low,0.111,0.0,2025-10-07 02:29:23.780216217
1759804163.7812874,RTU4,3,0.856,-0.098,50.06,458.8,18.9,GOOD,0.1435,0.062,0,1,1,Voltage Attack,low,-0.144,0.0,2025-10-07 02:29:23.781287432
1759804163.7975762,RTU3,1,0.909,-0.031,50.41,165.0,68.2,GOOD,0.0909,0.4056,0,1,1,Status Spoofing,high,-0.091,0.41,2025-10-07 02:29:23.797576189
1759804163.796278,RTU3,2,0.884,0.054,48.12,-378.5,-11.4,SUSPECT,0.1159,1.8771,0,0,1,Combined Attack,medium,-0.116,-1.88,2025-10-07 02:29:23.796278000
1759804163.806222,RTU1,6,1.018,-0.008,50.03,443.1,-23.1,GOOD,0.0178,0.0292,1,1,1,Measurement Noise,low,0.018,0.03,2025-10-07 02:29:23.806221962
1759804163.7984114,RTU1,6,0.925,0.044,49.43,-366.6,-28.6,GOOD,0.0748,0.5727,0,0,1,Status Spoofing,low,-0.075,-0.57,2025-10-07 02:29:23.798411369
1759804163.7751646,RTU3,9,0.987,-0.091,49.97,-238.6,-145.3,GOOD,0.0131,0.0272,1,1,0,None,none,,,2025-10-07 02:29:23.775164604
1759804163.7882853,RTU1,2,1.001,-0.099,49.44,-92.3,-35.0,SUSPECT,0.0007,0.5628,1,0,1,Frequency Attack,medium,0.0,-0.56,2025-10-07 02:29:23.788285255
1759804163.7916954,RTU1,5,1.173,0.077,47.27,73.1,104.2,GOOD,0.173,2.7336,0,0,1,Combined Attack,medium,0.173,-2.73,2025-10-07 02:29:23.791695356
1759804163.7812393,RTU4,10,0.939,0.014,49.89,482.1,192.6,SUSPECT,0.0611,0.1083,0,1,1,Voltage Attack,low,-0.061,0.0,2025-10-07 02:29:23.781239271
1759804163.7940311,RTU4,1,1.26,0.072,51.6,106.8,76.4,GOOD,0.2596,1.5956,0,0,1,Combined Attack,high,0.26,1.6,2025-10-07 02:29:23.794031143
1759804163.7902253,RTU2,7,0.771,-0.027,51.27,-328.1,-13.9,GOOD,0.2294,1.269,0,0,1,Combined Attack,medium,-0.229,1.27,2025-10-07 02:29:23.790225267
1759804163.8005707,RTU3,2,0.882,-0.056,51.19,172.5,75.0,GOOD,0.1181,1.1895,0,0,1,Status Spoofing,high,-0.118,1.19,2025-10-07 02:29:23.800570726
1759804163.7851539,RTU4,3,0.995,0.046,47.65,432.2,145.5,GOOD,0.0053,2.3465,1,0,1,Frequency Attack,high,0.0,-2.35,2025-10-07 02:29:23.785153866
1759804163.7765028,RTU1,8,1.031,0.091,50.13,-324.0,-77.5,GOOD,0.0305,0.1337,1,1,0,None,none,,,2025-10-07 02:29:23.776502848
1759804163.778273,RTU2,9,1.001,0.068,49.96,357.3,74.1,GOOD,0.0013,0.0368,1,1,0,None,none,,,2025-10-07 02:29:23.778273106
1759804163.7994473,RTU4,9,1.042,0.089,49.49,454.2,162.4,GOOD,0.0421,0.5107,1,0,1,Status Spoofing,low,0.042,-0.51,2025-10-07 02:29:23.799447298
1759804163.805681,RTU3,7,0.996,0.128,50.3,-94.3,-197.4,GOOD,0.004,0.2987,1,1,1,Measurement Noise,low,-0.004,0.3,2025-10-07 02:29:23.805680990
1759804163.7748199,RTU4,9,1.005,-0.068,50.1,-116.9,-107.4,GOOD,0.0046,0.0985,1,1,0,None,none,,,2025-10-07 02:29:23.774819851
1759804163.7822106,RTU2,7,0.891,-0.011,49.97,-362.5,-148.1,GOOD,0.1094,0.0293,0,1,1,Voltage Attack,high,-0.109,0.0,2025-10-07 02:29:23.782210588
1759804163.7988765,RTU4,4,0.906,0.078,50.94,-243.4,-176.2,GOOD,0.0942,0.9413,0,0,1,Status Spoofing,medium,-0.094,0.94,2025-10-07 02:29:23.798876524
1759804163.8043907,RTU1,2,0.93,0.048,49.25,-186.5,-207.6,SUSPECT,0.0701,0.7464,0,0,1,Measurement Noise,medium,-0.07,-0.75,2025-10-07 02:29:23.804390669
1759804163.7924805,RTU3,10,0.876,0.044,48.47,356.7,70.3,GOOD,0.1239,1.5314,0,0,1,Combined Attack,high,-0.124,-1.53,2025-10-07 02:29:23.792480469
1759804163.788161,RTU4,10,0.99,-0.092,51.43,445.8,10.7,GOOD,0.0097,1.4329,1,0,1,Frequency Attack,low,0.0,1.43,2025-10-07 02:29:23.788161039
1759804163.8003244,RTU2,5,1.099,-0.037,49.22,157.7,30.6,GOOD,0.0993,0.7819,0,0,1,Status Spoofing,medium,0.099,-0.78,2025-10-07 02:29:23.800324440
1759804163.78247,RTU2,5,1.154,0.089,49.94,-171.5,-0.8,GOOD,0.1537,0.0594,0,1,1,Voltage Attack,high,0.154,0.0,2025-10-07 02:29:23.782469988
1759804163.8000505,RTU2,9,0.904,-0.027,50.43,-256.3,-39.5,GOOD,0.0957,0.4331,0,1,1,Status Spoofing,medium,-0.096,0.43,2025-10-07 02:29:23.800050497
1759804163.7768047,RTU4,5,1.009,0.002,49.85,-234.0,-190.4,GOOD,0.0088,0.1535,1,1,0,None,none,,,2025-10-07 02:29:23.776804686
1759804163.7978315,RTU4,10,1.055,0.06,50.58,354.6,196.0,GOOD,0.0548,0.5844,0,0,1,Status Spoofing,medium,0.055,0.58,2025-10-07 02:29:23.797831535
1759804163.7870586,RTU2,4,0.987,-0.003,48.3,-212.7,-49.8,GOOD,0.0126,1.7012,1,0,1,Frequency Attack,medium,0.0,-1.7,2025-10-07 02:29:23.787058592
1759804163.7928715,RTU2,8,1.068,-0.093,49.22,96.6,162.7,GOOD,0.068,0.777,0,0,1,Combined Attack,low,0.068,-0.78,2025-10-07 02:29:23.792871475
1759804163.7869084,RTU2,4,1.0,-0.05,48.65,-139.7,-195.7,GOOD,0.0,1.349,1,0,1,Frequency Attack,medium,0.0,-1.35,2025-10-07 02:29:23.786908388
1759804163.797628,RTU2,5,0.933,-0.022,50.96,250.4,81.2,GOOD,0.0667,0.9632,0,0,1,Status Spoofing,medium,-0.067,0.96,2025-10-07 02:29:23.797627926
1759804163.805215,RTU1,6,1.005,-0.064,49.6,111.5,12.2,SUSPECT,0.0047,0.4009,1,1,1,Measurement Noise,high,0.005,-0.4,2025-10-07 02:29:23.805214882
1759804163.7917094,RTU3,3,1.212,-0.047,49.1,-162.1,-83.3,INVALID,0.2116,0.9002,0,0,1,Combined Attack,medium,0.212,-0.9,2025-10-07 02:29:23.791709423
1759804163.7889779,RTU3,1,1.01,-0.074,52.29,275.9,24.6,INVALID,0.0099,2.2877,1,0,1,Frequency Attack,medium,0.0,2.29,2025-10-07 02:29:23.788977861
1759804163.7821126,RTU4,2,1.242,-0.048,50.06,128.5,110.4,GOOD,0.2416,0.0626,0,1,1,Voltage Attack,high,0.242,0.0,2025-10-07 02:29:23.782112598
1759804163.780927,RTU2,6,1.206,-0.007,49.96,-299.1,-34.3,GOOD,0.2061,0.0375,0,1,1,Voltage Attack,medium,0.206,0.0,2025-10-07 02:29:23.780926943
1759804163.7928245,RTU4,10,1.195,-0.031,49.05,314.9,87.8,SUSPECT,0.1949,0.9548,0,0,1,Combined Attack,medium,0.195,-0.95,2025-10-07 02:29:23.792824507
1759804163.7840407,RTU3,3,1.067,-0.015,49.83,235.3,174.0,GOOD,0.0668,0.1709,0,1,1,Voltage Attack,high,0.067,0.0,2025-10-07 02:29:23.784040689
1759804163.7800357,RTU3,8,1.125,0.003,50.1,-245.8,-16.5,GOOD,0.1252,0.097,0,1,1,Voltage Attack,high,0.125,0.0,2025-10-07 02:29:23.780035734
1759804163.7988641,RTU2,9,0.938,-0.02,50.76,246.2,41.0,GOOD,0.0624,0.7617,0,0,1,Status Spoofing,medium,-0.062,0.76,2025-10-07 02:29:23.798864126
1759804163.797911,RTU4,10,1.072,-0.022,50.78,-321.6,-189.9,GOOD,0.0724,0.7765,0,0,1,Status Spoofing,low,0.072,0.78,2025-10-07 02:29:23.797910929
1759804163.798635,RTU3,8,1.081,-0.028,48.71,195.8,109.4,GOOD,0.0809,1.2944,0,0,1,Status Spoofing,high,0.081,-1.29,2025-10-07 02:29:23.798635006
1759804163.7907465,RTU2,5,1.196,0.045,50.84,244.3,126.0,GOOD,0.1958,0.8439,0,0,1,Combined Attack,low,0.196,0.84,2025-10-07 02:29:23.790746450
1759804163.8007052,RTU2,1,0.92,0.035,49.25,368.6,107.6,GOOD,0.0801,0.7535,0,0,1,Status Spoofing,medium,-0.08,-0.75,2025-10-07 02:29:23.800705194
1759804163.7831068,RTU4,2,0.804,-0.094,50.09,281.1,122.3,GOOD,0.1962,0.0871,0,1,1,Voltage Attack,medium,-0.196,0.0,2025-10-07 02:29:23.783106804
